bucket	static	name	file	line
engine	false	cave_known	reference/src/cave-map.c	633
engine	false	square_isfloor	reference/src/cave-square.c	212
engine	false	square_istrappable	reference/src/cave-square.c	220
engine	false	square_isgranite	reference/src/cave-square.c	245
engine	false	square_ismagma	reference/src/cave-square.c	262
engine	false	square_isquartz	reference/src/cave-square.c	270
engine	false	square_iscloseddoor	reference/src/cave-square.c	321
engine	false	square_isdoor	reference/src/cave-square.c	340
engine	false	square_isstairs	reference/src/cave-square.c	349
engine	false	square_isupstairs	reference/src/cave-square.c	358
engine	false	square_isdownstairs	reference/src/cave-square.c	367
engine	false	square_isoccupied	reference/src/cave-square.c	391
engine	false	square_ismark	reference/src/cave-square.c	424
engine	false	square_isglow	reference/src/cave-square.c	432
engine	false	square_wasseen	reference/src/cave-square.c	474
engine	false	square_isfeel	reference/src/cave-square.c	482
engine	false	square_isinvis	reference/src/cave-square.c	498
engine	false	square_iswall_inner	reference/src/cave-square.c	506
engine	false	square_iswall_solid	reference/src/cave-square.c	522
engine	false	square_ismon_restrict	reference/src/cave-square.c	530
engine	false	square_isno_teleport	reference/src/cave-square.c	538
engine	false	square_isno_map	reference/src/cave-square.c	546
engine	false	square_isproject	reference/src/cave-square.c	562
engine	false	square_is_monster_walkable	reference/src/cave-square.c	655
engine	false	square_isnoflow	reference/src/cave-square.c	738
engine	false	square_isnoscent	reference/src/cave-square.c	746
engine	false	square_isunlockeddoor	reference/src/cave-square.c	791
engine	false	square_issecrettrap	reference/src/cave-square.c	815
engine	false	square_feat	reference/src/cave-square.c	969
engine	false	square_light	reference/src/cave-square.c	975
engine	false	square_excise_pile	reference/src/cave-square.c	1031
engine	false	square_excise_all_imagined	reference/src/cave-square.c	1051
engine	false	square_set_mon	reference/src/cave-square.c	1283
engine	false	square_set_obj	reference/src/cave-square.c	1291
engine	false	square_set_trap	reference/src/cave-square.c	1299
engine	false	square_add_trap	reference/src/cave-square.c	1304
engine	false	square_add_web	reference/src/cave-square.c	1331
engine	false	square_add_door	reference/src/cave-square.c	1347
engine	false	square_close_door	reference/src/cave-square.c	1361
engine	false	square_unlock_door	reference/src/cave-square.c	1377
engine	false	square_destroy_door	reference/src/cave-square.c	1382
engine	false	square_tunnel_wall	reference/src/cave-square.c	1414
engine	false	square_destroy_rubble	reference/src/cave-square.c	1502
engine	false	square_force_floor	reference/src/cave-square.c	1507
engine	false	square_mark	reference/src/cave-square.c	1585
engine	false	get_feat_code_name	reference/src/cave.c	336
engine	false	cave_connectors_free	reference/src/cave.c	381
engine	false	object_lists_check_integrity	reference/src/cave.c	503
engine	false	do_cmd_navigate_down	reference/src/cmd-cave.c	1408
engine	false	do_cmd_navigate_up	reference/src/cmd-cave.c	1454
engine	false	cmd_release	reference/src/cmd-core.c	196
engine	false	cmd_disable_repeat_floor_item	reference/src/cmd-core.c	548
engine	false	cmd_set_arg_choice	reference/src/cmd-core.c	674
engine	false	cmd_set_arg_string	reference/src/cmd-core.c	810
engine	false	cmd_get_arg_string	reference/src/cmd-core.c	823
engine	false	cmd_get_string	reference/src/cmd-core.c	840
engine	false	cmd_set_arg_direction	reference/src/cmd-core.c	873
engine	false	cmd_get_arg_direction	reference/src/cmd-core.c	883
engine	false	cmd_set_arg_target	reference/src/cmd-core.c	931
engine	false	cmd_get_arg_target	reference/src/cmd-core.c	941
engine	false	cmd_set_arg_point	reference/src/cmd-core.c	979
engine	false	cmd_get_arg_point	reference/src/cmd-core.c	989
engine	false	cmd_set_arg_number	reference/src/cmd-core.c	1084
engine	false	cmd_get_quantity	reference/src/cmd-core.c	1108
engine	false	do_cmd_try_borg	reference/src/cmd-misc.c	125
engine	false	do_cmd_read_scroll	reference/src/cmd-obj.c	739
engine	false	do_cmd_eat_food	reference/src/cmd-obj.c	900
engine	false	do_cmd_quaff_potion	reference/src/cmd-obj.c	917
engine	false	do_cmd_cast	reference/src/cmd-obj.c	1113
engine	false	do_cmd_study	reference/src/cmd-obj.c	1245
engine	false	do_cmd_spoil_artifact	reference/src/cmd-spoil.c	28
engine	false	do_cmd_spoil_monster	reference/src/cmd-spoil.c	37
engine	false	do_cmd_spoil_monster_brief	reference/src/cmd-spoil.c	47
engine	false	do_cmd_spoil_obj	reference/src/cmd-spoil.c	56
engine	false	do_cmd_wiz_change_item_quantity	reference/src/cmd-wizard.c	484
engine	false	do_cmd_wiz_collect_disconnect_stats	reference/src/cmd-wizard.c	585
engine	false	do_cmd_wiz_collect_obj_mon_stats	reference/src/cmd-wizard.c	622
engine	false	do_cmd_wiz_collect_pit_stats	reference/src/cmd-wizard.c	671
engine	false	do_cmd_wiz_quit_no_save	reference/src/cmd-wizard.c	2149
engine	false	run_parser	reference/src/datafile.c	45
engine	false	parse_file_quit_not_found	reference/src/datafile.c	71
engine	false	parse_file	reference/src/datafile.c	87
engine	false	cleanup_parser	reference/src/datafile.c	144
engine	false	lookup_flag	reference/src/datafile.c	149
engine	false	grab_base_and_int	reference/src/datafile.c	410
engine	false	grab_name	reference/src/datafile.c	433
engine	false	write_flags	reference/src/datafile.c	482
engine	false	write_mods	reference/src/datafile.c	520
engine	false	write_elements	reference/src/datafile.c	569
engine	false	set_archive_user_prefix	reference/src/datafile.c	617
engine	false	file_archive	reference/src/datafile.c	626
engine	false	randart_file_exists	reference/src/datafile.c	658
engine	false	activate_randart_file	reference/src/datafile.c	673
engine	false	deactivate_randart_file	reference/src/datafile.c	692
engine	false	effect_handler_BOLT_OR_BEAM	reference/src/effect-handler-attack.c	158
engine	false	effect_handler_HEAL_HP	reference/src/effect-handler-attack.c	201
engine	false	effect_handler_MON_HEAL_HP	reference/src/effect-handler-attack.c	254
engine	false	effect_handler_MON_HEAL_KIN	reference/src/effect-handler-attack.c	311
engine	false	effect_handler_BOLT_STATUS	reference/src/effect-handler-attack.c	368
engine	false	effect_handler_BOLT_STATUS_DAM	reference/src/effect-handler-attack.c	383
engine	false	effect_handler_BOLT_AWARE	reference/src/effect-handler-attack.c	398
engine	false	effect_handler_TOUCH_AWARE	reference/src/effect-handler-attack.c	446
engine	false	effect_handler_DAMAGE	reference/src/effect-handler-attack.c	458
engine	false	effect_handler_PROJECT_LOS_AWARE	reference/src/effect-handler-attack.c	1125
engine	false	effect_handler_DESTRUCTION	reference/src/effect-handler-attack.c	1169
engine	false	effect_handler_EARTHQUAKE	reference/src/effect-handler-attack.c	1290
engine	false	effect_handler_TAP_UNLIFE	reference/src/effect-handler-attack.c	1615
engine	false	effect_handler_CURSE	reference/src/effect-handler-attack.c	1665
engine	false	effect_handler_JUMP_AND_BITE	reference/src/effect-handler-attack.c	1710
engine	false	effect_handler_MOVE_ATTACK	reference/src/effect-handler-attack.c	1785
engine	false	effect_handler_SINGLE_COMBAT	reference/src/effect-handler-attack.c	1857
engine	false	effect_handler_MELEE_BLOWS	reference/src/effect-handler-attack.c	1907
engine	false	effect_handler_SWEEP	reference/src/effect-handler-attack.c	1955
engine	false	effect_handler_RANDOM	reference/src/effect-handler-general.c	493
engine	false	effect_handler_NOURISH	reference/src/effect-handler-general.c	501
engine	false	effect_handler_CRUNCH	reference/src/effect-handler-general.c	536
engine	false	effect_handler_CURE	reference/src/effect-handler-general.c	549
engine	false	effect_handler_TIMED_SET	reference/src/effect-handler-general.c	561
engine	false	effect_handler_TIMED_INC	reference/src/effect-handler-general.c	576
engine	false	effect_handler_TIMED_INC_NO_RES	reference/src/effect-handler-general.c	647
engine	false	effect_handler_MON_TIMED_INC	reference/src/effect-handler-general.c	667
engine	false	effect_handler_TIMED_DEC	reference/src/effect-handler-general.c	686
engine	false	effect_handler_GLYPH	reference/src/effect-handler-general.c	700
engine	false	effect_handler_WEB	reference/src/effect-handler-general.c	732
engine	false	effect_handler_RESTORE_STAT	reference/src/effect-handler-general.c	773
engine	false	effect_handler_DRAIN_STAT	reference/src/effect-handler-general.c	803
engine	false	effect_handler_LOSE_RANDOM_STAT	reference/src/effect-handler-general.c	852
engine	false	effect_handler_GAIN_STAT	reference/src/effect-handler-general.c	875
engine	false	effect_handler_RESTORE_EXP	reference/src/effect-handler-general.c	893
engine	false	effect_handler_GAIN_EXP	reference/src/effect-handler-general.c	913
engine	false	effect_handler_DRAIN_LIGHT	reference/src/effect-handler-general.c	928
engine	false	effect_handler_DRAIN_MANA	reference/src/effect-handler-general.c	956
engine	false	effect_handler_RESTORE_MANA	reference/src/effect-handler-general.c	1029
engine	false	effect_handler_RECALL	reference/src/effect-handler-general.c	1093
engine	false	effect_handler_DEEP_DESCENT	reference/src/effect-handler-general.c	1163
engine	false	effect_handler_ALTER_REALITY	reference/src/effect-handler-general.c	1184
engine	false	effect_handler_MAP_AREA	reference/src/effect-handler-general.c	1201
engine	false	effect_handler_READ_MINDS	reference/src/effect-handler-general.c	1286
engine	false	effect_handler_DETECT_TRAPS	reference/src/effect-handler-general.c	1321
engine	false	effect_handler_DETECT_DOORS	reference/src/effect-handler-general.c	1398
engine	false	effect_handler_DETECT_STAIRS	reference/src/effect-handler-general.c	1467
engine	false	effect_handler_DETECT_ORE	reference/src/effect-handler-general.c	1519
engine	false	effect_handler_SENSE_GOLD	reference/src/effect-handler-general.c	1682
engine	false	effect_handler_DETECT_GOLD	reference/src/effect-handler-general.c	1699
engine	false	effect_handler_SENSE_OBJECTS	reference/src/effect-handler-general.c	1725
engine	false	effect_handler_DETECT_OBJECTS	reference/src/effect-handler-general.c	1746
engine	false	effect_handler_DETECT_LIVING_MONSTERS	reference/src/effect-handler-general.c	1833
engine	false	effect_handler_DETECT_VISIBLE_MONSTERS	reference/src/effect-handler-general.c	1854
engine	false	effect_handler_DETECT_INVISIBLE_MONSTERS	reference/src/effect-handler-general.c	1874
engine	false	effect_handler_DETECT_FEARFUL_MONSTERS	reference/src/effect-handler-general.c	1893
engine	false	effect_handler_DETECT_EVIL	reference/src/effect-handler-general.c	1911
engine	false	effect_handler_DETECT_SOUL	reference/src/effect-handler-general.c	1929
engine	false	effect_handler_IDENTIFY	reference/src/effect-handler-general.c	1945
engine	false	effect_handler_CREATE_STAIRS	reference/src/effect-handler-general.c	1975
engine	false	effect_handler_DISENCHANT	reference/src/effect-handler-general.c	2003
engine	false	effect_handler_ENCHANT	reference/src/effect-handler-general.c	2095
engine	false	effect_handler_RECHARGE	reference/src/effect-handler-general.c	2127
engine	false	effect_handler_ACQUIRE	reference/src/effect-handler-general.c	2194
engine	false	effect_handler_WAKE	reference/src/effect-handler-general.c	2205
engine	false	effect_handler_BANISH	reference/src/effect-handler-general.c	2337
engine	false	effect_handler_MASS_BANISH	reference/src/effect-handler-general.c	2401
engine	false	effect_handler_PROBE	reference/src/effect-handler-general.c	2451
engine	false	effect_handler_TELEPORT	reference/src/effect-handler-general.c	2507
engine	false	effect_handler_TELEPORT_TO	reference/src/effect-handler-general.c	2703
engine	false	effect_handler_TELEPORT_LEVEL	reference/src/effect-handler-general.c	2834
engine	false	effect_handler_RUBBLE	reference/src/effect-handler-general.c	2939
engine	false	effect_handler_GRANITE	reference/src/effect-handler-general.c	2991
engine	false	effect_handler_LIGHT_LEVEL	reference/src/effect-handler-general.c	3003
engine	false	effect_handler_DARKEN_LEVEL	reference/src/effect-handler-general.c	3013
engine	false	effect_handler_LIGHT_AREA	reference/src/effect-handler-general.c	3026
engine	false	effect_handler_DARKEN_AREA	reference/src/effect-handler-general.c	3044
engine	false	effect_handler_CURSE_ARMOR	reference/src/effect-handler-general.c	3103
engine	false	effect_handler_CURSE_WEAPON	reference/src/effect-handler-general.c	3167
engine	false	effect_handler_BRAND_WEAPON	reference/src/effect-handler-general.c	3233
engine	false	effect_handler_BRAND_AMMO	reference/src/effect-handler-general.c	3251
engine	false	effect_handler_BRAND_BOLTS	reference/src/effect-handler-general.c	3284
engine	false	effect_handler_CREATE_ARROWS	reference/src/effect-handler-general.c	3315
engine	false	effect_handler_TAP_DEVICE	reference/src/effect-handler-general.c	3370
engine	false	effect_handler_SHAPECHANGE	reference/src/effect-handler-general.c	3449
engine	false	effect_handler_COMMAND	reference/src/effect-handler-general.c	3479
engine	false	effect_handler_BIZARRE	reference/src/effect-handler-general.c	3516
engine	false	effect_handler_SELECT	reference/src/effect-handler-general.c	3601
engine	false	effect_handler_SET_VALUE	reference/src/effect-handler-general.c	3613
engine	false	effect_handler_CLEAR_VALUE	reference/src/effect-handler-general.c	3623
engine	false	effect_handler_SCRAMBLE_STATS	reference/src/effect-handler-general.c	3634
engine	false	effect_handler_UNSCRAMBLE_STATS	reference/src/effect-handler-general.c	3646
engine	false	free_effect	reference/src/effects.c	68
engine	false	event_signal_flag	reference/src/game-event.c	145
engine	false	event_signal_point	reference/src/game-event.c	154
engine	false	event_signal_string	reference/src/game-event.c	164
engine	false	event_signal_message	reference/src/game-event.c	172
engine	false	event_signal_birthpoints	reference/src/game-event.c	192
engine	false	event_signal_blast	reference/src/game-event.c	204
engine	false	event_signal_bolt	reference/src/game-event.c	225
engine	false	event_signal_missile	reference/src/game-event.c	248
engine	false	event_signal_size	reference/src/game-event.c	263
engine	false	event_signal_tunnel	reference/src/game-event.c	272
engine	false	get_point	reference/src/game-input.c	156
engine	false	get_spell_from_book	reference/src/game-input.c	168
engine	false	get_spell	reference/src/game-input.c	199
engine	false	map_is_visible	reference/src/game-input.c	322
engine	false	view_ability_menu	reference/src/game-input.c	334
engine	false	level_by_name	reference/src/game-world.c	95
engine	false	chunk_list_add	reference/src/gen-chunk.c	69
engine	false	chunk_find	reference/src/gen-chunk.c	130
engine	false	build_template	reference/src/gen-room.c	2972
engine	false	build_interesting	reference/src/gen-room.c	2988
engine	false	build_lesser_vault	reference/src/gen-room.c	3001
engine	false	build_lesser_new_vault	reference/src/gen-room.c	3014
engine	false	build_medium_vault	reference/src/gen-room.c	3027
engine	false	build_medium_new_vault	reference/src/gen-room.c	3040
engine	false	build_greater_vault	reference/src/gen-room.c	3112
engine	false	build_greater_new_vault	reference/src/gen-room.c	3125
engine	false	cave_find_reset	reference/src/gen-util.c	187
engine	false	dump_level_simple	reference/src/gen-util.c	951
engine	false	dump_level	reference/src/gen-util.c	987
engine	false	dump_level_header	reference/src/gen-util.c	1038
engine	false	dump_level_body	reference/src/gen-util.c	1069
engine	false	dump_level_footer	reference/src/gen-util.c	1138
engine	false	init_parse_vault	reference/src/generate.c	595
engine	false	get_room_builder_count	reference/src/generate.c	1561
engine	false	get_room_builder_index_from_name	reference/src/generate.c	1570
engine	false	get_room_builder_name_from_index	reference/src/generate.c	1590
engine	false	get_level_profile_index_from_name	reference/src/generate.c	1600
engine	false	get_level_profile_name_from_index	reference/src/generate.c	1612
engine	false	init_graphics_modes	reference/src/grafmode.c	175
engine	false	close_graphics_modes	reference/src/grafmode.c	216
engine	false	guid_eq	reference/src/guid.c	22
engine	false	rd_options	reference/src/load.c	424
engine	false	rd_object_memory	reference/src/load.c	548
engine	false	rd_quests	reference/src/load.c	623
engine	false	rd_player	reference/src/load.c	651
engine	false	rd_ignore	reference/src/load.c	846
engine	false	rd_misc	reference/src/load.c	951
engine	false	rd_artifacts	reference/src/load.c	1036
engine	false	rd_player_hp	reference/src/load.c	1066
engine	false	rd_player_spells	reference/src/load.c	1089
engine	false	rd_gear	reference/src/load.c	1167
engine	false	rd_dungeon	reference/src/load.c	1508
engine	false	rd_objects	reference/src/load.c	1562
engine	false	rd_monsters	reference/src/load.c	1575
engine	false	rd_chunks	reference/src/load.c	1623
engine	false	rd_history	reference/src/load.c	1715
engine	false	rd_null	reference/src/load.c	1766
engine	false	VblankHandler	reference/src/main-nds-arm7.c	35
engine	false	powerButtonCB	reference/src/main-nds-arm7.c	44
engine	false	init_spoil	reference/src/main-spoil.c	169
frontend	false	init_sound_win	reference/src/main-win.c	1354
frontend	false	Term_mbstowcs_win	reference/src/main-win.c	2364
frontend	false	Term_wcsz_win	reference/src/main-win.c	2401
frontend	false	Term_wctomb_win	reference/src/main-win.c	2418
frontend	false	Term_iswprint_win	reference/src/main-win.c	2439
frontend	false	AngbandSaverProc	reference/src/main-win.c	4952
frontend	false	WinMain	reference/src/main-win.c	5298
engine	false	init_xxx	reference/src/main-xxx.c	619
engine	false	messages_init	reference/src/message.c	72
engine	false	messages_free	reference/src/message.c	81
engine	false	message_lookup_by_sound_name	reference/src/message.c	325
engine	false	message_sound_name	reference/src/message.c	349
engine	false	blow_index	reference/src/mon-blows.c	174
engine	false	melee_handler_for_blow_effect	reference/src/mon-blows.c	1191
engine	false	monster_group_free	reference/src/mon-group.c	39
engine	false	monster_list_free	reference/src/mon-list.c	53
engine	false	monster_list_init	reference/src/mon-list.c	75
engine	false	monster_list_finalize	reference/src/mon-list.c	83
engine	false	monster_list_shared_instance	reference/src/mon-list.c	91
engine	false	lore_save	reference/src/mon-lore.c	1904
engine	false	message_pain_show_damage	reference/src/mon-msg.c	132
engine	false	add_monster_message_show_damage	reference/src/mon-msg.c	288
engine	false	show_monster_messages	reference/src/mon-msg.c	511
engine	false	lookup_monster_base	reference/src/mon-util.c	146
engine	false	match_monster_bases	reference/src/mon-util.c	166
engine	false	init_parse_chest_trap	reference/src/obj-chest.c	242
engine	false	object_base_name	reference/src/obj-desc.c	31
engine	false	slot_type_is	reference/src/obj-gear.c	103
engine	false	object_slot	reference/src/obj-gear.c	137
engine	false	equip_describe	reference/src/obj-gear.c	320
engine	false	pack_is_full	reference/src/obj-gear.c	1328
engine	false	pack_is_overfull	reference/src/obj-gear.c	1337
engine	false	ignore_birth_init	reference/src/obj-ignore.c	143
engine	false	rune_autoinscribe	reference/src/obj-ignore.c	193
engine	false	autoinscribe_ground	reference/src/obj-ignore.c	340
engine	false	autoinscribe_pack	reference/src/obj-ignore.c	352
engine	false	rune_name	reference/src/obj-knowledge.c	325
engine	false	rune_set_note	reference/src/obj-knowledge.c	414
engine	false	object_element_is_known	reference/src/obj-knowledge.c	795
engine	false	player_learn_flag	reference/src/obj-knowledge.c	1379
engine	false	object_list_free	reference/src/obj-list.c	56
engine	false	object_list_init	reference/src/obj-list.c	77
engine	false	object_list_finalize	reference/src/obj-list.c	85
engine	false	object_list_shared_instance	reference/src/obj-list.c	93
engine	false	pile_last_item	reference/src/obj-pile.c	248
engine	false	pile_contains	reference/src/obj-pile.c	268
engine	false	object_free	reference/src/obj-pile.c	294
engine	false	object_pile_free	reference/src/obj-pile.c	366
engine	false	scan_distant_floor	reference/src/obj-pile.c	1334
engine	false	scan_items	reference/src/obj-pile.c	1376
engine	false	item_is_available	reference/src/obj-pile.c	1426
engine	false	brand_count	reference/src/obj-slays.c	223
engine	false	slay_count	reference/src/obj-slays.c	244
engine	false	tval_is_mushroom_k	reference/src/obj-tval.c	64
engine	false	tval_is_money_k	reference/src/obj-tval.c	99
engine	false	tval_is_bolt	reference/src/obj-tval.c	165
engine	false	tval_is_book_k	reference/src/obj-tval.c	339
engine	false	tval_sval_count	reference/src/obj-tval.c	429
engine	false	tval_sval_list	reference/src/obj-tval.c	451
engine	false	object_test	reference/src/obj-util.c	386
engine	false	lookup_artifact_name	reference/src/obj-util.c	520
engine	false	lookup_ego_item	reference/src/obj-util.c	549
engine	false	object_short_name	reference/src/obj-util.c	607
engine	false	obj_is_activatable	reference/src/obj-util.c	721
engine	false	obj_can_cast_from	reference/src/obj-util.c	780
engine	false	obj_can_study	reference/src/obj-util.c	786
engine	false	obj_can_wear	reference/src/obj-util.c	810
engine	false	obj_is_throwing	reference/src/obj-util.c	824
engine	false	obj_is_known_artifact	reference/src/obj-util.c	832
engine	false	obj_has_flag	reference/src/obj-util.c	846
engine	false	obj_is_useable	reference/src/obj-util.c	867
engine	false	option_type_name	reference/src/option.c	84
engine	false	option_desc	reference/src/option.c	129
engine	false	option_type	reference/src/option.c	138
engine	false	options_save_custom	reference/src/option.c	213
engine	false	options_restore_custom	reference/src/option.c	267
engine	false	clean_options	reference/src/option.c	359
engine	false	parser_new	reference/src/parser.c	99
engine	false	parser_priv	reference/src/parser.c	364
engine	false	parser_setpriv	reference/src/parser.c	373
engine	false	parser_destroy	reference/src/parser.c	412
engine	false	parser_hasval	reference/src/parser.c	535
engine	false	parser_getsym	reference/src/parser.c	558
engine	false	parser_getint	reference/src/parser.c	567
engine	false	parser_getuint	reference/src/parser.c	576
engine	false	parser_getstr	reference/src/parser.c	585
engine	false	parser_getchar	reference/src/parser.c	603
engine	false	parser_getstate	reference/src/parser.c	613
engine	false	parser_setstate	reference/src/parser.c	624
engine	false	get_parser_error_limit	reference/src/parser.c	637
engine	false	player_make_simple	reference/src/player-birth.c	522
engine	false	do_cmd_birth_reset	reference/src/player-birth.c	1086
engine	false	do_cmd_choose_class	reference/src/player-birth.c	1105
engine	false	do_cmd_buy_stat	reference/src/player-birth.c	1116
engine	false	do_cmd_sell_stat	reference/src/player-birth.c	1127
engine	false	do_cmd_reset_stats	reference/src/player-birth.c	1138
engine	false	do_cmd_refresh_stats	reference/src/player-birth.c	1152
engine	false	do_cmd_choose_name	reference/src/player-birth.c	1210
engine	false	track_object	reference/src/player-calcs.c	2491
engine	false	track_object_kind	reference/src/player-calcs.c	2501
engine	false	track_object_cancel	reference/src/player-calcs.c	2511
engine	false	tracked_object_is	reference/src/player-calcs.c	2521
engine	false	redraw_stuff	reference/src/player-calcs.c	2678
engine	false	release_pfdistances	reference/src/player-path.c	595
engine	false	init_parse_quest	reference/src/player-quest.c	76
engine	false	player_spells_free	reference/src/player-spell.c	158
engine	false	spell_okay_list	reference/src/player-spell.c	320
engine	false	player_get_recall_depth	reference/src/player-util.c	100
engine	false	lookup_player_shape	reference/src/player-util.c	971
engine	false	player_shape_by_idx	reference/src/player-util.c	1000
engine	false	player_can_read	reference/src/player-util.c	1166
engine	false	player_can_fire	reference/src/player-util.c	1206
engine	false	player_can_refuel	reference/src/player-util.c	1227
engine	false	player_can_cast_prereq	reference/src/player-util.c	1246
engine	false	player_can_study_prereq	reference/src/player-util.c	1255
engine	false	player_can_read_prereq	reference/src/player-util.c	1264
engine	false	player_can_fire_prereq	reference/src/player-util.c	1278
engine	false	player_can_refuel_prereq	reference/src/player-util.c	1287
engine	false	player_get_resting_repeat_count	reference/src/player-util.c	1530
engine	false	player_set_resting_repeat_count	reference/src/player-util.c	1541
engine	false	player_has_monster_in_view	reference/src/player-util.c	1721
engine	false	stat_idx_to_name	reference/src/player.c	122
engine	false	player_restore_mana	reference/src/player.c	351
engine	false	player_random_name	reference/src/player.c	375
engine	false	player_cleanup_members	reference/src/player.c	430
engine	false	proj_idx_to_name	reference/src/project.c	71
engine	false	save_charoutput	reference/src/save-charoutput.c	25
engine	false	wr_description	reference/src/save.c	49
engine	false	wr_options	reference/src/save.c	314
engine	false	wr_monster_memory	reference/src/save.c	356
engine	false	wr_object_memory	reference/src/save.c	377
engine	false	wr_quests	reference/src/save.c	405
engine	false	wr_ignore	reference/src/save.c	514
engine	false	wr_misc	reference/src/save.c	610
engine	false	wr_artifacts	reference/src/save.c	674
engine	false	wr_player_hp	reference/src/save.c	692
engine	false	wr_player_spells	reference/src/save.c	702
engine	false	wr_gear	reference/src/save.c	737
engine	false	wr_dungeon	reference/src/save.c	959
engine	false	wr_objects	reference/src/save.c	980
engine	false	wr_monsters	reference/src/save.c	986
engine	false	wr_traps	reference/src/save.c	992
engine	false	wr_history	reference/src/save.c	1048
engine	false	savefile_save	reference/src/savefile.c	384
engine	false	savefile_get_description	reference/src/savefile.c	598
engine	false	savefile_get_panic_name	reference/src/savefile.c	671
engine	false	init_sound_sdl	reference/src/snd-sdl.c	259
engine	false	print_sound_help	reference/src/sound-core.c	431
engine	false	store_ownerbyidx	reference/src/store.c	1467
engine	false	square_free_trap	reference/src/trap.c	114
ui	false	textui_do_birth	reference/src/ui-birth.c	1599
ui	false	ui_init_birthstate_handlers	reference/src/ui-birth.c	1785
ui	false	do_cmd_xxx_options	reference/src/ui-command.c	124
ui	false	do_cmd_unknown	reference/src/ui-command.c	134
ui	false	context_menu_command	reference/src/ui-context.c	953
ui	false	textui_action_menu_choose	reference/src/ui-context.c	1272
ui	false	textui_get_curse	reference/src/ui-curse.c	156
ui	false	allow_animations	reference/src/ui-display.c	1476
ui	false	disallow_animations	reference/src/ui-display.c	1484
ui	false	idle_update	reference/src/ui-display.c	1501
ui	false	toggle_inven_equip	reference/src/ui-display.c	1775
ui	false	subwindows_set_flags	reference/src/ui-display.c	2371
ui	false	init_display	reference/src/ui-display.c	2887
ui	false	textui_get_effect_from_list	reference/src/ui-effect.c	162
ui	false	ui_entry_combiner_get_funcs	reference/src/ui-entry-combiner.c	140
ui	false	ui_entry_renderer_get_min_index	reference/src/ui-entry-renderers.c	188
ui	false	ui_entry_renderer_get_index_limit	reference/src/ui-entry-renderers.c	201
ui	false	ui_entry_renderer_get_name	reference/src/ui-entry-renderers.c	212
ui	false	ui_entry_renderer_query_value_width	reference/src/ui-entry-renderers.c	246
ui	false	ui_entry_renderer_query_combined_width	reference/src/ui-entry-renderers.c	265
ui	false	ui_entry_renderer_query_combiner	reference/src/ui-entry-renderers.c	288
ui	false	ui_entry_renderer_customize	reference/src/ui-entry-renderers.c	331
ui	false	ui_entry_renderer_get_colors	reference/src/ui-entry-renderers.c	381
ui	false	ui_entry_renderer_get_label_colors	reference/src/ui-entry-renderers.c	401
ui	false	ui_entry_renderer_get_symbols	reference/src/ui-entry-renderers.c	420
ui	false	bind_object_property_to_ui_entry_by_name	reference/src/ui-entry.c	212
ui	false	bind_player_ability_to_ui_entry_by_name	reference/src/ui-entry.c	269
ui	false	ui_entry_has_category	reference/src/ui-entry.c	315
ui	false	initialize_ui_entry_iterator_const	reference/src/ui-entry.c	459
ui	false	release_ui_entry_iterator	reference/src/ui-entry.c	528
ui	false	reset_ui_entry_iterator	reference/src/ui-entry.c	539
ui	false	count_ui_entry_iterator	reference/src/ui-entry.c	549
ui	false	advance_ui_entry_iterator	reference/src/ui-entry.c	559
ui	false	get_ui_entry_combiner_index	reference/src/ui-entry.c	571
ui	false	get_ui_entry_renderer_index	reference/src/ui-entry.c	581
ui	false	release_cached_object_data	reference/src/ui-entry.c	1179
ui	false	release_cached_player_data	reference/src/ui-entry.c	1188
ui	false	keycode_find_code	reference/src/ui-event.c	67
ui	false	keycode_find_desc	reference/src/ui-event.c	81
ui	false	keycode_isprint	reference/src/ui-event.c	95
ui	false	keypress_from_text	reference/src/ui-event.c	118
ui	false	keypress_to_text	reference/src/ui-event.c	233
ui	false	keypress_to_readable	reference/src/ui-event.c	302
ui	false	event_is_key	reference/src/ui-event.c	364
ui	false	event_is_mouse	reference/src/ui-event.c	372
ui	false	event_is_mouse_m	reference/src/ui-event.c	381
ui	false	cmd_init	reference/src/ui-game.c	374
ui	false	cmd_lookup_key_unktrl	reference/src/ui-game.c	461
ui	false	cmd_list_lookup_by_name	reference/src/ui-game.c	489
ui	false	textui_process_command	reference/src/ui-game.c	515
ui	false	textui_get_cmd	reference/src/ui-game.c	630
ui	false	check_for_player_interrupt	reference/src/ui-game.c	645
ui	false	play_game	reference/src/ui-game.c	922
ui	false	savefile_set_name	reference/src/ui-game.c	985
ui	false	savefile_name_already_used	reference/src/ui-game.c	1016
ui	false	save_game_checked	reference/src/ui-game.c	1046
ui	false	got_savefile	reference/src/ui-game.c	1203
ui	false	got_savefile_dir	reference/src/ui-game.c	1278
ui	false	get_savefile_details	reference/src/ui-game.c	1291
ui	false	cleanup_savefile_getter	reference/src/ui-game.c	1300
ui	false	inkey_ex	reference/src/ui-input.c	166
ui	false	inkey_m	reference/src/ui-input.c	357
ui	false	bell_message	reference/src/ui-input.c	600
ui	false	message_flush	reference/src/ui-input.c	612
ui	false	clear_from	reference/src/ui-input.c	644
ui	false	askfor_aux_keypress	reference/src/ui-input.c	662
ui	false	askfor_aux_mouse	reference/src/ui-input.c	831
ui	false	askfor_aux	reference/src/ui-input.c	860
ui	false	askfor_aux_ext	reference/src/ui-input.c	949
ui	false	get_character_name	reference/src/ui-input.c	1145
ui	false	get_char	reference/src/ui-input.c	1300
ui	false	pause_line	reference/src/ui-input.c	1452
ui	false	textui_input_init	reference/src/ui-input.c	1789
ui	false	key_confirm_command	reference/src/ui-input.c	1995
ui	false	textui_process_key	reference/src/ui-input.c	2026
ui	false	keymap_free	reference/src/ui-keymap.c	147
ui	false	keymap_dump	reference/src/ui-keymap.c	166
ui	false	textui_knowledge_init	reference/src/ui-knowledge.c	3710
ui	false	textui_knowledge_cleanup	reference/src/ui-knowledge.c	3739
ui	false	textui_browse_knowledge	reference/src/ui-knowledge.c	3751
ui	false	do_cmd_itemlist	reference/src/ui-knowledge.c	4656
ui	false	move_cursor_relative	reference/src/ui-map.c	456
ui	false	print_rel	reference/src/ui-map.c	581
ui	false	prt_map	reference/src/ui-map.c	706
ui	false	menu_refresh	reference/src/ui-menu.c	588
ui	false	menu_handle_mouse	reference/src/ui-menu.c	628
ui	false	menu_handle_keypress	reference/src/ui-menu.c	691
ui	false	menu_find_iter	reference/src/ui-menu.c	845
ui	false	menu_set_filter	reference/src/ui-menu.c	880
ui	false	menu_release_filter	reference/src/ui-menu.c	888
ui	false	menu_ensure_cursor_valid	reference/src/ui-menu.c	897
ui	false	menu_layout	reference/src/ui-menu.c	945
ui	false	menu_setpriv	reference/src/ui-menu.c	951
ui	false	menu_priv	reference/src/ui-menu.c	959
ui	false	menu_init	reference/src/ui-menu.c	964
ui	false	menu_new	reference/src/ui-menu.c	980
ui	false	menu_new_action	reference/src/ui-menu.c	987
ui	false	menu_free	reference/src/ui-menu.c	994
ui	false	menu_set_cursor_x_offset	reference/src/ui-menu.c	999
ui	false	menu_dynamic_new	reference/src/ui-menu.c	1056
ui	false	menu_dynamic_add_valid	reference/src/ui-menu.c	1063
ui	false	menu_dynamic_add	reference/src/ui-menu.c	1090
ui	false	menu_dynamic_add_label_valid	reference/src/ui-menu.c	1095
ui	false	menu_dynamic_add_label	reference/src/ui-menu.c	1103
ui	false	menu_dynamic_longest_entry	reference/src/ui-menu.c	1108
ui	false	menu_dynamic_calc_location	reference/src/ui-menu.c	1124
ui	false	menu_dynamic_select	reference/src/ui-menu.c	1151
ui	false	menu_dynamic_free	reference/src/ui-menu.c	1168
ui	false	monster_list_show_subwindow	reference/src/ui-mon-list.c	349
ui	false	monster_list_force_subwindow_update	reference/src/ui-mon-list.c	465
ui	false	lore_show_subwindow	reference/src/ui-mon-lore.c	185
ui	false	object_list_show_subwindow	reference/src/ui-obj-list.c	307
ui	false	show_inven	reference/src/ui-object.c	476
ui	false	show_quiver	reference/src/ui-object.c	519
ui	false	show_equip	reference/src/ui-object.c	544
ui	false	get_item_allow	reference/src/ui-object.c	634
ui	false	display_object_recall	reference/src/ui-object.c	1613
ui	false	display_object_kind_recall	reference/src/ui-object.c	1631
ui	false	display_object_recall_interactive	reference/src/ui-object.c	1652
ui	false	cleanup_options	reference/src/ui-options.c	2086
ui	false	region_calculate	reference/src/ui-output.c	35
ui	false	region_erase_bordered	reference/src/ui-output.c	52
ui	false	region_inside	reference/src/ui-output.c	75
ui	false	textui_textblock_place	reference/src/ui-output.c	124
ui	false	textui_textblock_show	reference/src/ui-output.c	155
ui	false	text_out_to_screen	reference/src/ui-output.c	252
ui	false	screen_load_all	reference/src/ui-output.c	449
ui	false	textui_map_is_visible	reference/src/ui-output.c	456
ui	false	panel_should_modify	reference/src/ui-output.c	497
ui	false	textui_get_panel	reference/src/ui-output.c	677
ui	false	textui_panel_contains	reference/src/ui-output.c	689
ui	false	dump_monsters	reference/src/ui-prefs.c	178
ui	false	dump_objects	reference/src/ui-prefs.c	197
ui	false	dump_autoinscriptions	reference/src/ui-prefs.c	218
ui	false	dump_features	reference/src/ui-prefs.c	239
ui	false	dump_flavors	reference/src/ui-prefs.c	279
ui	false	dump_colors	reference/src/ui-prefs.c	295
ui	false	dump_ui_entry_renderers	reference/src/ui-prefs.c	323
ui	false	option_dump	reference/src/ui-prefs.c	352
ui	false	prefs_save	reference/src/ui-prefs.c	391
ui	false	parse_prefs_dummy	reference/src/ui-prefs.c	1124
ui	false	process_pref_file_command	reference/src/ui-prefs.c	1185
ui	false	reset_visuals	reference/src/ui-prefs.c	1352
ui	false	textui_prefs_init	reference/src/ui-prefs.c	1427
ui	false	textui_prefs_free	reference/src/ui-prefs.c	1456
ui	false	find_first_subwindow	reference/src/ui-prefs.c	1504
ui	false	show_scores	reference/src/ui-score.c	221
ui	false	signals_protect	reference/src/ui-signals.c	287
ui	false	signals_init	reference/src/ui-signals.c	343
ui	false	signals_protect	reference/src/ui-signals.c	439
ui	false	signals_init	reference/src/ui-signals.c	448
ui	false	signals_perform_deferred_suspend	reference/src/ui-signals.c	460
ui	false	textui_get_spell_from_book	reference/src/ui-spell.c	354
ui	false	textui_get_spell	reference/src/ui-spell.c	379
ui	false	do_cmd_spoilers	reference/src/ui-spoil.c	59
ui	false	enter_store	reference/src/ui-store.c	1255
ui	false	leave_store	reference/src/ui-store.c	1314
ui	false	textui_target_closest	reference/src/ui-target.c	1037
ui	false	Term_redraw_all	reference/src/ui-term.c	443
ui	false	Term_queue_char	reference/src/ui-term.c	551
ui	false	Term_big_queue_char	reference/src/ui-term.c	640
ui	false	Term_queue_chars	reference/src/ui-term.c	693
ui	false	Term_mark	reference/src/ui-term.c	1569
ui	false	Term_fresh	reference/src/ui-term.c	1712
ui	false	Term_set_cursor	reference/src/ui-term.c	1998
ui	false	Term_draw	reference/src/ui-term.c	2042
ui	false	Term_addch	reference/src/ui-term.c	2078
ui	false	Term_addstr	reference/src/ui-term.c	2124
ui	false	Term_big_putch	reference/src/ui-term.c	2193
ui	false	Term_erase	reference/src/ui-term.c	2259
ui	false	Term_redraw_section	reference/src/ui-term.c	2399
ui	false	Term_get_cursor	reference/src/ui-term.c	2453
ui	false	Term_get_size	reference/src/ui-term.c	2466
ui	false	Term_locate	reference/src/ui-term.c	2477
ui	false	Term_what	reference/src/ui-term.c	2496
ui	false	Term_flush	reference/src/ui-term.c	2524
ui	false	Term_keypress	reference/src/ui-term.c	2557
ui	false	Term_event_push	reference/src/ui-term.c	2648
ui	false	Term_inkey	reference/src/ui-term.c	2686
ui	false	Term_save	reference/src/ui-term.c	2748
ui	false	Term_load	reference/src/ui-term.c	2782
ui	false	Term_load_all	reference/src/ui-term.c	2837
ui	false	Term_resize	reference/src/ui-term.c	2892
ui	false	Term_activate	reference/src/ui-term.c	3072
ui	false	term_nuke	reference/src/ui-term.c	3107
ui	false	term_init	reference/src/ui-term.c	3170
ui	false	big_pad	reference/src/ui-term.c	3234
ui	false	Term_get_first_tile_row	reference/src/ui-term.c	3248
ui	false	wiz_proj_demo	reference/src/ui-wizard.c	78
ui	false	wiz_display_keylog	reference/src/ui-wizard.c	99
ui	false	wiz_create_item	reference/src/ui-wizard.c	377
ui	false	wiz_confirm_quit_no_save	reference/src/ui-wizard.c	432
ui	false	wiz_create_nonartifact	reference/src/ui-wizard.c	452
ui	false	wiz_acquire_good	reference/src/ui-wizard.c	461
ui	false	wiz_acquire_great	reference/src/ui-wizard.c	471
ui	false	wiz_create_all_for_tval	reference/src/ui-wizard.c	482
ui	false	wiz_learn_all_object_kinds	reference/src/ui-wizard.c	492
ui	false	wiz_phase_door	reference/src/ui-wizard.c	502
ui	false	wiz_teleport	reference/src/ui-wizard.c	512
frontend	false	ReadDIB	reference/src/win/readdib.c	177
frontend	false	FreeDIB	reference/src/win/readdib.c	332
frontend	false	ReadDIB2_PNG	reference/src/win/readpng.c	54
frontend	false	SaveWindow_PNG	reference/src/win/scrnshot.c	38
frontend	false	default_layout_win	reference/src/win/win-layout.c	41
engine	false	stats_are_enabled	reference/src/wiz-stats.c	1652
engine	false	stats_are_enabled	reference/src/wiz-stats.c	3162
engine	false	stat_grid_counter	reference/src/wiz-stats.c	3205
engine	false	stat_grid_counter_simple	reference/src/wiz-stats.c	3334
zlib	false	flag_has_dbg	reference/src/z-bitflag.c	43
zlib	false	flag_on_dbg	reference/src/z-bitflag.c	213
zlib	false	build_gamma_table	reference/src/z-color.c	320
zlib	false	safe_setuid_drop	reference/src/z-file.c	77
zlib	false	safe_setuid_grab	reference/src/z-file.c	98
zlib	false	path_build	reference/src/z-file.c	176
zlib	false	path_normalize	reference/src/z-file.c	221
zlib	false	path_filename_index	reference/src/z-file.c	781
zlib	false	file_delete	reference/src/z-file.c	837
zlib	false	file_move	reference/src/z-file.c	850
zlib	false	file_get_savefile	reference/src/z-file.c	909
zlib	false	file_get_tempfile	reference/src/z-file.c	937
zlib	false	file_newer	reference/src/z-file.c	952
zlib	false	file_open	reference/src/z-file.c	981
zlib	false	file_close	reference/src/z-file.c	1036
zlib	false	file_lock	reference/src/z-file.c	1054
zlib	false	file_unlock	reference/src/z-file.c	1070
zlib	false	file_skip	reference/src/z-file.c	1089
zlib	false	file_readc	reference/src/z-file.c	1097
zlib	false	file_writec	reference/src/z-file.c	1111
zlib	false	file_read	reference/src/z-file.c	1119
zlib	false	file_write	reference/src/z-file.c	1132
zlib	false	file_getl	reference/src/z-file.c	1149
zlib	false	file_put	reference/src/z-file.c	1208
zlib	false	file_vputf	reference/src/z-file.c	1245
zlib	false	dir_exists	reference/src/z-file.c	1256
zlib	false	dir_create	reference/src/z-file.c	1272
zlib	false	dir_create	reference/src/z-file.c	1315
zlib	false	my_dopen	reference/src/z-file.c	1339
zlib	false	alter_ang_dir_only_files	reference/src/z-file.c	1364
zlib	false	my_dread	reference/src/z-file.c	1372
zlib	false	my_dclose	reference/src/z-file.c	1416
zlib	false	my_dopen	reference/src/z-file.c	1439
zlib	false	alter_ang_dir_only_files	reference/src/z-file.c	1464
zlib	false	my_dread	reference/src/z-file.c	1472
zlib	false	my_dclose	reference/src/z-file.c	1505
zlib	false	vstrnfmt	reference/src/z-form.c	185
zlib	false	strnfcat	reference/src/z-form.c	539
zlib	false	vformat	reference/src/z-form.c	570
zlib	false	vformat_kill	reference/src/z-form.c	604
zlib	false	plog_fmt	reference/src/z-form.c	663
zlib	false	quit_fmt	reference/src/z-form.c	686
zlib	false	quark_str	reference/src/z-quark.c	51
zlib	false	quarks_init	reference/src/z-quark.c	56
zlib	false	quarks_free	reference/src/z-quark.c	63
zlib	false	q_new	reference/src/z-queue.c	32
zlib	false	q_resize	reference/src/z-queue.c	46
zlib	false	q_len	reference/src/z-queue.c	88
zlib	false	q_push	reference/src/z-queue.c	93
zlib	false	q_pop	reference/src/z-queue.c	99
zlib	false	q_free	reference/src/z-queue.c	106
zlib	false	qp_new	reference/src/z-queue.c	194
zlib	false	qp_resize	reference/src/z-queue.c	224
zlib	false	qp_flush	reference/src/z-queue.c	251
zlib	false	qp_free	reference/src/z-queue.c	271
zlib	false	qp_size	reference/src/z-queue.c	291
zlib	false	qp_len	reference/src/z-queue.c	300
zlib	false	qp_push_int	reference/src/z-queue.c	317
zlib	false	qp_push_ptr	reference/src/z-queue.c	337
zlib	false	qp_pop_int	reference/src/z-queue.c	358
zlib	false	qp_pop_ptr	reference/src/z-queue.c	382
zlib	false	qp_pushpop_int	reference/src/z-queue.c	410
zlib	false	qp_pushpop_ptr	reference/src/z-queue.c	449
zlib	false	qp_peek_int	reference/src/z-queue.c	478
zlib	false	qp_peek_ptr	reference/src/z-queue.c	490
zlib	false	qp_isinvalid	reference/src/z-queue.c	500
zlib	false	Rand_simple	reference/src/z-rand.c	579
zlib	false	textblock_new	reference/src/z-textblock.c	57
zlib	false	textblock_free	reference/src/z-textblock.c	71
zlib	false	textblock_append_pict	reference/src/z-textblock.c	139
zlib	false	textblock_append_textblock	reference/src/z-textblock.c	153
zlib	false	textblock_text	reference/src/z-textblock.c	193
zlib	false	textblock_attrs	reference/src/z-textblock.c	201
zlib	false	textblock_calculate_lines	reference/src/z-textblock.c	238
zlib	false	text_out_to_file	reference/src/z-textblock.c	409
zlib	false	text_out_e	reference/src/z-textblock.c	649
zlib	false	text_lines_to_file	reference/src/z-textblock.c	703
zlib	false	point_set_new	reference/src/z-type.c	78
zlib	false	point_set_dispose	reference/src/z-type.c	87
zlib	false	add_to_point_set	reference/src/z-type.c	97
zlib	false	point_set_size	reference/src/z-type.c	107
zlib	false	point_set_contains	reference/src/z-type.c	112
zlib	false	utf8_strlen	reference/src/z-util.c	66
zlib	false	utf8_fskip	reference/src/z-util.c	115
zlib	false	utf8_rskip	reference/src/z-util.c	149
zlib	false	utf32_to_utf8	reference/src/z-util.c	182
zlib	false	utf32_isprint	reference/src/z-util.c	268
zlib	false	my_strnicmp	reference/src/z-util.c	418
zlib	false	my_stristr	reference/src/z-util.c	441
zlib	false	my_strcat	reference/src/z-util.c	512
zlib	false	suffix_i	reference/src/z-util.c	565
zlib	false	prefix_i	reference/src/z-util.c	598
zlib	false	strskip	reference/src/z-util.c	620
zlib	false	strescape	reference/src/z-util.c	652
zlib	false	hex_str_to_int	reference/src/z-util.c	688
zlib	false	strunescape	reference/src/z-util.c	706
zlib	false	text_mbstowcs	reference/src/z-util.c	831
zlib	false	text_wctomb	reference/src/z-util.c	848
zlib	false	text_wcsz	reference/src/z-util.c	857
zlib	false	text_iswprint	reference/src/z-util.c	865
zlib	false	text_wcschr	reference/src/z-util.c	875
zlib	false	text_wcslen	reference/src/z-util.c	884
zlib	false	plog	reference/src/z-util.c	898
zlib	false	my_rational_construct	reference/src/z-util.c	1694
zlib	false	my_rational_to_uint	reference/src/z-util.c	1722
zlib	false	my_rational_product	reference/src/z-util.c	1823
zlib	false	my_rational_sum	reference/src/z-util.c	1923
zlib	false	mem_alloc	reference/src/z-virt.c	30
zlib	false	mem_free	reference/src/z-virt.c	52
zlib	false	mem_realloc	reference/src/z-virt.c	57
zlib	false	string_make	reference/src/z-virt.c	73
zlib	false	string_free	reference/src/z-virt.c	91
engine	true	cave_room_aux	reference/src/cave-map.c	354
engine	true	forget_remembered_objects	reference/src/cave-square.c	1106
engine	true	square_set_known_feat	reference/src/cave-square.c	1274
engine	true	do_cmd_close_aux	reference/src/cmd-cave.c	368
engine	true	get_int_from_string	reference/src/cmd-wizard.c	67
engine	true	get_long_from_string	reference/src/cmd-wizard.c	95
engine	true	wiz_hack_map	reference/src/cmd-wizard.c	319
engine	true	wiz_play_item_notify_changed	reference/src/cmd-wizard.c	356
engine	true	wiz_play_item_standard_upkeep	reference/src/cmd-wizard.c	370
engine	true	wiz_hack_map_peek_noise	reference/src/cmd-wizard.c	1436
engine	true	wiz_hack_map_peek_scent	reference/src/cmd-wizard.c	1460
engine	true	wiz_hack_map_query_feature	reference/src/cmd-wizard.c	1901
engine	true	wiz_hack_map_query_square_flag	reference/src/cmd-wizard.c	2082
engine	true	to_stderr	reference/src/debug.c	30
engine	true	enchant2	reference/src/effect-handler-general.c	294
engine	true	tval_is_not_money	reference/src/effect-handler-general.c	1717
engine	true	add_to_summaries	reference/src/effects-info.c	847
engine	true	effect_value_base_spell_power	reference/src/effects.c	279
engine	true	effect_value_base_player_level	reference/src/effects.c	293
engine	true	effect_value_base_dungeon_level	reference/src/effects.c	298
engine	true	effect_value_base_max_sight	reference/src/effects.c	303
engine	true	effect_value_base_weapon_damage	reference/src/effects.c	308
engine	true	effect_value_base_player_hp	reference/src/effects.c	317
engine	true	effect_value_base_monster_percent_hp_gone	reference/src/effects.c	322
engine	true	game_event_dispatch	reference/src/game-event.c	33
engine	true	on_leave_level	reference/src/game-world.c	1063
engine	true	find_joinfree_vertical_seam	reference/src/gen-cave.c	984
engine	true	transform_join_list	reference/src/gen-cave.c	1060
engine	true	array_filler	reference/src/gen-cave.c	1739
engine	true	join_regions	reference/src/gen-cave.c	2038
engine	true	lookup_pit_profile	reference/src/gen-monster.c	47
engine	true	help_greater_vault	reference/src/gen-room.c	3075
engine	true	vault_trap_aux	reference/src/gen-util.c	856
engine	true	dump_level_escaped_string	reference/src/gen-util.c	1000
engine	true	parse_profile_name	reference/src/generate.c	93
engine	true	parse_profile_params	reference/src/generate.c	111
engine	true	parse_profile_tunnel	reference/src/generate.c	123
engine	true	parse_profile_streamer	reference/src/generate.c	136
engine	true	parse_profile_room	reference/src/generate.c	150
engine	true	parse_profile_min_level	reference/src/generate.c	188
engine	true	parse_profile_alloc	reference/src/generate.c	197
engine	true	init_parse_profile	reference/src/generate.c	206
engine	true	run_parse_profile	reference/src/generate.c	219
engine	true	finish_parse_profile	reference/src/generate.c	223
engine	true	cleanup_profile	reference/src/generate.c	294
engine	true	parse_room_name	reference/src/generate.c	318
engine	true	parse_room_type	reference/src/generate.c	328
engine	true	parse_room_rating	reference/src/generate.c	337
engine	true	parse_room_height	reference/src/generate.c	346
engine	true	parse_room_width	reference/src/generate.c	365
engine	true	parse_room_doors	reference/src/generate.c	384
engine	true	parse_room_tval	reference/src/generate.c	393
engine	true	parse_room_flags	reference/src/generate.c	406
engine	true	parse_room_d	reference/src/generate.c	422
engine	true	init_parse_room	reference/src/generate.c	431
engine	true	run_parse_room	reference/src/generate.c	446
engine	true	finish_parse_room	reference/src/generate.c	450
engine	true	cleanup_room	reference/src/generate.c	456
engine	true	parse_vault_name	reference/src/generate.c	479
engine	true	parse_vault_type	reference/src/generate.c	489
engine	true	parse_vault_rating	reference/src/generate.c	498
engine	true	parse_vault_rows	reference/src/generate.c	507
engine	true	parse_vault_columns	reference/src/generate.c	526
engine	true	parse_vault_min_depth	reference/src/generate.c	545
engine	true	parse_vault_flags	reference/src/generate.c	565
engine	true	parse_vault_d	reference/src/generate.c	581
engine	true	run_parse_vault	reference/src/generate.c	610
engine	true	finish_parse_vault	reference/src/generate.c	614
engine	true	cleanup_vault	reference/src/generate.c	620
engine	true	run_template_parser	reference/src/generate.c	640
engine	true	cleanup_template_parser	reference/src/generate.c	664
engine	true	find_cave_profile	reference/src/generate.c	767
engine	true	get_min_level_size	reference/src/generate.c	998
engine	true	cleanup_dun_data	reference/src/generate.c	1053
engine	true	parse_graf_name	reference/src/grafmode.c	28
engine	true	parse_graf_directory	reference/src/grafmode.c	48
engine	true	parse_graf_size	reference/src/grafmode.c	61
engine	true	parse_graf_pref	reference/src/grafmode.c	72
engine	true	parse_graf_extra	reference/src/grafmode.c	81
engine	true	init_parse_grafmode	reference/src/grafmode.c	92
engine	true	print_error	reference/src/grafmode.c	167
engine	true	rd_item	reference/src/load.c	99
engine	true	rd_monster	reference/src/load.c	259
engine	true	rd_trap	reference/src/load.c	359
engine	true	rd_gear_aux	reference/src/load.c	1124
engine	true	rd_stores_aux	reference/src/load.c	1196
engine	true	rd_dungeon_aux	reference/src/load.c	1287
engine	true	rd_objects_aux	reference/src/load.c	1394
engine	true	rd_monsters_aux	reference/src/load.c	1432
engine	true	rd_traps_aux	reference/src/load.c	1473
engine	true	copy_file	reference/src/main-spoil.c	64
engine	true	parse_seed	reference/src/main-spoil.c	109
frontend	true	show_win_error	reference/src/main-win.c	448
frontend	true	analyze_font	reference/src/main-win.c	468
frontend	true	check_dir	reference/src/main-win.c	510
frontend	true	validate_file	reference/src/main-win.c	542
frontend	true	validate_dir	reference/src/main-win.c	553
frontend	true	term_getsize	reference/src/main-win.c	564
frontend	true	save_prefs_aux	reference/src/main-win.c	728
frontend	true	save_prefs	reference/src/main-win.c	799
frontend	true	load_prefs_aux	reference/src/main-win.c	835
frontend	true	new_palette	reference/src/main-win.c	945
frontend	true	init_graphics	reference/src/main-win.c	1067
frontend	true	load_sound_win	reference/src/main-win.c	1217
frontend	true	play_sound_win	reference/src/main-win.c	1273
frontend	true	unload_sound_win	reference/src/main-win.c	1308
frontend	true	open_audio_win	reference/src/main-win.c	1336
frontend	true	close_audio_win	reference/src/main-win.c	1341
frontend	true	supported_files_win	reference/src/main-win.c	1346
frontend	true	term_window_resize	reference/src/main-win.c	1372
frontend	true	term_remove_font	reference/src/main-win.c	1389
frontend	true	term_force_font	reference/src/main-win.c	1417
frontend	true	term_change_font	reference/src/main-win.c	1520
frontend	true	term_data_redraw	reference/src/main-win.c	1588
frontend	true	term_data_redraw_section	reference/src/main-win.c	1609
frontend	true	Term_init_win	reference/src/main-win.c	1636
frontend	true	Term_nuke_win	reference/src/main-win.c	1645
frontend	true	Term_xtra_win_react	reference/src/main-win.c	1663
frontend	true	Term_xtra_win_event	reference/src/main-win.c	1816
frontend	true	Term_xtra_win_flush	reference/src/main-win.c	1846
frontend	true	Term_xtra_win_clear	reference/src/main-win.c	1866
frontend	true	Term_xtra_win_noise	reference/src/main-win.c	1892
frontend	true	Term_xtra_win_delay	reference/src/main-win.c	1901
frontend	true	Term_xtra_win	reference/src/main-win.c	1914
frontend	true	Term_curs_win	reference/src/main-win.c	1973
frontend	true	Term_bigcurs_win	reference/src/main-win.c	2011
frontend	true	Term_wipe_win_helper	reference/src/main-win.c	2050
frontend	true	Term_wipe_win	reference/src/main-win.c	2086
frontend	true	Term_text_win	reference/src/main-win.c	2104
frontend	true	Term_pict_win	reference/src/main-win.c	2204
frontend	true	Term_pict_win_alpha	reference/src/main-win.c	2454
frontend	true	windows_map_aux	reference/src/main-win.c	2568
frontend	true	windows_map	reference/src/main-win.c	2608
frontend	true	term_view_map_hook	reference/src/main-win.c	2643
frontend	true	term_data_link	reference/src/main-win.c	2668
frontend	true	init_windows	reference/src/main-win.c	2714
frontend	true	stop_screensaver	reference/src/main-win.c	2932
frontend	true	check_for_save_file	reference/src/main-win.c	3243
frontend	true	screensaver_inkey_hack	reference/src/main-win.c	3292
frontend	true	start_screensaver	reference/src/main-win.c	3310
frontend	true	open_url	reference/src/main-win.c	3433
frontend	true	open_local_docs	reference/src/main-win.c	3446
frontend	true	display_help	reference/src/main-win.c	3473
frontend	true	process_menus	reference/src/main-win.c	3489
frontend	true	handle_wm_paint	reference/src/main-win.c	4238
frontend	true	extract_modifiers	reference/src/main-win.c	4269
frontend	true	handle_keydown	reference/src/main-win.c	4296
frontend	true	AngbandWndProc	reference/src/main-win.c	4363
frontend	true	AngbandListProc	reference/src/main-win.c	4718
frontend	true	hack_plog	reference/src/main-win.c	5046
frontend	true	hack_quit	reference/src/main-win.c	5057
frontend	true	hook_plog	reference/src/main-win.c	5094
frontend	true	hook_quit	reference/src/main-win.c	5109
frontend	true	init_stuff	reference/src/main-win.c	5180
frontend	true	win_reinit	reference/src/main-win.c	5278
frontend	true	create_savefile_tracking_file	reference/src/main-win.c	5499
frontend	true	monitor_existing_savefile	reference/src/main-win.c	5532
frontend	true	monitor_new_savefile	reference/src/main-win.c	5543
frontend	true	finish_monitoring_savefile	reference/src/main-win.c	5555
engine	true	Term_init_xxx	reference/src/main-xxx.c	151
engine	true	Term_nuke_xxx	reference/src/main-xxx.c	168
engine	true	Term_xtra_xxx	reference/src/main-xxx.c	192
engine	true	Term_curs_xxx	reference/src/main-xxx.c	419
engine	true	Term_wipe_xxx	reference/src/main-xxx.c	437
engine	true	Term_text_xxx	reference/src/main-xxx.c	476
engine	true	Term_pict_xxx	reference/src/main-xxx.c	513
engine	true	term_data_link	reference/src/main-xxx.c	549
engine	true	CheckEvents	reference/src/main-xxx.c	668
engine	true	xxx_sound	reference/src/main-xxx.c	685
engine	true	init_stuff	reference/src/main-xxx.c	698
engine	true	basic_quit_hook	reference/src/main.c	110
engine	true	extended_quit_hook	reference/src/main.c	133
engine	true	init_stuff	reference/src/main.c	159
engine	true	generic_reinit	reference/src/main.c	200
engine	true	change_path	reference/src/main.c	237
engine	true	user_name	reference/src/main.c	282
engine	true	list_saves	reference/src/main.c	303
engine	true	message_get	reference/src/message.c	165
engine	true	blow_tag_lookup	reference/src/mon-blows.c	56
engine	true	melee_effect_stat	reference/src/mon-blows.c	564
engine	true	melee_effect_handler_HURT	reference/src/mon-blows.c	655
engine	true	melee_effect_handler_POISON	reference/src/mon-blows.c	674
engine	true	melee_effect_handler_DISENCHANT	reference/src/mon-blows.c	695
engine	true	melee_effect_handler_DRAIN_CHARGES	reference/src/mon-blows.c	711
engine	true	melee_effect_handler_EAT_GOLD	reference/src/mon-blows.c	777
engine	true	melee_effect_handler_EAT_ITEM	reference/src/mon-blows.c	847
engine	true	melee_effect_handler_EAT_FOOD	reference/src/mon-blows.c	884
engine	true	melee_effect_handler_EAT_LIGHT	reference/src/mon-blows.c	938
engine	true	melee_effect_handler_ACID	reference/src/mon-blows.c	958
engine	true	melee_effect_handler_ELEC	reference/src/mon-blows.c	966
engine	true	melee_effect_handler_FIRE	reference/src/mon-blows.c	974
engine	true	melee_effect_handler_COLD	reference/src/mon-blows.c	982
engine	true	melee_effect_handler_BLIND	reference/src/mon-blows.c	990
engine	true	melee_effect_handler_CONFUSE	reference/src/mon-blows.c	999
engine	true	melee_effect_handler_TERRIFY	reference/src/mon-blows.c	1008
engine	true	melee_effect_handler_PARALYZE	reference/src/mon-blows.c	1017
engine	true	melee_effect_handler_LOSE_STR	reference/src/mon-blows.c	1030
engine	true	melee_effect_handler_LOSE_INT	reference/src/mon-blows.c	1038
engine	true	melee_effect_handler_LOSE_WIS	reference/src/mon-blows.c	1046
engine	true	melee_effect_handler_LOSE_DEX	reference/src/mon-blows.c	1054
engine	true	melee_effect_handler_LOSE_CON	reference/src/mon-blows.c	1062
engine	true	melee_effect_handler_LOSE_ALL	reference/src/mon-blows.c	1070
engine	true	melee_effect_handler_SHATTER	reference/src/mon-blows.c	1086
engine	true	melee_effect_handler_EXP_10	reference/src/mon-blows.c	1121
engine	true	melee_effect_handler_EXP_20	reference/src/mon-blows.c	1129
engine	true	melee_effect_handler_EXP_40	reference/src/mon-blows.c	1137
engine	true	melee_effect_handler_EXP_80	reference/src/mon-blows.c	1145
engine	true	melee_effect_handler_HALLU	reference/src/mon-blows.c	1156
engine	true	melee_effect_handler_BLACK_BREATH	reference/src/mon-blows.c	1175
engine	true	monster_list_can_update	reference/src/mon-list.c	104
engine	true	write_lore_entries	reference/src/mon-lore.c	1745
engine	true	cleanup_race_allocs	reference/src/mon-make.c	139
engine	true	place_monster_base_okay	reference/src/mon-make.c	1266
engine	true	redundant_monster_message	reference/src/mon-msg.c	147
engine	true	message_flags	reference/src/mon-msg.c	167
engine	true	store_monster	reference/src/mon-msg.c	185
engine	true	stack_message	reference/src/mon-msg.c	200
engine	true	what_delay	reference/src/mon-msg.c	238
engine	true	skip_subject	reference/src/mon-msg.c	439
engine	true	spell_tag_lookup	reference/src/mon-spell.c	47
engine	true	parse_summon_name	reference/src/mon-summon.c	63
engine	true	parse_summon_message_type	reference/src/mon-summon.c	73
engine	true	parse_summon_unique	reference/src/mon-summon.c	88
engine	true	parse_summon_base	reference/src/mon-summon.c	99
engine	true	parse_summon_race_flag	reference/src/mon-summon.c	115
engine	true	parse_summon_fallback	reference/src/mon-summon.c	130
engine	true	parse_summon_desc	reference/src/mon-summon.c	137
engine	true	init_parse_summon	reference/src/mon-summon.c	146
engine	true	run_parse_summon	reference/src/mon-summon.c	160
engine	true	cleanup_summon	reference/src/mon-summon.c	198
engine	true	parse_chest_trap_code	reference/src/obj-chest.c	78
engine	true	parse_chest_trap_level	reference/src/obj-chest.c	89
engine	true	parse_chest_trap_effect	reference/src/obj-chest.c	99
engine	true	parse_chest_trap_dice	reference/src/obj-chest.c	120
engine	true	parse_chest_trap_expr	reference/src/obj-chest.c	153
engine	true	parse_chest_trap_destroy	reference/src/obj-chest.c	198
engine	true	parse_chest_trap_magic	reference/src/obj-chest.c	211
engine	true	parse_chest_trap_msg	reference/src/obj-chest.c	224
engine	true	parse_chest_trap_msg_death	reference/src/obj-chest.c	233
engine	true	run_parse_chest_trap	reference/src/obj-chest.c	258
engine	true	finish_parse_chest_trap	reference/src/obj-chest.c	262
engine	true	cleanup_chest_trap	reference/src/obj-chest.c	267
engine	true	gear_excise_object	reference/src/obj-gear.c	478
engine	true	init_ignore	reference/src/obj-ignore.c	117
engine	true	cleanup_ignore	reference/src/obj-ignore.c	131
engine	true	rune_add_autoinscription	reference/src/obj-ignore.c	172
engine	true	element_info_collect	reference/src/obj-info.c	94
engine	true	o_calculate_melee_crits	reference/src/obj-info.c	561
engine	true	o_calculate_missile_crits	reference/src/obj-info.c	723
engine	true	rune_index	reference/src/obj-knowledge.c	198
engine	true	cleanup_rune	reference/src/obj-knowledge.c	214
engine	true	object_list_needs_update	reference/src/obj-list.c	105
engine	true	object_list_should_ignore_object	reference/src/obj-list.c	136
engine	true	object_list_distance_compare	reference/src/obj-list.c	257
engine	true	cleanup_obj_make	reference/src/obj-make.c	212
engine	true	write_pile	reference/src/obj-pile.c	58
engine	true	pile_integrity_fail	reference/src/obj-pile.c	98
engine	true	pile_check_integrity	reference/src/obj-pile.c	124
engine	true	floor_carry_fail	reference/src/obj-pile.c	992
engine	true	log_obj	reference/src/obj-power.c	142
engine	true	artifact_set_data_free	reference/src/obj-randart.c	3024
engine	true	parse_option	reference/src/option.c	45
engine	true	option_is_cheat	reference/src/option.c	145
engine	true	findhook	reference/src/parser.c	104
engine	true	parser_freeold	reference/src/parser.c	114
engine	true	parse_type	reference/src/parser.c	377
engine	true	clean_specs	reference/src/parser.c	398
engine	true	parser_getval	reference/src/parser.c	544
engine	true	do_birth_reset	reference/src/player-birth.c	1034
engine	true	convert_turn_penalty	reference/src/player-path.c	125
engine	true	compute_unlocked_penalty	reference/src/player-path.c	161
engine	true	initialize_patched_distances	reference/src/player-path.c	604
engine	true	release_patched_distances	reference/src/player-path.c	631
engine	true	clear_patched_distances	reference/src/player-path.c	649
engine	true	initialize_patch	reference/src/player-path.c	666
engine	true	has_patched_distance	reference/src/player-path.c	698
engine	true	get_patched_distance	reference/src/player-path.c	712
engine	true	set_patched_distance	reference/src/player-path.c	731
engine	true	patched_distances_to_path	reference/src/player-path.c	750
engine	true	parse_quest_name	reference/src/player-quest.c	36
engine	true	parse_quest_level	reference/src/player-quest.c	48
engine	true	parse_quest_race	reference/src/player-quest.c	56
engine	true	parse_quest_number	reference/src/player-quest.c	68
engine	true	run_parse_quest	reference/src/player-quest.c	86
engine	true	cleanup_quest	reference/src/player-quest.c	121
engine	true	fail_adjust	reference/src/player-spell.c	364
engine	true	parse_player_timed_name	reference/src/player-timed.c	90
engine	true	parse_player_timed_desc	reference/src/player-timed.c	113
engine	true	parse_player_timed_end_message	reference/src/player-timed.c	126
engine	true	parse_player_timed_increase_message	reference/src/player-timed.c	139
engine	true	parse_player_timed_decrease_message	reference/src/player-timed.c	153
engine	true	parse_player_timed_message_type	reference/src/player-timed.c	167
engine	true	parse_player_timed_fail	reference/src/player-timed.c	181
engine	true	parse_player_timed_brand	reference/src/player-timed.c	361
engine	true	parse_player_timed_slay	reference/src/player-timed.c	384
engine	true	parse_player_timed_on_begin_effect	reference/src/player-timed.c	427
engine	true	parse_player_timed_on_end_effect	reference/src/player-timed.c	450
engine	true	parse_player_timed_effect_yx	reference/src/player-timed.c	473
engine	true	parse_player_timed_effect_dice	reference/src/player-timed.c	487
engine	true	parse_player_timed_effect_expr	reference/src/player-timed.c	513
engine	true	parse_player_timed_effect_msg	reference/src/player-timed.c	550
engine	true	parse_player_timed_effect_flags	reference/src/player-timed.c	563
engine	true	parse_player_timed_effect_lower_bound	reference/src/player-timed.c	591
engine	true	init_parse_player_timed	reference/src/player-timed.c	614
engine	true	run_parse_player_timed	reference/src/player-timed.c	650
engine	true	finish_parse_player_timed	reference/src/player-timed.c	655
engine	true	cleanup_player_timed	reference/src/player-timed.c	665
engine	true	init_player	reference/src/player.c	476
engine	true	cleanup_player	reference/src/player.c	497
engine	true	project_feature_handler_LIGHT_WEAK	reference/src/project-feat.c	49
engine	true	project_feature_handler_DARK_WEAK	reference/src/project-feat.c	69
engine	true	project_feature_handler_KILL_WALL	reference/src/project-feat.c	89
engine	true	project_feature_handler_KILL_DOOR	reference/src/project-feat.c	188
engine	true	project_feature_handler_KILL_TRAP	reference/src/project-feat.c	216
engine	true	project_feature_handler_MAKE_DOOR	reference/src/project-feat.c	252
engine	true	project_feature_handler_MAKE_TRAP	reference/src/project-feat.c	278
engine	true	project_feature_handler_ACID	reference/src/project-feat.c	294
engine	true	project_feature_handler_ELEC	reference/src/project-feat.c	303
engine	true	project_feature_handler_FIRE	reference/src/project-feat.c	312
engine	true	project_feature_handler_COLD	reference/src/project-feat.c	342
engine	true	project_feature_handler_POIS	reference/src/project-feat.c	368
engine	true	project_feature_handler_LIGHT	reference/src/project-feat.c	378
engine	true	project_feature_handler_DARK	reference/src/project-feat.c	384
engine	true	project_feature_handler_SOUND	reference/src/project-feat.c	389
engine	true	project_feature_handler_SHARD	reference/src/project-feat.c	398
engine	true	project_feature_handler_NEXUS	reference/src/project-feat.c	407
engine	true	project_feature_handler_NETHER	reference/src/project-feat.c	416
engine	true	project_feature_handler_CHAOS	reference/src/project-feat.c	425
engine	true	project_feature_handler_DISEN	reference/src/project-feat.c	434
engine	true	project_feature_handler_WATER	reference/src/project-feat.c	443
engine	true	project_feature_handler_ICE	reference/src/project-feat.c	452
engine	true	project_feature_handler_GRAVITY	reference/src/project-feat.c	478
engine	true	project_feature_handler_INERTIA	reference/src/project-feat.c	487
engine	true	project_feature_handler_FORCE	reference/src/project-feat.c	496
engine	true	project_feature_handler_TIME	reference/src/project-feat.c	505
engine	true	project_feature_handler_PLASMA	reference/src/project-feat.c	514
engine	true	project_feature_handler_METEOR	reference/src/project-feat.c	536
engine	true	project_feature_handler_MISSILE	reference/src/project-feat.c	545
engine	true	project_feature_handler_MANA	reference/src/project-feat.c	554
engine	true	project_feature_handler_HOLY_ORB	reference/src/project-feat.c	563
engine	true	project_feature_handler_ARROW	reference/src/project-feat.c	572
engine	true	project_feature_handler_AWAY_UNDEAD	reference/src/project-feat.c	581
engine	true	project_feature_handler_AWAY_EVIL	reference/src/project-feat.c	585
engine	true	project_feature_handler_AWAY_SPIRIT	reference/src/project-feat.c	589
engine	true	project_feature_handler_AWAY_ALL	reference/src/project-feat.c	593
engine	true	project_feature_handler_TURN_UNDEAD	reference/src/project-feat.c	597
engine	true	project_feature_handler_TURN_EVIL	reference/src/project-feat.c	601
engine	true	project_feature_handler_TURN_LIVING	reference/src/project-feat.c	605
engine	true	project_feature_handler_TURN_ALL	reference/src/project-feat.c	609
engine	true	project_feature_handler_DISP_UNDEAD	reference/src/project-feat.c	613
engine	true	project_feature_handler_DISP_EVIL	reference/src/project-feat.c	617
engine	true	project_feature_handler_DISP_ALL	reference/src/project-feat.c	621
engine	true	project_feature_handler_SLEEP_UNDEAD	reference/src/project-feat.c	625
engine	true	project_feature_handler_SLEEP_EVIL	reference/src/project-feat.c	629
engine	true	project_feature_handler_SLEEP_ALL	reference/src/project-feat.c	633
engine	true	project_feature_handler_MON_CLONE	reference/src/project-feat.c	637
engine	true	project_feature_handler_MON_POLY	reference/src/project-feat.c	641
engine	true	project_feature_handler_MON_HEAL	reference/src/project-feat.c	645
engine	true	project_feature_handler_MON_SPEED	reference/src/project-feat.c	649
engine	true	project_feature_handler_MON_SLOW	reference/src/project-feat.c	653
engine	true	project_feature_handler_MON_CONF	reference/src/project-feat.c	657
engine	true	project_feature_handler_MON_HOLD	reference/src/project-feat.c	661
engine	true	project_feature_handler_MON_STUN	reference/src/project-feat.c	665
engine	true	project_feature_handler_MON_DRAIN	reference/src/project-feat.c	669
engine	true	project_feature_handler_MON_CRUSH	reference/src/project-feat.c	673
engine	true	project_monster_handler_ACID	reference/src/project-mon.c	499
engine	true	project_monster_handler_ELEC	reference/src/project-mon.c	505
engine	true	project_monster_handler_FIRE	reference/src/project-mon.c	511
engine	true	project_monster_handler_COLD	reference/src/project-mon.c	517
engine	true	project_monster_handler_POIS	reference/src/project-mon.c	523
engine	true	project_monster_handler_LIGHT	reference/src/project-mon.c	529
engine	true	project_monster_handler_DARK	reference/src/project-mon.c	549
engine	true	project_monster_handler_SOUND	reference/src/project-mon.c	555
engine	true	project_monster_handler_SHARD	reference/src/project-mon.c	565
engine	true	project_monster_handler_NEXUS	reference/src/project-mon.c	571
engine	true	project_monster_handler_NETHER	reference/src/project-mon.c	585
engine	true	project_monster_handler_CHAOS	reference/src/project-mon.c	623
engine	true	project_monster_handler_DISEN	reference/src/project-mon.c	638
engine	true	project_monster_handler_WATER	reference/src/project-mon.c	651
engine	true	project_monster_handler_ICE	reference/src/project-mon.c	658
engine	true	project_monster_handler_GRAVITY	reference/src/project-mon.c	668
engine	true	project_monster_handler_INERTIA	reference/src/project-mon.c	682
engine	true	project_monster_handler_FORCE	reference/src/project-mon.c	688
engine	true	project_monster_handler_TIME	reference/src/project-mon.c	708
engine	true	project_monster_handler_PLASMA	reference/src/project-mon.c	714
engine	true	project_monster_handler_METEOR	reference/src/project-mon.c	719
engine	true	project_monster_handler_MISSILE	reference/src/project-mon.c	723
engine	true	project_monster_handler_MANA	reference/src/project-mon.c	727
engine	true	project_monster_handler_HOLY_ORB	reference/src/project-mon.c	732
engine	true	project_monster_handler_ARROW	reference/src/project-mon.c	737
engine	true	project_monster_handler_LIGHT_WEAK	reference/src/project-mon.c	742
engine	true	project_monster_handler_DARK_WEAK	reference/src/project-mon.c	747
engine	true	project_monster_handler_KILL_WALL	reference/src/project-mon.c	754
engine	true	project_monster_handler_KILL_DOOR	reference/src/project-mon.c	759
engine	true	project_monster_handler_KILL_TRAP	reference/src/project-mon.c	765
engine	true	project_monster_handler_MAKE_DOOR	reference/src/project-mon.c	771
engine	true	project_monster_handler_MAKE_TRAP	reference/src/project-mon.c	777
engine	true	project_monster_handler_AWAY_UNDEAD	reference/src/project-mon.c	784
engine	true	project_monster_handler_AWAY_EVIL	reference/src/project-mon.c	790
engine	true	project_monster_handler_AWAY_SPIRIT	reference/src/project-mon.c	796
engine	true	project_monster_handler_AWAY_ALL	reference/src/project-mon.c	802
engine	true	project_monster_handler_TURN_UNDEAD	reference/src/project-mon.c	813
engine	true	project_monster_handler_TURN_EVIL	reference/src/project-mon.c	819
engine	true	project_monster_handler_TURN_LIVING	reference/src/project-mon.c	825
engine	true	project_monster_handler_TURN_ALL	reference/src/project-mon.c	844
engine	true	project_monster_handler_DISP_UNDEAD	reference/src/project-mon.c	851
engine	true	project_monster_handler_DISP_EVIL	reference/src/project-mon.c	857
engine	true	project_monster_handler_DISP_ALL	reference/src/project-mon.c	863
engine	true	project_monster_handler_SLEEP_UNDEAD	reference/src/project-mon.c	870
engine	true	project_monster_handler_SLEEP_EVIL	reference/src/project-mon.c	876
engine	true	project_monster_handler_SLEEP_ALL	reference/src/project-mon.c	882
engine	true	project_monster_handler_MON_CLONE	reference/src/project-mon.c	888
engine	true	project_monster_handler_MON_POLY	reference/src/project-mon.c	906
engine	true	project_monster_handler_MON_HEAL	reference/src/project-mon.c	919
engine	true	project_monster_handler_MON_SPEED	reference/src/project-mon.c	940
engine	true	project_monster_handler_MON_SLOW	reference/src/project-mon.c	947
engine	true	project_monster_handler_MON_CONF	reference/src/project-mon.c	957
engine	true	project_monster_handler_MON_HOLD	reference/src/project-mon.c	967
engine	true	project_monster_handler_MON_STUN	reference/src/project-mon.c	977
engine	true	project_monster_handler_MON_DRAIN	reference/src/project-mon.c	987
engine	true	project_monster_handler_MON_CRUSH	reference/src/project-mon.c	1001
engine	true	project_object_handler_ACID	reference/src/project-obj.c	213
engine	true	project_object_handler_ELEC	reference/src/project-obj.c	219
engine	true	project_object_handler_FIRE	reference/src/project-obj.c	225
engine	true	project_object_handler_COLD	reference/src/project-obj.c	231
engine	true	project_object_handler_POIS	reference/src/project-obj.c	236
engine	true	project_object_handler_LIGHT	reference/src/project-obj.c	240
engine	true	project_object_handler_DARK	reference/src/project-obj.c	244
engine	true	project_object_handler_SOUND	reference/src/project-obj.c	249
engine	true	project_object_handler_SHARD	reference/src/project-obj.c	255
engine	true	project_object_handler_NEXUS	reference/src/project-obj.c	260
engine	true	project_object_handler_NETHER	reference/src/project-obj.c	264
engine	true	project_object_handler_CHAOS	reference/src/project-obj.c	268
engine	true	project_object_handler_DISEN	reference/src/project-obj.c	272
engine	true	project_object_handler_WATER	reference/src/project-obj.c	276
engine	true	project_object_handler_ICE	reference/src/project-obj.c	281
engine	true	project_object_handler_GRAVITY	reference/src/project-obj.c	286
engine	true	project_object_handler_INERTIA	reference/src/project-obj.c	290
engine	true	project_object_handler_FORCE	reference/src/project-obj.c	295
engine	true	project_object_handler_TIME	reference/src/project-obj.c	300
engine	true	project_object_handler_PLASMA	reference/src/project-obj.c	305
engine	true	project_object_handler_METEOR	reference/src/project-obj.c	312
engine	true	project_object_handler_MISSILE	reference/src/project-obj.c	318
engine	true	project_object_handler_MANA	reference/src/project-obj.c	323
engine	true	project_object_handler_HOLY_ORB	reference/src/project-obj.c	330
engine	true	project_object_handler_ARROW	reference/src/project-obj.c	334
engine	true	project_object_handler_LIGHT_WEAK	reference/src/project-obj.c	338
engine	true	project_object_handler_DARK_WEAK	reference/src/project-obj.c	342
engine	true	project_object_handler_KILL_WALL	reference/src/project-obj.c	346
engine	true	project_object_handler_KILL_DOOR	reference/src/project-obj.c	350
engine	true	project_object_handler_MAKE_DOOR	reference/src/project-obj.c	372
engine	true	project_object_handler_MAKE_TRAP	reference/src/project-obj.c	376
engine	true	project_object_handler_AWAY_UNDEAD	reference/src/project-obj.c	380
engine	true	project_object_handler_AWAY_EVIL	reference/src/project-obj.c	384
engine	true	project_object_handler_AWAY_SPIRIT	reference/src/project-obj.c	388
engine	true	project_object_handler_AWAY_ALL	reference/src/project-obj.c	392
engine	true	project_object_handler_TURN_UNDEAD	reference/src/project-obj.c	396
engine	true	project_object_handler_TURN_EVIL	reference/src/project-obj.c	400
engine	true	project_object_handler_TURN_LIVING	reference/src/project-obj.c	404
engine	true	project_object_handler_TURN_ALL	reference/src/project-obj.c	408
engine	true	project_object_handler_DISP_UNDEAD	reference/src/project-obj.c	412
engine	true	project_object_handler_DISP_EVIL	reference/src/project-obj.c	416
engine	true	project_object_handler_DISP_ALL	reference/src/project-obj.c	420
engine	true	project_object_handler_SLEEP_UNDEAD	reference/src/project-obj.c	424
engine	true	project_object_handler_SLEEP_EVIL	reference/src/project-obj.c	428
engine	true	project_object_handler_SLEEP_ALL	reference/src/project-obj.c	432
engine	true	project_object_handler_MON_CLONE	reference/src/project-obj.c	436
engine	true	project_object_handler_MON_POLY	reference/src/project-obj.c	440
engine	true	project_object_handler_MON_HEAL	reference/src/project-obj.c	444
engine	true	project_object_handler_MON_SPEED	reference/src/project-obj.c	448
engine	true	project_object_handler_MON_SLOW	reference/src/project-obj.c	452
engine	true	project_object_handler_MON_CONF	reference/src/project-obj.c	456
engine	true	project_object_handler_MON_HOLD	reference/src/project-obj.c	460
engine	true	project_object_handler_MON_STUN	reference/src/project-obj.c	464
engine	true	project_object_handler_MON_DRAIN	reference/src/project-obj.c	468
engine	true	project_object_handler_MON_CRUSH	reference/src/project-obj.c	472
engine	true	project_player_handler_ACID	reference/src/project-player.c	147
engine	true	project_player_handler_ELEC	reference/src/project-player.c	154
engine	true	project_player_handler_FIRE	reference/src/project-player.c	161
engine	true	project_player_handler_COLD	reference/src/project-player.c	191
engine	true	project_player_handler_POIS	reference/src/project-player.c	216
engine	true	project_player_handler_LIGHT	reference/src/project-player.c	246
engine	true	project_player_handler_DARK	reference/src/project-player.c	268
engine	true	project_player_handler_SOUND	reference/src/project-player.c	308
engine	true	project_player_handler_SHARD	reference/src/project-player.c	337
engine	true	project_player_handler_NEXUS	reference/src/project-player.c	350
engine	true	project_player_handler_NETHER	reference/src/project-player.c	387
engine	true	project_player_handler_CHAOS	reference/src/project-player.c	420
engine	true	project_player_handler_DISEN	reference/src/project-player.c	446
engine	true	project_player_handler_WATER	reference/src/project-player.c	458
engine	true	project_player_handler_ICE	reference/src/project-player.c	470
engine	true	project_player_handler_GRAVITY	reference/src/project-player.c	489
engine	true	project_player_handler_INERTIA	reference/src/project-player.c	515
engine	true	project_player_handler_FORCE	reference/src/project-player.c	523
engine	true	project_player_handler_TIME	reference/src/project-player.c	542
engine	true	project_player_handler_PLASMA	reference/src/project-player.c	563
engine	true	project_player_handler_METEOR	reference/src/project-player.c	577
engine	true	project_player_handler_MISSILE	reference/src/project-player.c	582
engine	true	project_player_handler_MANA	reference/src/project-player.c	587
engine	true	project_player_handler_HOLY_ORB	reference/src/project-player.c	592
engine	true	project_player_handler_ARROW	reference/src/project-player.c	597
engine	true	project_player_handler_LIGHT_WEAK	reference/src/project-player.c	602
engine	true	project_player_handler_KILL_WALL	reference/src/project-player.c	621
engine	true	project_player_handler_KILL_DOOR	reference/src/project-player.c	626
engine	true	project_player_handler_KILL_TRAP	reference/src/project-player.c	631
engine	true	project_player_handler_MAKE_DOOR	reference/src/project-player.c	636
engine	true	project_player_handler_MAKE_TRAP	reference/src/project-player.c	641
engine	true	project_player_handler_AWAY_UNDEAD	reference/src/project-player.c	646
engine	true	project_player_handler_AWAY_EVIL	reference/src/project-player.c	651
engine	true	project_player_handler_AWAY_SPIRIT	reference/src/project-player.c	656
engine	true	project_player_handler_AWAY_ALL	reference/src/project-player.c	661
engine	true	project_player_handler_TURN_UNDEAD	reference/src/project-player.c	666
engine	true	project_player_handler_TURN_EVIL	reference/src/project-player.c	671
engine	true	project_player_handler_TURN_LIVING	reference/src/project-player.c	676
engine	true	project_player_handler_TURN_ALL	reference/src/project-player.c	681
engine	true	project_player_handler_DISP_UNDEAD	reference/src/project-player.c	686
engine	true	project_player_handler_DISP_EVIL	reference/src/project-player.c	691
engine	true	project_player_handler_DISP_ALL	reference/src/project-player.c	696
engine	true	project_player_handler_SLEEP_UNDEAD	reference/src/project-player.c	701
engine	true	project_player_handler_SLEEP_EVIL	reference/src/project-player.c	706
engine	true	project_player_handler_SLEEP_ALL	reference/src/project-player.c	711
engine	true	project_player_handler_MON_CLONE	reference/src/project-player.c	716
engine	true	project_player_handler_MON_POLY	reference/src/project-player.c	721
engine	true	project_player_handler_MON_HEAL	reference/src/project-player.c	726
engine	true	project_player_handler_MON_SPEED	reference/src/project-player.c	731
engine	true	project_player_handler_MON_SLOW	reference/src/project-player.c	736
engine	true	project_player_handler_MON_CONF	reference/src/project-player.c	741
engine	true	project_player_handler_MON_HOLD	reference/src/project-player.c	746
engine	true	project_player_handler_MON_STUN	reference/src/project-player.c	751
engine	true	project_player_handler_MON_DRAIN	reference/src/project-player.c	756
engine	true	project_player_handler_MON_CRUSH	reference/src/project-player.c	761
engine	true	wr_trap	reference/src/save.c	261
engine	true	wr_gear_aux	reference/src/save.c	715
engine	true	wr_dungeon_aux	reference/src/save.c	774
engine	true	wr_objects_aux	reference/src/save.c	873
engine	true	wr_monsters_aux	reference/src/save.c	915
engine	true	wr_traps_aux	reference/src/save.c	933
engine	true	check_header	reference/src/savefile.c	460
engine	true	next_blockheader	reference/src/savefile.c	474
engine	true	find_loader	reference/src/savefile.c	506
engine	true	load_block	reference/src/savefile.c	525
engine	true	skip_block	reference/src/savefile.c	546
engine	true	try_load	reference/src/savefile.c	554
engine	true	get_desc	reference/src/savefile.c	590
engine	true	open_audio_sdl	reference/src/snd-sdl.c	65
engine	true	load_sample_sdl	reference/src/snd-sdl.c	122
engine	true	load_sound_sdl	reference/src/snd-sdl.c	153
engine	true	play_sound_sdl	reference/src/snd-sdl.c	177
engine	true	unload_sound_sdl	reference/src/snd-sdl.c	204
engine	true	close_audio_sdl	reference/src/snd-sdl.c	237
engine	true	supported_files_sdl	reference/src/snd-sdl.c	251
engine	true	cleanup_stores	reference/src/store.c	89
engine	true	parse_store	reference/src/store.c	132
engine	true	parse_slots	reference/src/store.c	149
engine	true	parse_turnover	reference/src/store.c	156
engine	true	parse_normal	reference/src/store.c	162
engine	true	parse_owner	reference/src/store.c	236
engine	true	parse_buy	reference/src/store.c	254
engine	true	parse_buy_flag	reference/src/store.c	268
engine	true	run_parse_stores	reference/src/store.c	310
engine	true	finish_parse_stores	reference/src/store.c	314
ui	true	use_context_menu_birth	reference/src/ui-birth.c	410
ui	true	init_birth_menu	reference/src/ui-birth.c	496
ui	true	free_birth_menu	reference/src/ui-birth.c	592
ui	true	free_birth_menus	reference/src/ui-birth.c	602
ui	true	clear_question	reference/src/ui-birth.c	613
ui	true	point_based_stats	reference/src/ui-birth.c	1021
ui	true	point_based_misc	reference/src/ui-birth.c	1032
ui	true	point_based_points	reference/src/ui-birth.c	1044
ui	true	point_based_stop	reference/src/ui-birth.c	1099
ui	true	get_name_command	reference/src/ui-birth.c	1271
ui	true	get_screen_loc	reference/src/ui-birth.c	1304
ui	true	ui_enter_birthscreen	reference/src/ui-birth.c	1765
ui	true	ui_leave_birthscreen	reference/src/ui-birth.c	1774
ui	true	write_html_escape_char	reference/src/ui-command.c	239
ui	true	screenshot_term_query	reference/src/ui-command.c	269
ui	true	do_cmd_save_screen_html	reference/src/ui-command.c	488
ui	true	context_menu_player_display_floor	reference/src/ui-context.c	217
ui	true	show_command_list	reference/src/ui-context.c	904
ui	true	cmd_sub_entry	reference/src/ui-context.c	1127
ui	true	cmd_menu	reference/src/ui-context.c	1159
ui	true	cmd_list_action	reference/src/ui-context.c	1244
ui	true	cmd_list_entry	reference/src/ui-context.c	1252
ui	true	get_curse_action	reference/src/ui-curse.c	54
ui	true	death_messages	reference/src/ui-death.c	283
ui	true	death_scores	reference/src/ui-death.c	293
ui	true	death_examine	reference/src/ui-death.c	303
ui	true	death_spoilers	reference/src/ui-death.c	339
ui	true	prt_title	reference/src/ui-display.c	195
ui	true	prt_str	reference/src/ui-display.c	548
ui	true	prt_dex	reference/src/ui-display.c	549
ui	true	prt_wis	reference/src/ui-display.c	550
ui	true	prt_int	reference/src/ui-display.c	551
ui	true	prt_con	reference/src/ui-display.c	552
ui	true	prt_race	reference/src/ui-display.c	553
ui	true	prt_race_class_short	reference/src/ui-display.c	561
ui	true	prt_class	reference/src/ui-display.c	576
ui	true	prt_level_short	reference/src/ui-display.c	587
ui	true	prt_stat_short	reference/src/ui-display.c	604
ui	true	prt_exp_short	reference/src/ui-display.c	631
ui	true	prt_ac_short	reference/src/ui-display.c	657
ui	true	prt_gold_short	reference/src/ui-display.c	668
ui	true	prt_hp_short	reference/src/ui-display.c	678
ui	true	prt_sp_short	reference/src/ui-display.c	697
ui	true	prt_health_short	reference/src/ui-display.c	722
ui	true	prt_speed_short	reference/src/ui-display.c	731
ui	true	prt_depth_short	reference/src/ui-display.c	744
ui	true	prt_title_short	reference/src/ui-display.c	753
ui	true	update_topbar	reference/src/ui-display.c	765
ui	true	hp_colour_change	reference/src/ui-display.c	897
ui	true	longest_terrain_name	reference/src/ui-display.c	1165
ui	true	update_statusline	reference/src/ui-display.c	1316
ui	true	trace_map_updates	reference/src/ui-display.c	1334
ui	true	update_maps	reference/src/ui-display.c	1347
ui	true	bolt_pict	reference/src/ui-display.c	1524
ui	true	display_explosion	reference/src/ui-display.c	1559
ui	true	display_bolt	reference/src/ui-display.c	1645
ui	true	display_missile	reference/src/ui-display.c	1696
ui	true	update_inven_subwindow	reference/src/ui-display.c	1732
ui	true	update_equip_subwindow	reference/src/ui-display.c	1752
ui	true	update_itemlist_subwindow	reference/src/ui-display.c	1810
ui	true	update_monlist_subwindow	reference/src/ui-display.c	1827
ui	true	update_monster_subwindow	reference/src/ui-display.c	1845
ui	true	update_object_subwindow	reference/src/ui-display.c	1866
ui	true	update_messages_subwindow	reference/src/ui-display.c	1886
ui	true	update_minimap_subwindow	reference/src/ui-display.c	1950
ui	true	update_player0_subwindow	reference/src/ui-display.c	1995
ui	true	update_player1_subwindow	reference/src/ui-display.c	2016
ui	true	update_topbar_subwindow	reference/src/ui-display.c	2034
ui	true	update_player_compact_subwindow	reference/src/ui-display.c	2059
ui	true	flush_subwindow	reference/src/ui-display.c	2114
ui	true	subwindow_flag_changed	reference/src/ui-display.c	2178
ui	true	subwindow_set_flags	reference/src/ui-display.c	2333
ui	true	init_angband_aux	reference/src/ui-display.c	2392
ui	true	splashscreen_note	reference/src/ui-display.c	2403
ui	true	show_splashscreen	reference/src/ui-display.c	2425
ui	true	repeated_command_display	reference/src/ui-display.c	2495
ui	true	new_level_display_update	reference/src/ui-display.c	2508
ui	true	check_panel	reference/src/ui-display.c	2576
ui	true	process_character_pref_files	reference/src/ui-display.c	2661
ui	true	ui_enter_init	reference/src/ui-display.c	2690
ui	true	ui_leave_init	reference/src/ui-display.c	2699
ui	true	ui_enter_world	reference/src/ui-display.c	2718
ui	true	ui_leave_world	reference/src/ui-display.c	2787
ui	true	ui_enter_game	reference/src/ui-display.c	2855
ui	true	ui_leave_game	reference/src/ui-display.c	2871
ui	true	effect_menu_new	reference/src/ui-effect.c	34
ui	true	effect_menu_select	reference/src/ui-effect.c	102
ui	true	effect_menu_destroy	reference/src/ui-effect.c	133
ui	true	simple_combine_init	reference/src/ui-entry-combiner.c	150
ui	true	dummy_combine_accum	reference/src/ui-entry-combiner.c	159
ui	true	dummy_combine_finish	reference/src/ui-entry-combiner.c	166
ui	true	add_combine_accum_help	reference/src/ui-entry-combiner.c	172
ui	true	add_combine_accum	reference/src/ui-entry-combiner.c	209
ui	true	add_vec	reference/src/ui-entry-combiner.c	217
ui	true	bitwise_or_combine_accum_help	reference/src/ui-entry-combiner.c	234
ui	true	bitwise_or_combine_accum	reference/src/ui-entry-combiner.c	254
ui	true	bitwise_or_vec	reference/src/ui-entry-combiner.c	262
ui	true	first_vec	reference/src/ui-entry-combiner.c	279
ui	true	largest_combine_accum_help	reference/src/ui-entry-combiner.c	292
ui	true	largest_combine_accum	reference/src/ui-entry-combiner.c	310
ui	true	largest_vec	reference/src/ui-entry-combiner.c	318
ui	true	last_combine_accum	reference/src/ui-entry-combiner.c	335
ui	true	last_vec	reference/src/ui-entry-combiner.c	343
ui	true	logical_combine_init	reference/src/ui-entry-combiner.c	356
ui	true	logical_or_combine_accum_help	reference/src/ui-entry-combiner.c	373
ui	true	logical_or_combine_accum	reference/src/ui-entry-combiner.c	393
ui	true	logical_or_vec	reference/src/ui-entry-combiner.c	401
ui	true	logical_or_with_cancel_combine_init	reference/src/ui-entry-combiner.c	424
ui	true	logical_or_with_cancel_combine_accum_help	reference/src/ui-entry-combiner.c	441
ui	true	logical_or_with_cancel_combine_accum	reference/src/ui-entry-combiner.c	463
ui	true	logical_or_with_cancel_combine_finish	reference/src/ui-entry-combiner.c	471
ui	true	logical_or_with_cancel_vec	reference/src/ui-entry-combiner.c	499
ui	true	resist_0_combine_init	reference/src/ui-entry-combiner.c	532
ui	true	resist_0_combine_accum_help	reference/src/ui-entry-combiner.c	571
ui	true	resist_0_combine_accum	reference/src/ui-entry-combiner.c	618
ui	true	resist_0_combine_finish	reference/src/ui-entry-combiner.c	628
ui	true	resist_0_vec	reference/src/ui-entry-combiner.c	661
ui	true	smallest_combine_accum_help	reference/src/ui-entry-combiner.c	703
ui	true	smallest_combine_accum	reference/src/ui-entry-combiner.c	721
ui	true	smallest_vec	reference/src/ui-entry-combiner.c	729
ui	true	safe_queue_chars	reference/src/ui-entry-renderers.c	447
ui	true	show_combined_generic	reference/src/ui-entry-renderers.c	527
ui	true	renderer_COMPACT_RESIST_RENDERER_WITH_COMBINED_AUX	reference/src/ui-entry-renderers.c	572
ui	true	valuewidth_COMPACT_RESIST_RENDERER_WITH_COMBINED_AUX	reference/src/ui-entry-renderers.c	689
ui	true	renderer_COMPACT_FLAG_RENDERER_WITH_COMBINED_AUX	reference/src/ui-entry-renderers.c	696
ui	true	valuewidth_COMPACT_FLAG_RENDERER_WITH_COMBINED_AUX	reference/src/ui-entry-renderers.c	779
ui	true	renderer_COMPACT_FLAG_WITH_CANCEL_RENDERER_WITH_COMBINED_AUX	reference/src/ui-entry-renderers.c	786
ui	true	valuewidth_COMPACT_FLAG_WITH_CANCEL_RENDERER_WITH_COMBINED_AUX	reference/src/ui-entry-renderers.c	904
ui	true	renderer_NUMERIC_AS_SIGN_RENDERER_WITH_COMBINED_AUX	reference/src/ui-entry-renderers.c	911
ui	true	valuewidth_NUMERIC_AS_SIGN_RENDERER_WITH_COMBINED_AUX	reference/src/ui-entry-renderers.c	1008
ui	true	renderer_NUMERIC_RENDERER_WITH_COMBINED_AUX	reference/src/ui-entry-renderers.c	1015
ui	true	valuewidth_NUMERIC_RENDERER_WITH_COMBINED_AUX	reference/src/ui-entry-renderers.c	1152
ui	true	renderer_NUMERIC_RENDERER_WITH_BOOL_AUX	reference/src/ui-entry-renderers.c	1160
ui	true	valuewidth_NUMERIC_RENDERER_WITH_BOOL_AUX	reference/src/ui-entry-renderers.c	1304
ui	true	lookup_backend_by_name	reference/src/ui-entry-renderers.c	1312
ui	true	convert_attrs_to_chars	reference/src/ui-entry-renderers.c	1327
ui	true	convert_chars_to_attrs	reference/src/ui-entry-renderers.c	1354
ui	true	parse_renderer_name	reference/src/ui-entry-renderers.c	1411
ui	true	parse_renderer_code	reference/src/ui-entry-renderers.c	1452
ui	true	parse_renderer_combine	reference/src/ui-entry-renderers.c	1471
ui	true	parse_renderer_colors	reference/src/ui-entry-renderers.c	1486
ui	true	parse_renderer_labelcolors	reference/src/ui-entry-renderers.c	1506
ui	true	parse_renderer_symbols	reference/src/ui-entry-renderers.c	1527
ui	true	parse_renderer_combined_renderer	reference/src/ui-entry-renderers.c	1553
ui	true	parse_renderer_ndigit	reference/src/ui-entry-renderers.c	1568
ui	true	parse_renderer_sign	reference/src/ui-entry-renderers.c	1585
ui	true	parse_renderer_units	reference/src/ui-entry-renderers.c	1607
ui	true	run_parse_ui_entry_renderer	reference/src/ui-entry-renderers.c	1654
ui	true	finish_parse_ui_entry_renderer	reference/src/ui-entry-renderers.c	1660
ui	true	cleanup_parse_ui_entry_renderer	reference/src/ui-entry-renderers.c	1709
ui	true	ui_entry_lookup	reference/src/ui-entry.c	1233
ui	true	ui_entry_insert	reference/src/ui-entry.c	1244
ui	true	ui_entry_search_categories	reference/src/ui-entry.c	1289
ui	true	search_embryo_categories	reference/src/ui-entry.c	1416
ui	true	insert_embryo_category	reference/src/ui-entry.c	1486
ui	true	get_dummy_param_count	reference/src/ui-entry.c	1604
ui	true	get_dummy_param_name	reference/src/ui-entry.c	1611
ui	true	get_element_count	reference/src/ui-entry.c	1627
ui	true	get_element_name	reference/src/ui-entry.c	1634
ui	true	get_stat_count	reference/src/ui-entry.c	1650
ui	true	get_stat_name	reference/src/ui-entry.c	1657
ui	true	get_dummy_priority	reference/src/ui-entry.c	1668
ui	true	get_priority_from_index	reference/src/ui-entry.c	1678
ui	true	get_priority_from_negative_index	reference/src/ui-entry.c	1688
ui	true	parameterize_category_list	reference/src/ui-entry.c	1695
ui	true	initialize_shortened	reference/src/ui-entry.c	1721
ui	true	copy_shortened_labels	reference/src/ui-entry.c	1737
ui	true	hatch_last_embryo	reference/src/ui-entry.c	1906
ui	true	parse_entry_name	reference/src/ui-entry.c	1922
ui	true	parse_entry_template	reference/src/ui-entry.c	1986
ui	true	parse_entry_parameter	reference/src/ui-entry.c	2023
ui	true	parse_entry_renderer	reference/src/ui-entry.c	2055
ui	true	parse_entry_combine	reference/src/ui-entry.c	2070
ui	true	parse_entry_label	reference/src/ui-entry.c	2085
ui	true	parse_entry_shortened_label	reference/src/ui-entry.c	2115
ui	true	parse_entry_category	reference/src/ui-entry.c	2154
ui	true	parse_entry_priority	reference/src/ui-entry.c	2173
ui	true	parse_entry_flags	reference/src/ui-entry.c	2228
ui	true	parse_entry_desc	reference/src/ui-entry.c	2265
ui	true	finish_parse_ui_entry	reference/src/ui-entry.c	2322
ui	true	cleanup_parse_ui_entry	reference/src/ui-entry.c	2403
ui	true	display_equip_cmp_help	reference/src/ui-equip-cmp.c	377
ui	true	get_expected_easy_filter_count	reference/src/ui-equip-cmp.c	418
ui	true	handle_input_bail	reference/src/ui-equip-cmp.c	438
ui	true	handle_input_equip_cmp_general	reference/src/ui-equip-cmp.c	445
ui	true	display_equip_cmp_sel_help	reference/src/ui-equip-cmp.c	894
ui	true	handle_input_equip_cmp_select	reference/src/ui-equip-cmp.c	921
ui	true	dump_to_file	reference/src/ui-equip-cmp.c	1474
ui	true	append_to_file	reference/src/ui-equip-cmp.c	1484
ui	true	sel_better_than	reference/src/ui-equip-cmp.c	1635
ui	true	sel_at_least_resists	reference/src/ui-equip-cmp.c	1643
ui	true	sel_does_not_resist	reference/src/ui-equip-cmp.c	1650
ui	true	sel_has_flag	reference/src/ui-equip-cmp.c	1657
ui	true	sel_does_not_have_flag	reference/src/ui-equip-cmp.c	1664
ui	true	sel_has_pos_mod	reference/src/ui-equip-cmp.c	1671
ui	true	sel_has_nonpos_mod	reference/src/ui-equip-cmp.c	1678
ui	true	sel_exclude_slot	reference/src/ui-equip-cmp.c	1686
ui	true	sel_only_slot	reference/src/ui-equip-cmp.c	1693
ui	true	apply_simple_filter	reference/src/ui-equip-cmp.c	1715
ui	true	apply_complex_filter	reference/src/ui-equip-cmp.c	1774
ui	true	cmp_for_sort_items	reference/src/ui-equip-cmp.c	1900
ui	true	select_wearable	reference/src/ui-equip-cmp.c	1982
ui	true	count_objects	reference/src/ui-equip-cmp.c	2014
ui	true	apply_visitor_to_pile	reference/src/ui-equip-cmp.c	2117
ui	true	check_for_two_categories	reference/src/ui-equip-cmp.c	2376
ui	true	cleanup_summary	reference/src/ui-equip-cmp.c	2655
ui	true	cleanup_summary_items	reference/src/ui-equip-cmp.c	2681
ui	true	source_to_char	reference/src/ui-equip-cmp.c	2693
ui	true	display_page	reference/src/ui-equip-cmp.c	2736
ui	true	init_ui_equip_cmp	reference/src/ui-equip-cmp.c	2862
ui	true	cleanup_ui_equip_cmp	reference/src/ui-equip-cmp.c	2868
ui	true	dehex	reference/src/ui-event.c	108
ui	true	pre_turn_refresh	reference/src/ui-game.c	668
ui	true	cleanup_savefile_selection_strings	reference/src/ui-game.c	769
ui	true	select_savefile	reference/src/ui-game.c	788
ui	true	string_lower	reference/src/ui-help.c	29
ui	true	print_history_header	reference/src/ui-history.c	28
ui	true	inkey_aux	reference/src/ui-input.c	75
ui	true	msg_flush_split_existing	reference/src/ui-input.c	410
ui	true	get_name_keypress	reference/src/ui-input.c	1028
ui	true	handle_name_mouse	reference/src/ui-input.c	1073
ui	true	textui_get_string	reference/src/ui-input.c	1181
ui	true	get_file_text	reference/src/ui-input.c	1335
ui	true	textui_get_com	reference/src/ui-input.c	1407
ui	true	textui_get_point	reference/src/ui-input.c	1730
ui	true	textui_check_break	reference/src/ui-input.c	1753
ui	true	textui_get_count	reference/src/ui-input.c	1817
ui	true	keymap_make	reference/src/ui-keymap.c	76
ui	true	default_item_id	reference/src/ui-knowledge.c	165
ui	true	default_group_id	reference/src/ui-knowledge.c	170
ui	true	actual_width	reference/src/ui-knowledge.c	198
ui	true	actual_height	reference/src/ui-knowledge.c	206
ui	true	logical_width	reference/src/ui-knowledge.c	215
ui	true	logical_height	reference/src/ui-knowledge.c	223
ui	true	display_tiles	reference/src/ui-knowledge.c	232
ui	true	place_tile_cursor	reference/src/ui-knowledge.c	270
ui	true	remove_tiles	reference/src/ui-knowledge.c	287
ui	true	tile_picker_command	reference/src/ui-knowledge.c	307
ui	true	display_glyphs	reference/src/ui-knowledge.c	575
ui	true	glyph_command	reference/src/ui-knowledge.c	597
ui	true	display_group_member	reference/src/ui-knowledge.c	754
ui	true	recall_prompt	reference/src/ui-knowledge.c	780
ui	true	m_xchar	reference/src/ui-knowledge.c	1265
ui	true	mon_lore	reference/src/ui-knowledge.c	1280
ui	true	count_known_monsters	reference/src/ui-knowledge.c	1330
ui	true	get_artifact_display_name	reference/src/ui-knowledge.c	1506
ui	true	display_artifact	reference/src/ui-knowledge.c	1524
ui	true	art2gid	reference/src/ui-knowledge.c	1680
ui	true	collect_known_artifacts	reference/src/ui-knowledge.c	1714
ui	true	ego_grp_name	reference/src/ui-knowledge.c	1771
ui	true	display_ego_item	reference/src/ui-knowledge.c	1776
ui	true	obj2gid	reference/src/ui-knowledge.c	2027
ui	true	o_xchar	reference/src/ui-knowledge.c	2032
ui	true	o_xattr	reference/src/ui-knowledge.c	2043
ui	true	o_xtra_prompt	reference/src/ui-knowledge.c	2057
ui	true	o_xtra_act	reference/src/ui-knowledge.c	2076
ui	true	display_rune	reference/src/ui-knowledge.c	2193
ui	true	rune_var_name	reference/src/ui-knowledge.c	2206
ui	true	rune_xtra_prompt	reference/src/ui-knowledge.c	2235
ui	true	rune_xtra_act	reference/src/ui-knowledge.c	2247
ui	true	display_feature	reference/src/ui-knowledge.c	2346
ui	true	fkind_name	reference/src/ui-knowledge.c	2383
ui	true	f_xattr	reference/src/ui-knowledge.c	2395
ui	true	f_xchar	reference/src/ui-knowledge.c	2399
ui	true	feat_lore	reference/src/ui-knowledge.c	2403
ui	true	feat_prompt	reference/src/ui-knowledge.c	2421
ui	true	f_xtra_act	reference/src/ui-knowledge.c	2435
ui	true	display_trap	reference/src/ui-knowledge.c	2509
ui	true	tkind_name	reference/src/ui-knowledge.c	2568
ui	true	t_xattr	reference/src/ui-knowledge.c	2580
ui	true	t_xchar	reference/src/ui-knowledge.c	2584
ui	true	trap_prompt	reference/src/ui-knowledge.c	2607
ui	true	t_xtra_act	reference/src/ui-knowledge.c	2616
ui	true	shape_lore_helper_append_to_list	reference/src/ui-knowledge.c	2704
ui	true	shape_lore_append_stat_modifiers	reference/src/ui-knowledge.c	2877
ui	true	parse_monster_category	reference/src/ui-knowledge.c	3280
ui	true	parse_mcat_include_base	reference/src/ui-knowledge.c	3294
ui	true	parse_mcat_include_flag	reference/src/ui-knowledge.c	3328
ui	true	parse_mcat_include_other	reference/src/ui-knowledge.c	3357
ui	true	run_ui_knowledge_parser	reference/src/ui-knowledge.c	3394
ui	true	cleanup_ui_knowledge_parsed_data	reference/src/ui-knowledge.c	3476
ui	true	do_cmd_knowledge_scores	reference/src/ui-knowledge.c	3527
ui	true	do_cmd_knowledge_history	reference/src/ui-knowledge.c	3532
ui	true	do_cmd_knowledge_equip_cmp	reference/src/ui-knowledge.c	3537
ui	true	handle_store_shortcuts	reference/src/ui-knowledge.c	3542
ui	true	cleanup_main_knowledge_menu	reference/src/ui-knowledge.c	3566
ui	true	cmp_tkill	reference/src/ui-knowledge.c	4330
ui	true	cmp_pkill	reference/src/ui-knowledge.c	4341
ui	true	lookup_symbol	reference/src/ui-knowledge.c	4372
ui	true	hallucinatory_monster	reference/src/ui-map.c	41
ui	true	hallucinatory_object	reference/src/ui-map.c	61
ui	true	get_trap_graphics	reference/src/ui-map.c	90
ui	true	get_minimap_dimensions	reference/src/ui-map.c	348
ui	true	move_cursor_relative_map	reference/src/ui-map.c	390
ui	true	print_rel_map	reference/src/ui-map.c	500
ui	true	prt_map_aux	reference/src/ui-map.c	615
ui	true	display_action_aux	reference/src/ui-menu.c	56
ui	true	menu_action_tag	reference/src/ui-menu.c	74
ui	true	menu_action_valid	reference/src/ui-menu.c	80
ui	true	menu_action_display	reference/src/ui-menu.c	90
ui	true	menu_action_handle	reference/src/ui-menu.c	98
ui	true	display_string	reference/src/ui-menu.c	135
ui	true	handle_string	reference/src/ui-menu.c	143
ui	true	scrolling_get_cursor	reference/src/ui-menu.c	169
ui	true	display_scrolling	reference/src/ui-menu.c	181
ui	true	scroll_get_tag	reference/src/ui-menu.c	216
ui	true	scroll_process_direction	reference/src/ui-menu.c	224
ui	true	object_skin_get_cursor	reference/src/ui-menu.c	262
ui	true	object_skin_display	reference/src/ui-menu.c	274
ui	true	object_skin_get_tag	reference/src/ui-menu.c	309
ui	true	object_skin_process_direction	reference/src/ui-menu.c	317
ui	true	columns_get_cursor	reference/src/ui-menu.c	353
ui	true	display_columns	reference/src/ui-menu.c	372
ui	true	column_get_tag	reference/src/ui-menu.c	404
ui	true	column_process_direction	reference/src/ui-menu.c	412
ui	true	is_valid_row	reference/src/ui-menu.c	449
ui	true	no_valid_row	reference/src/ui-menu.c	465
ui	true	get_cursor_key	reference/src/ui-menu.c	480
ui	true	menu_row_style_for_validity	reference/src/ui-menu.c	530
ui	true	display_menu_row	reference/src/ui-menu.c	551
ui	true	menu_handle_action	reference/src/ui-menu.c	671
ui	true	menu_find_skin	reference/src/ui-menu.c	862
ui	true	menu_calc_size	reference/src/ui-menu.c	916
ui	true	dynamic_valid	reference/src/ui-menu.c	1015
ui	true	dynamic_display	reference/src/ui-menu.c	1027
ui	true	monster_list_get_glyphs	reference/src/ui-mon-list.c	317
ui	true	object_list_format_special	reference/src/ui-obj-list.c	200
ui	true	wipe_obj_list	reference/src/ui-object.c	249
ui	true	set_obj_names	reference/src/ui-object.c	341
ui	true	show_obj_list	reference/src/ui-object.c	381
ui	true	get_tag	reference/src/ui-object.c	693
ui	true	get_item_tag	reference/src/ui-object.c	920
ui	true	get_item_validity	reference/src/ui-object.c	930
ui	true	get_item_display	reference/src/ui-object.c	940
ui	true	get_item_action	reference/src/ui-object.c	950
ui	true	item_menu_browser	reference/src/ui-object.c	1008
ui	true	use_context_menu_list_switcher	reference/src/ui-object.c	1073
ui	true	get_pref_path	reference/src/ui-options.c	44
ui	true	dump_pref_file	reference/src/ui-options.c	82
ui	true	use_option_context_menu	reference/src/ui-options.c	228
ui	true	do_cmd_options_win	reference/src/ui-options.c	386
ui	true	ui_keymap_pref_load	reference/src/ui-options.c	576
ui	true	ui_keymap_pref_append	reference/src/ui-options.c	581
ui	true	keymap_browse_hook	reference/src/ui-options.c	719
ui	true	visuals_pref_load	reference/src/ui-options.c	772
ui	true	visuals_dump_monsters	reference/src/ui-options.c	777
ui	true	visuals_dump_objects	reference/src/ui-options.c	782
ui	true	visuals_dump_features	reference/src/ui-options.c	787
ui	true	visuals_dump_flavors	reference/src/ui-options.c	792
ui	true	visuals_reset	reference/src/ui-options.c	797
ui	true	visuals_browse_hook	reference/src/ui-options.c	821
ui	true	do_cmd_visuals	reference/src/ui-options.c	831
ui	true	colors_pref_load	reference/src/ui-options.c	859
ui	true	colors_pref_dump	reference/src/ui-options.c	871
ui	true	colors_browse_hook	reference/src/ui-options.c	981
ui	true	do_cmd_pref_file_hack	reference/src/ui-options.c	1202
ui	true	do_dump_options	reference/src/ui-options.c	1249
ui	true	do_dump_autoinsc	reference/src/ui-options.c	1256
ui	true	do_dump_charscreen_opt	reference/src/ui-options.c	1263
ui	true	options_load_pref_file	reference/src/ui-options.c	1270
ui	true	ego_display	reference/src/ui-options.c	1361
ui	true	ego_action	reference/src/ui-options.c	1388
ui	true	quality_validity	reference/src/ui-options.c	1531
ui	true	quality_subdisplay	reference/src/ui-options.c	1571
ui	true	seen_tval	reference/src/ui-options.c	1883
ui	true	tag_options_item	reference/src/ui-options.c	1917
ui	true	valid_options_item	reference/src/ui-options.c	1936
ui	true	display_options_item	reference/src/ui-options.c	1955
ui	true	handle_options_item	reference/src/ui-options.c	1976
ui	true	display_area	reference/src/ui-output.c	102
ui	true	view_ability_tag	reference/src/ui-player-properties.c	31
ui	true	panel_allocate	reference/src/ui-player.c	71
ui	true	panel_free	reference/src/ui-player.c	84
ui	true	have_valid_char_sheet_config	reference/src/ui-player.c	146
ui	true	release_char_sheet_config	reference/src/ui-player.c	159
ui	true	check_for_two_categories	reference/src/ui-player.c	175
ui	true	init_ui_player	reference/src/ui-player.c	1313
ui	true	cleanup_ui_player	reference/src/ui-player.c	1319
ui	true	remove_old_dump	reference/src/ui-prefs.c	75
ui	true	pref_header	reference/src/ui-prefs.c	153
ui	true	pref_footer	reference/src/ui-prefs.c	165
ui	true	parse_prefs_load	reference/src/ui-prefs.c	429
ui	true	process_pref_file_expr	reference/src/ui-prefs.c	453
ui	true	parse_prefs_expr	reference/src/ui-prefs.c	577
ui	true	parse_prefs_monster_base	reference/src/ui-prefs.c	702
ui	true	parse_prefs_inscribe	reference/src/ui-prefs.c	930
ui	true	parse_prefs_keymap_action	reference/src/ui-prefs.c	956
ui	true	parse_prefs_keymap_input	reference/src/ui-prefs.c	972
ui	true	parse_prefs_message	reference/src/ui-prefs.c	994
ui	true	parse_prefs_color	reference/src/ui-prefs.c	1025
ui	true	parse_prefs_window	reference/src/ui-prefs.c	1054
ui	true	parse_prefs_entry_renderer	reference/src/ui-prefs.c	1085
ui	true	finish_parse_prefs	reference/src/ui-prefs.c	1162
ui	true	print_error	reference/src/ui-prefs.c	1195
ui	true	process_pref_file_named	reference/src/ui-prefs.c	1212
ui	true	process_pref_file_layered	reference/src/ui-prefs.c	1264
ui	true	install_handler	reference/src/ui-signals.c	43
ui	true	handle_signal_disconnect	reference/src/ui-signals.c	66
ui	true	handle_signal_suspend	reference/src/ui-signals.c	77
ui	true	exit_on_signal	reference/src/ui-signals.c	84
ui	true	handle_signal_simple	reference/src/ui-signals.c	106
ui	true	handle_signal_abort	reference/src/ui-signals.c	219
ui	true	spell_menu_valid	reference/src/ui-spell.c	53
ui	true	spell_menu_destroy	reference/src/ui-spell.c	265
ui	true	spell_menu_select	reference/src/ui-spell.c	276
ui	true	spoiler_menu_act	reference/src/ui-spoil.c	27
ui	true	store_menu_recalc	reference/src/ui-store.c	810
ui	true	context_menu_store	reference/src/ui-store.c	902
ui	true	handle_g_context_store_item	reference/src/ui-store.c	950
ui	true	store_menu_init	reference/src/ui-store.c	1189
ui	true	is_running_keymap	reference/src/ui-target.c	254
ui	true	target_recall_loop_object	reference/src/ui-target.c	376
ui	true	aux_wrapup	reference/src/ui-target.c	956
ui	true	load_path	reference/src/ui-target.c	1174
ui	true	pile_is_tracked	reference/src/ui-target.c	1192
ui	true	pile_has_known	reference/src/ui-target.c	1204
ui	true	term_win_nuke	reference/src/ui-term.c	329
ui	true	term_win_init	reference/src/ui-term.c	355
ui	true	term_win_copy	reference/src/ui-term.c	392
ui	true	Term_curs_hack	reference/src/ui-term.c	491
ui	true	Term_wipe_hack	reference/src/ui-term.c	503
ui	true	Term_text_hack	reference/src/ui-term.c	515
ui	true	Term_pict_hack	reference/src/ui-term.c	528
ui	true	Term_fresh_row_pict	reference/src/ui-term.c	751
ui	true	Term_fresh_row_pict_dblh	reference/src/ui-term.c	843
ui	true	is_padding_changed	reference/src/ui-term.c	1028
ui	true	Term_fresh_row_both	reference/src/ui-term.c	1064
ui	true	Term_fresh_row_both_dblh	reference/src/ui-term.c	1227
ui	true	Term_fresh_row_text	reference/src/ui-term.c	1473
ui	true	log_keypress	reference/src/ui-term.c	2543
ui	true	visuals_color_cycle_free	reference/src/ui-visuals.c	97
ui	true	visuals_cycle_group_new	reference/src/ui-visuals.c	200
ui	true	visuals_cycle_group_free	reference/src/ui-visuals.c	232
ui	true	visuals_cycler_new	reference/src/ui-visuals.c	277
ui	true	visuals_cycler_free	reference/src/ui-visuals.c	307
ui	true	visuals_flicker_free	reference/src/ui-visuals.c	550
ui	true	visuals_parse_context_new	reference/src/ui-visuals.c	678
ui	true	visuals_parse_context_free	reference/src/ui-visuals.c	726
ui	true	visuals_file_parser_run	reference/src/ui-visuals.c	1061
ui	true	visuals_file_parser_finish	reference/src/ui-visuals.c	1072
ui	true	visuals_file_parser_cleanup	reference/src/ui-visuals.c	1084
ui	true	ui_visuals_module_cleanup	reference/src/ui-visuals.c	1141
ui	true	proj_display	reference/src/ui-wizard.c	37
ui	true	get_art_name	reference/src/ui-wizard.c	154
ui	true	wiz_create_item_subdisplay	reference/src/ui-wizard.c	193
ui	true	wiz_create_item_subaction	reference/src/ui-wizard.c	227
ui	true	wiz_create_item_display	reference/src/ui-wizard.c	268
ui	true	wiz_create_item_action	reference/src/ui-wizard.c	287
frontend	true	lread	reference/src/win/readdib.c	47
frontend	true	MakeDIBPalette	reference/src/win/readdib.c	70
frontend	true	MakeBitmapAndPalette	reference/src/win/readdib.c	128
frontend	true	ReadFileFunc	reference/src/win/readpng.c	40
engine	true	spoiler_out_n_chars	reference/src/wiz-spoil.c	55
engine	true	init_stat_vals	reference/src/wiz-stats.c	410
engine	true	first_find	reference/src/wiz-stats.c	430
engine	true	add_stats	reference/src/wiz-stats.c	448
engine	true	get_obj_data	reference/src/wiz-stats.c	476
engine	true	monster_death_stats	reference/src/wiz-stats.c	1110
engine	true	stats_monster	reference/src/wiz-stats.c	1153
engine	true	print_heading	reference/src/wiz-stats.c	1211
engine	true	print_stats	reference/src/wiz-stats.c	1258
engine	true	mean_and_stdv	reference/src/wiz-stats.c	1311
engine	true	prob_of_find	reference/src/wiz-stats.c	1335
engine	true	post_process_stats	reference/src/wiz-stats.c	1390
engine	true	scan_for_objects	reference/src/wiz-stats.c	1435
engine	true	scan_for_monsters	reference/src/wiz-stats.c	1459
engine	true	stats_collect_level	reference/src/wiz-stats.c	1477
engine	true	initialize_covar	reference/src/wiz-stats.c	2043
engine	true	cleanup_covar	reference/src/wiz-stats.c	2060
engine	true	add_to_covar	reference/src/wiz-stats.c	2066
engine	true	compute_covar	reference/src/wiz-stats.c	2104
engine	true	dump_covar_averages	reference/src/wiz-stats.c	2120
engine	true	dump_covar_var	reference/src/wiz-stats.c	2131
engine	true	add_to_i_sum_sum2	reference/src/wiz-stats.c	2151
engine	true	stddev_i_sum_sum2	reference/src/wiz-stats.c	2162
engine	true	initialize_d_sum_sum2	reference/src/wiz-stats.c	2177
engine	true	add_to_d_sum_sum2	reference/src/wiz-stats.c	2183
engine	true	stddev_d_sum_sum2	reference/src/wiz-stats.c	2189
engine	true	initialize_tunnel_aggregate	reference/src/wiz-stats.c	2220
engine	true	cleanup_tunnel_aggregate	reference/src/wiz-stats.c	2231
engine	true	add_to_tunnel_aggregate	reference/src/wiz-stats.c	2240
engine	true	initialize_grid_count_aggregate	reference/src/wiz-stats.c	2318
engine	true	add_to_grid_count_aggregate	reference/src/wiz-stats.c	2356
engine	true	cgenstat_handle_new_level	reference/src/wiz-stats.c	2456
engine	true	cgenstat_handle_level_end	reference/src/wiz-stats.c	2476
engine	true	cgenstat_handle_new_room	reference/src/wiz-stats.c	2525
engine	true	cgenstat_handle_room_end	reference/src/wiz-stats.c	2538
engine	true	cgenstat_handle_tunnel	reference/src/wiz-stats.c	2552
engine	true	initialize_generation_stats	reference/src/wiz-stats.c	2578
engine	true	cleanup_generation_stats	reference/src/wiz-stats.c	2642
engine	true	dump_generation_stats	reference/src/wiz-stats.c	2689
engine	true	is_easily_traversed	reference/src/wiz-stats.c	3286
engine	true	is_floor_trap	reference/src/wiz-stats.c	3292
engine	true	is_impassable_rubble	reference/src/wiz-stats.c	3298
engine	true	is_passable_rubble	reference/src/wiz-stats.c	3303
engine	true	is_magma_treasure	reference/src/wiz-stats.c	3308
engine	true	is_quartz_treasure	reference/src/wiz-stats.c	3313
zlib	true	path_parse	reference/src/z-file.c	121
zlib	true	path_process	reference/src/z-file.c	128
zlib	true	up_heap	reference/src/z-queue.c	115
zlib	true	down_heap	reference/src/z-queue.c	139
zlib	true	textblock_resize_if_needed	reference/src/z-textblock.c	85
zlib	true	textblock_vappend_c	reference/src/z-textblock.c	97
zlib	true	new_line	reference/src/z-textblock.c	206
zlib	true	next_section	reference/src/z-textblock.c	575
zlib	true	hex_char_to_int	reference/src/z-util.c	673
zlib	true	ini_u16n	reference/src/z-util.c	992
zlib	true	zer_u16n	reference/src/z-util.c	1012
zlib	true	ext_u16n	reference/src/z-util.c	1029
zlib	true	msb_u16n	reference/src/z-util.c	1059
zlib	true	cmp_u16n	reference/src/z-util.c	1102
zlib	true	addip_u16n	reference/src/z-util.c	1149
zlib	true	subip_u16n	reference/src/z-util.c	1188
zlib	true	mul_u16n	reference/src/z-util.c	1245
zlib	true	div_u16n	reference/src/z-util.c	1309
