status	bucket	name	file	line	static	evidence
INLINE?	engine	map_info	reference/src/cave-map.c	82	false	identifier present in port sources but not a top-level decl
INLINE?	engine	square_note_spot	reference/src/cave-map.c	226	false	identifier present in port sources but not a top-level decl
INLINE?	engine	square_light_spot	reference/src/cave-map.c	255	false	identifier present in port sources but not a top-level decl
INLINE?	engine	cave_light	reference/src/cave-map.c	277	true	identifier present in port sources but not a top-level decl
INLINE?	engine	cave_unlight	reference/src/cave-map.c	321	true	identifier present in port sources but not a top-level decl
UNMATCHED	engine	cave_room_aux	reference/src/cave-map.c	354	true	
MATCH	engine	light_room	reference/src/cave-map.c	372	false	packages/core/src/game/effect-terrain.ts:94
INLINE?	engine	wiz_light	reference/src/cave-map.c	417	false	identifier present in port sources but not a top-level decl
INLINE?	engine	wiz_dark	reference/src/cave-map.c	488	false	identifier present in port sources but not a top-level decl
MATCH	engine	cave_illuminate	reference/src/cave-map.c	555	false	packages/core/src/gen/cave.ts:2393
MATCH	engine	expose_to_sun	reference/src/cave-map.c	621	false	packages/core/src/game/project-feat.ts:87
UNMATCHED	engine	cave_known	reference/src/cave-map.c	633	false	
MATCH	engine	feat_is_magma	reference/src/cave-square.c	44	false	packages/core/src/world/chunk.ts:26
MATCH	engine	feat_is_quartz	reference/src/cave-square.c	52	false	packages/core/src/world/chunk.ts:30
MATCH	engine	feat_is_granite	reference/src/cave-square.c	60	false	packages/core/src/world/chunk.ts:34
MATCH	engine	feat_is_treasure	reference/src/cave-square.c	68	false	packages/core/src/world/chunk.ts:38
MATCH	engine	feat_is_wall	reference/src/cave-square.c	76	false	packages/core/src/world/chunk.ts:42
MATCH	engine	feat_is_floor	reference/src/cave-square.c	84	false	packages/core/src/world/chunk.ts:46
MATCH	engine	feat_is_trap_holding	reference/src/cave-square.c	92	false	packages/core/src/world/chunk.ts:50
MATCH	engine	feat_is_object_holding	reference/src/cave-square.c	100	false	packages/core/src/world/chunk.ts:57
MATCH	engine	feat_is_monster_walkable	reference/src/cave-square.c	108	false	packages/core/src/world/chunk.ts:64
MATCH	engine	feat_is_shop	reference/src/cave-square.c	116	false	packages/core/src/world/chunk.ts:71
MATCH	engine	feat_is_los	reference/src/cave-square.c	124	false	packages/core/src/world/chunk.ts:75
MATCH	engine	feat_is_passable	reference/src/cave-square.c	132	false	packages/core/src/world/chunk.ts:79
MATCH	engine	feat_is_projectable	reference/src/cave-square.c	140	false	packages/core/src/world/chunk.ts:83
MATCH	engine	feat_is_torch	reference/src/cave-square.c	148	false	packages/core/src/world/chunk.ts:90
MATCH	engine	feat_is_bright	reference/src/cave-square.c	156	false	packages/core/src/world/chunk.ts:94
MATCH	engine	feat_is_fiery	reference/src/cave-square.c	164	false	packages/core/src/world/chunk.ts:98
MATCH	engine	feat_is_no_flow	reference/src/cave-square.c	172	false	packages/core/src/world/chunk.ts:102
MATCH	engine	feat_is_no_scent	reference/src/cave-square.c	180	false	packages/core/src/world/chunk.ts:106
MATCH	engine	feat_is_smooth	reference/src/cave-square.c	188	false	packages/core/src/world/chunk.ts:110
UNMATCHED	engine	square_isfloor	reference/src/cave-square.c	212	false	
UNMATCHED	engine	square_istrappable	reference/src/cave-square.c	220	false	
INLINE?	engine	square_isobjectholding	reference/src/cave-square.c	228	false	identifier present in port sources but not a top-level decl
INLINE?	engine	square_isrock	reference/src/cave-square.c	236	false	identifier present in port sources but not a top-level decl
UNMATCHED	engine	square_isgranite	reference/src/cave-square.c	245	false	
INLINE?	engine	square_isperm	reference/src/cave-square.c	253	false	identifier present in port sources but not a top-level decl
UNMATCHED	engine	square_ismagma	reference/src/cave-square.c	262	false	
UNMATCHED	engine	square_isquartz	reference/src/cave-square.c	270	false	
INLINE?	engine	square_ismineral	reference/src/cave-square.c	278	false	identifier present in port sources but not a top-level decl
INLINE?	engine	square_hasgoldvein	reference/src/cave-square.c	284	false	identifier present in port sources but not a top-level decl
INLINE?	engine	square_isrubble	reference/src/cave-square.c	292	false	identifier present in port sources but not a top-level decl
MATCH	engine	square_issecretdoor	reference/src/cave-square.c	304	false	packages/core/src/game/cave-cmd.ts:207 | packages/core/src/game/monster-turn.ts:1019
MATCH	engine	square_isopendoor	reference/src/cave-square.c	313	false	packages/core/src/game/cave-cmd.ts:196
UNMATCHED	engine	square_iscloseddoor	reference/src/cave-square.c	321	false	
MATCH	engine	square_isbrokendoor	reference/src/cave-square.c	327	false	packages/core/src/game/cave-cmd.ts:201
UNMATCHED	engine	square_isdoor	reference/src/cave-square.c	340	false	
UNMATCHED	engine	square_isstairs	reference/src/cave-square.c	349	false	
UNMATCHED	engine	square_isupstairs	reference/src/cave-square.c	358	false	
UNMATCHED	engine	square_isdownstairs	reference/src/cave-square.c	367	false	
INLINE?	engine	square_isshop	reference/src/cave-square.c	376	false	identifier present in port sources but not a top-level decl
MATCH	engine	square_isplayer	reference/src/cave-square.c	384	false	packages/core/src/game/context.ts:894
UNMATCHED	engine	square_isoccupied	reference/src/cave-square.c	391	false	
MATCH	engine	square_isknown	reference/src/cave-square.c	398	false	packages/core/src/game/known.ts:169
INLINE?	engine	square_ismemorybad	reference/src/cave-square.c	408	false	identifier present in port sources but not a top-level decl
UNMATCHED	engine	square_ismark	reference/src/cave-square.c	424	false	
UNMATCHED	engine	square_isglow	reference/src/cave-square.c	432	false	
MATCH	engine	square_isvault	reference/src/cave-square.c	442	false	packages/core/src/gen/util.ts:415
MATCH	engine	square_isroom	reference/src/cave-square.c	450	false	packages/core/src/gen/util.ts:410
MATCH	engine	square_isseen	reference/src/cave-square.c	458	false	packages/core/src/world/view.ts:212
MATCH	engine	square_isview	reference/src/cave-square.c	466	false	packages/core/src/world/view.ts:208
UNMATCHED	engine	square_wasseen	reference/src/cave-square.c	474	false	
UNMATCHED	engine	square_isfeel	reference/src/cave-square.c	482	false	
MATCH	engine	square_istrap	reference/src/cave-square.c	490	false	packages/core/src/game/trap.ts:126
UNMATCHED	engine	square_isinvis	reference/src/cave-square.c	498	false	
UNMATCHED	engine	square_iswall_inner	reference/src/cave-square.c	506	false	
MATCH	engine	square_iswall_outer	reference/src/cave-square.c	514	false	packages/core/src/gen/util.ts:425
UNMATCHED	engine	square_iswall_solid	reference/src/cave-square.c	522	false	
UNMATCHED	engine	square_ismon_restrict	reference/src/cave-square.c	530	false	
UNMATCHED	engine	square_isno_teleport	reference/src/cave-square.c	538	false	
UNMATCHED	engine	square_isno_map	reference/src/cave-square.c	546	false	
MATCH	engine	square_isno_esp	reference/src/cave-square.c	554	false	packages/core/src/world/view.ts:217
UNMATCHED	engine	square_isproject	reference/src/cave-square.c	562	false	
MATCH	engine	square_isdtrap	reference/src/cave-square.c	570	false	packages/core/src/game/display.ts:759
MATCH	engine	square_isno_stairs	reference/src/cave-square.c	578	false	packages/core/src/gen/util.ts:420
MATCH	engine	square_isopen	reference/src/cave-square.c	597	false	packages/core/src/gen/util.ts:382
MATCH	engine	square_isempty	reference/src/cave-square.c	604	false	packages/core/src/game/context.ts:902 | packages/core/src/gen/util.ts:387
MATCH	engine	square_isarrivable	reference/src/cave-square.c	613	false	packages/core/src/gen/util.ts:394 | packages/core/src/session/game.ts:1696
MATCH	engine	square_canputitem	reference/src/cave-square.c	626	false	packages/core/src/game/floor.ts:239 | packages/core/src/gen/util.ts:403
MATCH	engine	square_isdiggable	reference/src/cave-square.c	635	false	packages/core/src/game/cave-cmd.ts:213
INLINE?	engine	square_iswebbable	reference/src/cave-square.c	644	false	identifier present in port sources but not a top-level decl
UNMATCHED	engine	square_is_monster_walkable	reference/src/cave-square.c	655	false	
INLINE?	engine	square_ispassable	reference/src/cave-square.c	664	false	identifier present in port sources but not a top-level decl
INLINE?	engine	square_isprojectable	reference/src/cave-square.c	672	false	identifier present in port sources but not a top-level decl
INLINE?	engine	square_allowsfeel	reference/src/cave-square.c	680	false	identifier present in port sources but not a top-level decl
INLINE?	engine	square_allowslos	reference/src/cave-square.c	687	false	identifier present in port sources but not a top-level decl
MATCH	engine	square_isstrongwall	reference/src/cave-square.c	698	false	packages/core/src/gen/util.ts:439
INLINE?	engine	square_isbright	reference/src/cave-square.c	706	false	identifier present in port sources but not a top-level decl
INLINE?	engine	square_isfiery	reference/src/cave-square.c	714	false	identifier present in port sources but not a top-level decl
MATCH	engine	square_islit	reference/src/cave-square.c	722	false	packages/core/src/world/view.ts:203
INLINE?	engine	square_isdamaging	reference/src/cave-square.c	730	false	identifier present in port sources but not a top-level decl
UNMATCHED	engine	square_isnoflow	reference/src/cave-square.c	738	false	
UNMATCHED	engine	square_isnoscent	reference/src/cave-square.c	746	false	
MATCH	engine	square_iswarded	reference/src/cave-square.c	751	false	packages/core/src/game/trap.ts:172
MATCH	engine	square_isdecoyed	reference/src/cave-square.c	757	false	packages/core/src/game/monster-turn.ts:404
MATCH	engine	square_iswebbed	reference/src/cave-square.c	763	false	packages/core/src/game/trap.ts:183
INLINE?	engine	square_seemslikewall	reference/src/cave-square.c	769	false	identifier present in port sources but not a top-level decl
MATCH	engine	square_isinteresting	reference/src/cave-square.c	774	false	packages/core/src/game/known.ts:248
INLINE?	engine	square_islockeddoor	reference/src/cave-square.c	783	false	identifier present in port sources but not a top-level decl
UNMATCHED	engine	square_isunlockeddoor	reference/src/cave-square.c	791	false	
MATCH	engine	square_isplayertrap	reference/src/cave-square.c	799	false	packages/core/src/game/trap.ts:140
MATCH	engine	square_isvisibletrap	reference/src/cave-square.c	807	false	packages/core/src/game/trap.ts:145
UNMATCHED	engine	square_issecrettrap	reference/src/cave-square.c	815	false	
MATCH	engine	square_isdisabledtrap	reference/src/cave-square.c	823	false	packages/core/src/game/trap.ts:153
MATCH	engine	square_isdisarmabletrap	reference/src/cave-square.c	832	false	packages/core/src/game/trap.ts:163
MATCH	engine	square_dtrap_edge	reference/src/cave-square.c	841	false	packages/core/src/game/display.ts:764
MATCH	engine	square_changeable	reference/src/cave-square.c	868	false	packages/core/src/game/effect-terrain.ts:174 | packages/core/src/game/quest.ts:115
INLINE?	engine	square_in_bounds	reference/src/cave-square.c	887	false	identifier present in port sources but not a top-level decl
INLINE?	engine	square_in_bounds_fully	reference/src/cave-square.c	894	false	identifier present in port sources but not a top-level decl
MATCH	engine	square_isbelievedwall	reference/src/cave-square.c	904	false	packages/core/src/game/known.ts:183
MATCH	engine	square_isknownpassable	reference/src/cave-square.c	918	false	packages/core/src/game/player-path.ts:659
MATCH	engine	square_suits_stairs_well	reference/src/cave-square.c	929	false	packages/core/src/gen/util.ts:480
MATCH	engine	square_suits_stairs_ok	reference/src/cave-square.c	939	false	packages/core/src/gen/util.ts:490
MATCH	engine	square_allows_summon	reference/src/cave-square.c	949	false	packages/core/src/game/mon-place.ts:167
MATCH	engine	square	reference/src/cave-square.c	963	false	packages/core/src/generated/square-flags.ts:33
UNMATCHED	engine	square_feat	reference/src/cave-square.c	969	false	
UNMATCHED	engine	square_light	reference/src/cave-square.c	975	false	
MATCH	engine	square_monster	reference/src/cave-square.c	984	false	packages/core/src/game/context.ts:887
INLINE?	engine	square_object	reference/src/cave-square.c	998	false	identifier present in port sources but not a top-level decl
MATCH	engine	square_trap	reference/src/cave-square.c	1006	false	packages/core/src/game/trap.ts:121
INLINE?	engine	square_holds_object	reference/src/cave-square.c	1015	false	identifier present in port sources but not a top-level decl
INLINE?	engine	square_excise_object	reference/src/cave-square.c	1023	false	identifier present in port sources but not a top-level decl
UNMATCHED	engine	square_excise_pile	reference/src/cave-square.c	1031	false	
UNMATCHED	engine	square_excise_all_imagined	reference/src/cave-square.c	1051	false	
INLINE?	engine	square_delete_object	reference/src/cave-square.c	1088	false	identifier present in port sources but not a top-level decl
UNMATCHED	engine	forget_remembered_objects	reference/src/cave-square.c	1106	true	
MATCH	engine	square_sense_pile	reference/src/cave-square.c	1142	false	packages/core/src/game/known.ts:445
MATCH	engine	square_know_pile	reference/src/cave-square.c	1164	false	packages/core/src/game/known.ts:279
MATCH	engine	square_num_walls_adjacent	reference/src/cave-square.c	1197	false	packages/core/src/gen/util.ts:462
MATCH	engine	square_num_walls_diagonal	reference/src/cave-square.c	1216	false	packages/core/src/gen/util.ts:471
INLINE?	engine	square_set_feat	reference/src/cave-square.c	1236	false	identifier present in port sources but not a top-level decl
UNMATCHED	engine	square_set_known_feat	reference/src/cave-square.c	1274	true	
UNMATCHED	engine	square_set_mon	reference/src/cave-square.c	1283	false	
UNMATCHED	engine	square_set_obj	reference/src/cave-square.c	1291	false	
UNMATCHED	engine	square_set_trap	reference/src/cave-square.c	1299	false	
UNMATCHED	engine	square_add_trap	reference/src/cave-square.c	1304	false	
INLINE?	engine	square_add_glyph	reference/src/cave-square.c	1310	false	identifier present in port sources but not a top-level decl
UNMATCHED	engine	square_add_web	reference/src/cave-square.c	1331	false	
INLINE?	engine	square_add_stairs	reference/src/cave-square.c	1337	false	identifier present in port sources but not a top-level decl
UNMATCHED	engine	square_add_door	reference/src/cave-square.c	1347	false	
MATCH	engine	square_open_door	reference/src/cave-square.c	1351	false	packages/core/src/game/monster-turn.ts:1030
UNMATCHED	engine	square_close_door	reference/src/cave-square.c	1361	false	
MATCH	engine	square_smash_door	reference/src/cave-square.c	1367	false	packages/core/src/game/monster-turn.ts:1036
UNMATCHED	engine	square_unlock_door	reference/src/cave-square.c	1377	false	
UNMATCHED	engine	square_destroy_door	reference/src/cave-square.c	1382	false	
MATCH	engine	square_destroy_trap	reference/src/cave-square.c	1391	false	packages/core/src/game/trap.ts:190
INLINE?	engine	square_disable_trap	reference/src/cave-square.c	1396	false	identifier present in port sources but not a top-level decl
INLINE?	engine	square_destroy_decoy	reference/src/cave-square.c	1402	false	identifier present in port sources but not a top-level decl
UNMATCHED	engine	square_tunnel_wall	reference/src/cave-square.c	1414	false	
MATCH	engine	square_destroy_wall	reference/src/cave-square.c	1419	false	packages/core/src/game/monster-turn.ts:1025
MATCH	engine	square_smash_wall	reference/src/cave-square.c	1424	false	packages/core/src/game/monster-turn.ts:1048
INLINE?	engine	square_destroy	reference/src/cave-square.c	1459	false	identifier present in port sources but not a top-level decl
INLINE?	engine	square_earthquake	reference/src/cave-square.c	1473	false	identifier present in port sources but not a top-level decl
INLINE?	engine	square_upgrade_mineral	reference/src/cave-square.c	1494	false	identifier present in port sources but not a top-level decl
UNMATCHED	engine	square_destroy_rubble	reference/src/cave-square.c	1502	false	
UNMATCHED	engine	square_force_floor	reference/src/cave-square.c	1507	false	
INLINE?	engine	square_shopnum	reference/src/cave-square.c	1512	false	identifier present in port sources but not a top-level decl
MATCH	engine	square_digging	reference/src/cave-square.c	1518	false	packages/core/src/game/cave-cmd.ts:251
MATCH	engine	square_apparent_name	reference/src/cave-square.c	1532	false	packages/core/src/game/known.ts:214
MATCH	engine	square_apparent_look_prefix	reference/src/cave-square.c	1549	false	packages/core/src/game/known.ts:225
MATCH	engine	square_apparent_look_in_preposition	reference/src/cave-square.c	1566	false	packages/core/src/game/known.ts:238
MATCH	engine	square_memorize	reference/src/cave-square.c	1574	false	packages/core/src/game/known.ts:99
MATCH	engine	square_forget	reference/src/cave-square.c	1580	false	packages/core/src/game/known.ts:104
UNMATCHED	engine	square_mark	reference/src/cave-square.c	1585	false	
INLINE?	engine	square_unmark	reference/src/cave-square.c	1589	false	identifier present in port sources but not a top-level decl
MATCH	engine	distance	reference/src/cave-view.c	38	false	packages/core/src/loc.ts:62
MATCH	engine	los	reference/src/cave-view.c	85	false	packages/core/src/world/view.ts:28
MATCH	engine	mark_wasseen	reference/src/cave-view.c	435	true	packages/core/src/world/view.ts:222
MATCH	engine	source_can_light_wall	reference/src/cave-view.c	462	true	packages/core/src/world/view.ts:235
MATCH	engine	glow_can_light_wall	reference/src/cave-view.c	532	true	packages/core/src/world/view.ts:260
MATCH	engine	add_light	reference/src/cave-view.c	615	true	packages/core/src/world/view.ts:287
MATCH	engine	calc_lighting	reference/src/cave-view.c	653	true	packages/core/src/world/view.ts:314
MATCH	engine	become_viewable	reference/src/cave-view.c	730	true	packages/core/src/world/view.ts:359
MATCH	engine	update_view_one	reference/src/cave-view.c	764	true	packages/core/src/world/view.ts:387
MATCH	engine	update_one	reference/src/cave-view.c	834	true	packages/core/src/world/view.ts:458
MATCH	engine	update_view	reference/src/cave-view.c	871	false	packages/core/src/world/view.ts:485
MATCH	engine	no_light	reference/src/cave-view.c	914	false	packages/core/src/game/cave-cmd.ts:318 | packages/core/src/game/chest.ts:80
MATCH	engine	motion_dir	reference/src/cave.c	253	false	packages/core/src/world/view.ts:179
MATCH	engine	next_grid	reference/src/cave.c	277	false	packages/core/src/gen/util.ts:79 | packages/core/src/world/view.ts:190
INLINE?	engine	lookup_feat	reference/src/cave.c	285	false	identifier present in port sources but not a top-level decl
INLINE?	engine	lookup_feat_code	reference/src/cave.c	315	false	identifier present in port sources but not a top-level decl
UNMATCHED	engine	get_feat_code_name	reference/src/cave.c	336	false	
INLINE?	engine	cave_new	reference/src/cave.c	344	false	identifier present in port sources but not a top-level decl
UNMATCHED	engine	cave_connectors_free	reference/src/cave.c	381	false	
INLINE?	engine	cave_free	reference/src/cave.c	395	false	identifier present in port sources but not a top-level decl
INLINE?	engine	list_object	reference/src/cave.c	438	false	identifier present in port sources but not a top-level decl
INLINE?	engine	delist_object	reference/src/cave.c	485	false	identifier present in port sources but not a top-level decl
UNMATCHED	engine	object_lists_check_integrity	reference/src/cave.c	503	false	
MATCH	engine	scatter	reference/src/cave.c	550	false	packages/core/src/world/scatter.ts:63
MATCH	engine	scatter_ext	reference/src/cave.c	576	false	packages/core/src/world/scatter.ts:24
INLINE?	engine	cave_monster	reference/src/cave.c	618	false	identifier present in port sources but not a top-level decl
INLINE?	engine	cave_monster_max	reference/src/cave.c	626	false	identifier present in port sources but not a top-level decl
MATCH	engine	cave_monster_count	reference/src/cave.c	633	false	packages/core/src/game/world.ts:690
INLINE?	engine	count_feats	reference/src/cave.c	644	false	identifier present in port sources but not a top-level decl
MATCH	engine	count_neighbors	reference/src/cave.c	689	false	packages/core/src/game/player-path.ts:639 | packages/core/src/gen/util.ts:444
MATCH	engine	cave_find_decoy	reference/src/cave.c	719	false	packages/core/src/game/effect-mon-origin.ts:62
INLINE?	engine	do_cmd_go_up	reference/src/cmd-cave.c	56	false	identifier present in port sources but not a top-level decl
INLINE?	engine	do_cmd_go_down	reference/src/cmd-cave.c	101	false	identifier present in port sources but not a top-level decl
INLINE?	engine	do_cmd_open_test	reference/src/cmd-cave.c	149	true	identifier present in port sources but not a top-level decl
INLINE?	engine	do_cmd_open_aux	reference/src/cmd-cave.c	178	true	identifier present in port sources but not a top-level decl
INLINE?	engine	do_cmd_open	reference/src/cmd-cave.c	235	false	identifier present in port sources but not a top-level decl
INLINE?	engine	do_cmd_close_test	reference/src/cmd-cave.c	322	true	identifier present in port sources but not a top-level decl
UNMATCHED	engine	do_cmd_close_aux	reference/src/cmd-cave.c	368	true	
INLINE?	engine	do_cmd_close	reference/src/cmd-cave.c	395	false	identifier present in port sources but not a top-level decl
INLINE?	engine	do_cmd_tunnel_test	reference/src/cmd-cave.c	452	true	identifier present in port sources but not a top-level decl
MATCH	engine	twall	reference/src/cmd-cave.c	497	true	packages/core/src/game/cave-cmd.ts:401
INLINE?	engine	do_cmd_tunnel_aux	reference/src/cmd-cave.c	527	true	identifier present in port sources but not a top-level decl
INLINE?	engine	do_cmd_tunnel	reference/src/cmd-cave.c	653	false	identifier present in port sources but not a top-level decl
INLINE?	engine	do_cmd_disarm_test	reference/src/cmd-cave.c	698	true	identifier present in port sources but not a top-level decl
MATCH	engine	do_cmd_lock_door	reference/src/cmd-cave.c	732	true	packages/core/src/game/cave-cmd.ts:336
INLINE?	engine	do_cmd_disarm_aux	reference/src/cmd-cave.c	788	true	identifier present in port sources but not a top-level decl
INLINE?	engine	do_cmd_disarm	reference/src/cmd-cave.c	858	false	identifier present in port sources but not a top-level decl
INLINE?	engine	do_cmd_alter_aux	reference/src/cmd-cave.c	950	true	identifier present in port sources but not a top-level decl
INLINE?	engine	do_cmd_alter	reference/src/cmd-cave.c	1005	false	identifier present in port sources but not a top-level decl
MATCH	engine	do_cmd_steal_aux	reference/src/cmd-cave.c	1016	true	packages/core/src/game/steal.ts:137
INLINE?	engine	do_cmd_steal	reference/src/cmd-cave.c	1039	false	identifier present in port sources but not a top-level decl
MATCH	engine	move_player	reference/src/cmd-cave.c	1058	false	packages/core/src/game/context.ts:1025
INLINE?	engine	do_cmd_walk_test	reference/src/cmd-cave.c	1207	true	identifier present in port sources but not a top-level decl
INLINE?	engine	do_cmd_walk	reference/src/cmd-cave.c	1277	false	identifier present in port sources but not a top-level decl
INLINE?	engine	do_cmd_jump	reference/src/cmd-cave.c	1319	false	identifier present in port sources but not a top-level decl
INLINE?	engine	do_cmd_run	reference/src/cmd-cave.c	1359	false	identifier present in port sources but not a top-level decl
UNMATCHED	engine	do_cmd_navigate_down	reference/src/cmd-cave.c	1408	false	
UNMATCHED	engine	do_cmd_navigate_up	reference/src/cmd-cave.c	1454	false	
INLINE?	engine	do_cmd_explore	reference/src/cmd-cave.c	1500	false	identifier present in port sources but not a top-level decl
INLINE?	engine	do_cmd_pathfind	reference/src/cmd-cave.c	1551	false	identifier present in port sources but not a top-level decl
INLINE?	engine	do_cmd_hold	reference/src/cmd-cave.c	1580	false	identifier present in port sources but not a top-level decl
INLINE?	engine	do_cmd_rest	reference/src/cmd-cave.c	1619	false	identifier present in port sources but not a top-level decl
INLINE?	engine	do_cmd_sleep	reference/src/cmd-cave.c	1675	false	identifier present in port sources but not a top-level decl
MATCH	engine	display_feeling	reference/src/cmd-cave.c	1729	false	packages/core/src/game/cave-cmd.ts:145
INLINE?	engine	do_cmd_feeling	reference/src/cmd-cave.c	1777	false	identifier present in port sources but not a top-level decl
MATCH	engine	do_cmd_mon_command	reference/src/cmd-cave.c	1788	false	packages/core/src/game/mon-cmd.ts:703
MATCH	engine	cmd_copy	reference/src/cmd-core.c	179	false	packages/core/src/cmd.ts:324
UNMATCHED	engine	cmd_release	reference/src/cmd-core.c	196	false	
MATCH	engine	cmd_verb	reference/src/cmd-core.c	209	false	packages/core/src/cmd.ts:284
INLINE?	engine	cmd_idx	reference/src/cmd-core.c	222	true	identifier present in port sources but not a top-level decl
INLINE?	engine	cmdq_peek	reference/src/cmd-core.c	264	false	identifier present in port sources but not a top-level decl
INLINE?	engine	cmdq_push_copy	reference/src/cmd-core.c	276	false	identifier present in port sources but not a top-level decl
INLINE?	engine	process_command	reference/src/cmd-core.c	329	true	identifier present in port sources but not a top-level decl
INLINE?	engine	cmdq_pop	reference/src/cmd-core.c	399	false	identifier present in port sources but not a top-level decl
INLINE?	engine	cmdq_push_repeat	reference/src/cmd-core.c	428	false	identifier present in port sources but not a top-level decl
INLINE?	engine	cmdq_push	reference/src/cmd-core.c	450	false	identifier present in port sources but not a top-level decl
INLINE?	engine	cmdq_execute	reference/src/cmd-core.c	460	false	identifier present in port sources but not a top-level decl
INLINE?	engine	cmdq_flush	reference/src/cmd-core.c	468	false	identifier present in port sources but not a top-level decl
INLINE?	engine	cmdq_release	reference/src/cmd-core.c	476	false	identifier present in port sources but not a top-level decl
INLINE?	engine	cmd_cancel_repeat	reference/src/cmd-core.c	497	false	identifier present in port sources but not a top-level decl
INLINE?	engine	cmd_set_repeat	reference/src/cmd-core.c	514	false	identifier present in port sources but not a top-level decl
INLINE?	engine	cmd_get_nrepeats	reference/src/cmd-core.c	529	false	identifier present in port sources but not a top-level decl
INLINE?	engine	cmd_disable_repeat	reference/src/cmd-core.c	539	false	identifier present in port sources but not a top-level decl
UNMATCHED	engine	cmd_disable_repeat_floor_item	reference/src/cmd-core.c	548	false	
MATCH	engine	cmd_set_arg	reference/src/cmd-core.c	588	true	packages/core/src/cmd.ts:335
MATCH	engine	cmd_get_arg	reference/src/cmd-core.c	630	true	packages/core/src/cmd.ts:343
UNMATCHED	engine	cmd_set_arg_choice	reference/src/cmd-core.c	674	false	
INLINE?	engine	cmd_get_arg_choice	reference/src/cmd-core.c	684	false	identifier present in port sources but not a top-level decl
INLINE?	engine	cmd_get_spell	reference/src/cmd-core.c	717	false	identifier present in port sources but not a top-level decl
INLINE?	engine	cmd_get_effect_from_list	reference/src/cmd-core.c	769	false	identifier present in port sources but not a top-level decl
UNMATCHED	engine	cmd_set_arg_string	reference/src/cmd-core.c	810	false	
UNMATCHED	engine	cmd_get_arg_string	reference/src/cmd-core.c	823	false	
UNMATCHED	engine	cmd_get_string	reference/src/cmd-core.c	840	false	
UNMATCHED	engine	cmd_set_arg_direction	reference/src/cmd-core.c	873	false	
UNMATCHED	engine	cmd_get_arg_direction	reference/src/cmd-core.c	883	false	
INLINE?	engine	cmd_get_direction	reference/src/cmd-core.c	897	false	identifier present in port sources but not a top-level decl
UNMATCHED	engine	cmd_set_arg_target	reference/src/cmd-core.c	931	false	
UNMATCHED	engine	cmd_get_arg_target	reference/src/cmd-core.c	941	false	
INLINE?	engine	cmd_get_target	reference/src/cmd-core.c	955	false	identifier present in port sources but not a top-level decl
UNMATCHED	engine	cmd_set_arg_point	reference/src/cmd-core.c	979	false	
UNMATCHED	engine	cmd_get_arg_point	reference/src/cmd-core.c	989	false	
INLINE?	engine	cmd_get_point	reference/src/cmd-core.c	1010	false	identifier present in port sources but not a top-level decl
INLINE?	engine	cmd_set_arg_item	reference/src/cmd-core.c	1032	false	identifier present in port sources but not a top-level decl
INLINE?	engine	cmd_get_arg_item	reference/src/cmd-core.c	1042	false	identifier present in port sources but not a top-level decl
INLINE?	engine	cmd_get_item	reference/src/cmd-core.c	1056	false	identifier present in port sources but not a top-level decl
UNMATCHED	engine	cmd_set_arg_number	reference/src/cmd-core.c	1084	false	
INLINE?	engine	cmd_get_arg_number	reference/src/cmd-core.c	1094	false	identifier present in port sources but not a top-level decl
UNMATCHED	engine	cmd_get_quantity	reference/src/cmd-core.c	1108	false	
INLINE?	engine	do_cmd_wizard	reference/src/cmd-misc.c	37	false	identifier present in port sources but not a top-level decl
INLINE?	engine	do_cmd_retire	reference/src/cmd-misc.c	73	false	identifier present in port sources but not a top-level decl
INLINE?	engine	do_cmd_note	reference/src/cmd-misc.c	88	false	identifier present in port sources but not a top-level decl
UNMATCHED	engine	do_cmd_try_borg	reference/src/cmd-misc.c	125	false	
MATCH	engine	check_devices	reference/src/cmd-obj.c	59	true	packages/core/src/game/obj-cmd.ts:314
MATCH	engine	beam_chance	reference/src/cmd-obj.c	112	true	packages/core/src/game/obj-cmd.ts:283
MATCH	engine	activation_message	reference/src/cmd-obj.c	127	true	packages/core/src/game/obj-cmd.ts:681
INLINE?	engine	do_cmd_uninscribe	reference/src/cmd-obj.c	153	false	identifier present in port sources but not a top-level decl
INLINE?	engine	do_cmd_inscribe	reference/src/cmd-obj.c	179	false	identifier present in port sources but not a top-level decl
INLINE?	engine	do_cmd_autoinscribe	reference/src/cmd-obj.c	219	false	identifier present in port sources but not a top-level decl
INLINE?	engine	do_cmd_takeoff	reference/src/cmd-obj.c	239	false	identifier present in port sources but not a top-level decl
INLINE?	engine	do_cmd_wield	reference/src/cmd-obj.c	265	false	identifier present in port sources but not a top-level decl
INLINE?	engine	do_cmd_drop	reference/src/cmd-obj.c	360	false	identifier present in port sources but not a top-level decl
MATCH	engine	use_aux	reference/src/cmd-obj.c	407	true	packages/core/src/game/obj-cmd.ts:704
UNMATCHED	engine	do_cmd_read_scroll	reference/src/cmd-obj.c	739	false	
INLINE?	engine	do_cmd_use_staff	reference/src/cmd-obj.c	764	false	identifier present in port sources but not a top-level decl
INLINE?	engine	do_cmd_aim_wand	reference/src/cmd-obj.c	798	false	identifier present in port sources but not a top-level decl
INLINE?	engine	do_cmd_zap_rod	reference/src/cmd-obj.c	832	false	identifier present in port sources but not a top-level decl
INLINE?	engine	do_cmd_activate	reference/src/cmd-obj.c	866	false	identifier present in port sources but not a top-level decl
UNMATCHED	engine	do_cmd_eat_food	reference/src/cmd-obj.c	900	false	
UNMATCHED	engine	do_cmd_quaff_potion	reference/src/cmd-obj.c	917	false	
INLINE?	engine	do_cmd_use	reference/src/cmd-obj.c	938	false	identifier present in port sources but not a top-level decl
MATCH	engine	refill_lamp	reference/src/cmd-obj.c	1008	true	packages/core/src/game/obj-cmd.ts:412
INLINE?	engine	do_cmd_refill	reference/src/cmd-obj.c	1071	false	identifier present in port sources but not a top-level decl
UNMATCHED	engine	do_cmd_cast	reference/src/cmd-obj.c	1113	false	
INLINE?	engine	do_cmd_study_spell	reference/src/cmd-obj.c	1177	false	identifier present in port sources but not a top-level decl
INLINE?	engine	do_cmd_study_book	reference/src/cmd-obj.c	1200	false	identifier present in port sources but not a top-level decl
UNMATCHED	engine	do_cmd_study	reference/src/cmd-obj.c	1245	false	
MATCH	engine	player_pickup_gold	reference/src/cmd-pickup.c	45	true	packages/core/src/game/pickup.ts:140
INLINE?	engine	find_stack_object_in_inventory	reference/src/cmd-pickup.c	128	true	identifier present in port sources but not a top-level decl
MATCH	engine	auto_pickup_okay	reference/src/cmd-pickup.c	147	true	packages/core/src/game/pickup.ts:173
MATCH	engine	player_pickup_aux	reference/src/cmd-pickup.c	236	true	packages/core/src/game/pickup.ts:224
MATCH	engine	player_pickup_item	reference/src/cmd-pickup.c	304	true	packages/core/src/game/pickup.ts:277
MATCH	engine	do_autopickup	reference/src/cmd-pickup.c	408	false	packages/core/src/game/pickup.ts:329
INLINE?	engine	do_cmd_pickup	reference/src/cmd-pickup.c	449	false	identifier present in port sources but not a top-level decl
INLINE?	engine	do_cmd_autopickup	reference/src/cmd-pickup.c	475	false	identifier present in port sources but not a top-level decl
UNMATCHED	engine	do_cmd_spoil_artifact	reference/src/cmd-spoil.c	28	false	
UNMATCHED	engine	do_cmd_spoil_monster	reference/src/cmd-spoil.c	37	false	
UNMATCHED	engine	do_cmd_spoil_monster_brief	reference/src/cmd-spoil.c	47	false	
UNMATCHED	engine	do_cmd_spoil_obj	reference/src/cmd-spoil.c	56	false	
UNMATCHED	engine	get_int_from_string	reference/src/cmd-wizard.c	67	true	
UNMATCHED	engine	get_long_from_string	reference/src/cmd-wizard.c	95	true	
INLINE?	engine	prt_binary	reference/src/cmd-wizard.c	117	true	identifier present in port sources but not a top-level decl
MATCH	engine	wiz_create_object_from_artifact	reference/src/cmd-wizard.c	139	true	packages/core/src/game/wizard.ts:307
MATCH	engine	wiz_create_object_from_kind	reference/src/cmd-wizard.c	169	true	packages/core/src/game/wizard.ts:280
MATCH	engine	wiz_display_item	reference/src/cmd-wizard.c	190	true	packages/core/src/game/wizard.ts:1171
MATCH	engine	wiz_drop_object	reference/src/cmd-wizard.c	292	true	packages/core/src/game/wizard.ts:333
UNMATCHED	engine	wiz_hack_map	reference/src/cmd-wizard.c	319	true	
UNMATCHED	engine	wiz_play_item_notify_changed	reference/src/cmd-wizard.c	356	true	
UNMATCHED	engine	wiz_play_item_standard_upkeep	reference/src/cmd-wizard.c	370	true	
INLINE?	engine	do_cmd_wiz_acquire	reference/src/cmd-wizard.c	389	false	identifier present in port sources but not a top-level decl
INLINE?	engine	do_cmd_wiz_advance	reference/src/cmd-wizard.c	414	false	identifier present in port sources but not a top-level decl
INLINE?	engine	do_cmd_wiz_banish	reference/src/cmd-wizard.c	449	false	identifier present in port sources but not a top-level decl
UNMATCHED	engine	do_cmd_wiz_change_item_quantity	reference/src/cmd-wizard.c	484	false	
UNMATCHED	engine	do_cmd_wiz_collect_disconnect_stats	reference/src/cmd-wizard.c	585	false	
UNMATCHED	engine	do_cmd_wiz_collect_obj_mon_stats	reference/src/cmd-wizard.c	622	false	
UNMATCHED	engine	do_cmd_wiz_collect_pit_stats	reference/src/cmd-wizard.c	671	false	
INLINE?	engine	do_cmd_wiz_create_all_artifact	reference/src/cmd-wizard.c	728	false	identifier present in port sources but not a top-level decl
INLINE?	engine	do_cmd_wiz_create_all_artifact_from_tval	reference/src/cmd-wizard.c	746	false	identifier present in port sources but not a top-level decl
INLINE?	engine	do_cmd_wiz_create_all_obj	reference/src/cmd-wizard.c	780	false	identifier present in port sources but not a top-level decl
INLINE?	engine	do_cmd_wiz_create_all_obj_from_tval	reference/src/cmd-wizard.c	803	false	identifier present in port sources but not a top-level decl
INLINE?	engine	do_cmd_wiz_create_artifact	reference/src/cmd-wizard.c	842	false	identifier present in port sources but not a top-level decl
INLINE?	engine	do_cmd_wiz_create_obj	reference/src/cmd-wizard.c	873	false	identifier present in port sources but not a top-level decl
INLINE?	engine	do_cmd_wiz_create_trap	reference/src/cmd-wizard.c	904	false	identifier present in port sources but not a top-level decl
INLINE?	engine	do_cmd_wiz_cure_all	reference/src/cmd-wizard.c	941	false	identifier present in port sources but not a top-level decl
INLINE?	engine	do_cmd_wiz_curse_item	reference/src/cmd-wizard.c	1004	false	identifier present in port sources but not a top-level decl
INLINE?	engine	do_cmd_wiz_detect_all_local	reference/src/cmd-wizard.c	1068	false	identifier present in port sources but not a top-level decl
INLINE?	engine	do_cmd_wiz_detect_all_monsters	reference/src/cmd-wizard.c	1091	false	identifier present in port sources but not a top-level decl
INLINE?	engine	do_cmd_wiz_dump_level_map	reference/src/cmd-wizard.c	1112	false	identifier present in port sources but not a top-level decl
INLINE?	engine	do_cmd_wiz_edit_player_exp	reference/src/cmd-wizard.c	1137	false	identifier present in port sources but not a top-level decl
INLINE?	engine	do_cmd_wiz_edit_player_gold	reference/src/cmd-wizard.c	1169	false	identifier present in port sources but not a top-level decl
INLINE?	engine	do_cmd_wiz_edit_player_start	reference/src/cmd-wizard.c	1202	false	identifier present in port sources but not a top-level decl
INLINE?	engine	do_cmd_wiz_edit_player_stat	reference/src/cmd-wizard.c	1247	false	identifier present in port sources but not a top-level decl
INLINE?	engine	do_cmd_wiz_hit_all_los	reference/src/cmd-wizard.c	1303	false	identifier present in port sources but not a top-level decl
INLINE?	engine	do_cmd_wiz_increase_exp	reference/src/cmd-wizard.c	1314	false	identifier present in port sources but not a top-level decl
INLINE?	engine	do_cmd_wiz_jump_level	reference/src/cmd-wizard.c	1339	false	identifier present in port sources but not a top-level decl
INLINE?	engine	do_cmd_wiz_learn_object_kinds	reference/src/cmd-wizard.c	1386	false	identifier present in port sources but not a top-level decl
INLINE?	engine	do_cmd_wiz_magic_map	reference/src/cmd-wizard.c	1418	false	identifier present in port sources but not a top-level decl
UNMATCHED	engine	wiz_hack_map_peek_noise	reference/src/cmd-wizard.c	1436	true	
UNMATCHED	engine	wiz_hack_map_peek_scent	reference/src/cmd-wizard.c	1460	true	
INLINE?	engine	do_cmd_wiz_peek_noise_scent	reference/src/cmd-wizard.c	1477	false	identifier present in port sources but not a top-level decl
INLINE?	engine	do_cmd_wiz_perform_effect	reference/src/cmd-wizard.c	1524	false	identifier present in port sources but not a top-level decl
INLINE?	engine	do_cmd_wiz_play_item	reference/src/cmd-wizard.c	1596	false	identifier present in port sources but not a top-level decl
INLINE?	engine	do_cmd_wiz_push_object	reference/src/cmd-wizard.c	1871	false	identifier present in port sources but not a top-level decl
UNMATCHED	engine	wiz_hack_map_query_feature	reference/src/cmd-wizard.c	1901	true	
INLINE?	engine	do_cmd_wiz_query_feature	reference/src/cmd-wizard.c	1930	false	identifier present in port sources but not a top-level decl
UNMATCHED	engine	wiz_hack_map_query_square_flag	reference/src/cmd-wizard.c	2082	true	
INLINE?	engine	do_cmd_wiz_query_square_flag	reference/src/cmd-wizard.c	2105	false	identifier present in port sources but not a top-level decl
UNMATCHED	engine	do_cmd_wiz_quit_no_save	reference/src/cmd-wizard.c	2149	false	
INLINE?	engine	do_cmd_wiz_recall_monster	reference/src/cmd-wizard.c	2161	false	identifier present in port sources but not a top-level decl
INLINE?	engine	do_cmd_wiz_rerate	reference/src/cmd-wizard.c	2209	false	identifier present in port sources but not a top-level decl
INLINE?	engine	do_cmd_wiz_reroll_item	reference/src/cmd-wizard.c	2254	false	identifier present in port sources but not a top-level decl
INLINE?	engine	do_cmd_wiz_stat_item	reference/src/cmd-wizard.c	2386	false	identifier present in port sources but not a top-level decl
INLINE?	engine	do_cmd_wiz_summon_named	reference/src/cmd-wizard.c	2569	false	identifier present in port sources but not a top-level decl
INLINE?	engine	do_cmd_wiz_summon_random	reference/src/cmd-wizard.c	2629	false	identifier present in port sources but not a top-level decl
INLINE?	engine	do_cmd_wiz_teleport_random	reference/src/cmd-wizard.c	2651	false	identifier present in port sources but not a top-level decl
INLINE?	engine	do_cmd_wiz_teleport_to	reference/src/cmd-wizard.c	2673	false	identifier present in port sources but not a top-level decl
INLINE?	engine	do_cmd_wiz_tweak_item	reference/src/cmd-wizard.c	2698	false	identifier present in port sources but not a top-level decl
INLINE?	engine	do_cmd_wiz_wipe_recall	reference/src/cmd-wizard.c	2860	false	identifier present in port sources but not a top-level decl
INLINE?	engine	do_cmd_wiz_wizard_light	reference/src/cmd-wizard.c	2907	false	identifier present in port sources but not a top-level decl
UNMATCHED	engine	run_parser	reference/src/datafile.c	45	false	
UNMATCHED	engine	parse_file_quit_not_found	reference/src/datafile.c	71	false	
UNMATCHED	engine	parse_file	reference/src/datafile.c	87	false	
UNMATCHED	engine	cleanup_parser	reference/src/datafile.c	144	false	
UNMATCHED	engine	lookup_flag	reference/src/datafile.c	149	false	
INLINE?	engine	code_index_in_array	reference/src/datafile.c	161	false	identifier present in port sources but not a top-level decl
MATCH	engine	find_value_arg	reference/src/datafile.c	189	true	packages/core/src/obj/bind.ts:130 | packages/core/src/player/bind.ts:341
MATCH	engine	grab_rand_value	reference/src/datafile.c	245	false	packages/core/src/obj/bind.ts:142
MATCH	engine	grab_int_value	reference/src/datafile.c	287	false	packages/core/src/obj/bind.ts:163
MATCH	engine	grab_int_range	reference/src/datafile.c	323	false	packages/core/src/obj/bind.ts:120
MATCH	engine	grab_index_and_int	reference/src/datafile.c	372	false	packages/core/src/obj/bind.ts:182
UNMATCHED	engine	grab_base_and_int	reference/src/datafile.c	410	false	
UNMATCHED	engine	grab_name	reference/src/datafile.c	433	false	
MATCH	engine	grab_flag	reference/src/datafile.c	453	false	packages/core/src/obj/bind.ts:226
INLINE?	engine	remove_flag	reference/src/datafile.c	463	false	identifier present in port sources but not a top-level decl
UNMATCHED	engine	write_flags	reference/src/datafile.c	482	false	
UNMATCHED	engine	write_mods	reference/src/datafile.c	520	false	
UNMATCHED	engine	write_elements	reference/src/datafile.c	569	false	
UNMATCHED	engine	set_archive_user_prefix	reference/src/datafile.c	617	false	
UNMATCHED	engine	file_archive	reference/src/datafile.c	626	false	
UNMATCHED	engine	randart_file_exists	reference/src/datafile.c	658	false	
UNMATCHED	engine	activate_randart_file	reference/src/datafile.c	673	false	
UNMATCHED	engine	deactivate_randart_file	reference/src/datafile.c	692	false	
UNMATCHED	engine	to_stderr	reference/src/debug.c	30	true	
INLINE?	engine	debug	reference/src/debug.c	42	false	identifier present in port sources but not a top-level decl
INLINE?	engine	get_target	reference/src/effect-handler-attack.c	38	true	identifier present in port sources but not a top-level decl
INLINE?	engine	project_aimed	reference/src/effect-handler-attack.c	94	true	identifier present in port sources but not a top-level decl
INLINE?	engine	project_touch	reference/src/effect-handler-attack.c	112	true	identifier present in port sources but not a top-level decl
INLINE?	engine	effect_handler_BOLT	reference/src/effect-handler-attack.c	127	false	identifier present in port sources but not a top-level decl
INLINE?	engine	effect_handler_BEAM	reference/src/effect-handler-attack.c	143	false	identifier present in port sources but not a top-level decl
UNMATCHED	engine	effect_handler_BOLT_OR_BEAM	reference/src/effect-handler-attack.c	158	false	
INLINE?	engine	effect_handler_LINE	reference/src/effect-handler-attack.c	173	false	identifier present in port sources but not a top-level decl
INLINE?	engine	effect_handler_ALTER	reference/src/effect-handler-attack.c	186	false	identifier present in port sources but not a top-level decl
UNMATCHED	engine	effect_handler_HEAL_HP	reference/src/effect-handler-attack.c	201	false	
UNMATCHED	engine	effect_handler_MON_HEAL_HP	reference/src/effect-handler-attack.c	254	false	
UNMATCHED	engine	effect_handler_MON_HEAL_KIN	reference/src/effect-handler-attack.c	311	false	
UNMATCHED	engine	effect_handler_BOLT_STATUS	reference/src/effect-handler-attack.c	368	false	
UNMATCHED	engine	effect_handler_BOLT_STATUS_DAM	reference/src/effect-handler-attack.c	383	false	
UNMATCHED	engine	effect_handler_BOLT_AWARE	reference/src/effect-handler-attack.c	398	false	
INLINE?	engine	effect_handler_TOUCH	reference/src/effect-handler-attack.c	411	false	identifier present in port sources but not a top-level decl
UNMATCHED	engine	effect_handler_TOUCH_AWARE	reference/src/effect-handler-attack.c	446	false	
UNMATCHED	engine	effect_handler_DAMAGE	reference/src/effect-handler-attack.c	458	false	
INLINE?	engine	effect_handler_SPOT	reference/src/effect-handler-attack.c	545	false	identifier present in port sources but not a top-level decl
INLINE?	engine	effect_handler_SPHERE	reference/src/effect-handler-attack.c	571	false	identifier present in port sources but not a top-level decl
INLINE?	engine	effect_handler_BALL	reference/src/effect-handler-attack.c	594	false	identifier present in port sources but not a top-level decl
INLINE?	engine	effect_handler_BREATH	reference/src/effect-handler-attack.c	681	false	identifier present in port sources but not a top-level decl
INLINE?	engine	effect_handler_ARC	reference/src/effect-handler-attack.c	789	false	identifier present in port sources but not a top-level decl
INLINE?	engine	effect_handler_SHORT_BEAM	reference/src/effect-handler-attack.c	852	false	identifier present in port sources but not a top-level decl
INLINE?	engine	effect_handler_LASH	reference/src/effect-handler-attack.c	899	false	identifier present in port sources but not a top-level decl
INLINE?	engine	effect_handler_SWARM	reference/src/effect-handler-attack.c	974	false	identifier present in port sources but not a top-level decl
INLINE?	engine	effect_handler_STRIKE	reference/src/effect-handler-attack.c	1001	false	identifier present in port sources but not a top-level decl
INLINE?	engine	effect_handler_STAR	reference/src/effect-handler-attack.c	1032	false	identifier present in port sources but not a top-level decl
INLINE?	engine	effect_handler_STAR_BALL	reference/src/effect-handler-attack.c	1062	false	identifier present in port sources but not a top-level decl
INLINE?	engine	effect_handler_PROJECT_LOS	reference/src/effect-handler-attack.c	1088	false	identifier present in port sources but not a top-level decl
UNMATCHED	engine	effect_handler_PROJECT_LOS_AWARE	reference/src/effect-handler-attack.c	1125	false	
UNMATCHED	engine	effect_handler_DESTRUCTION	reference/src/effect-handler-attack.c	1169	false	
UNMATCHED	engine	effect_handler_EARTHQUAKE	reference/src/effect-handler-attack.c	1290	false	
UNMATCHED	engine	effect_handler_TAP_UNLIFE	reference/src/effect-handler-attack.c	1615	false	
UNMATCHED	engine	effect_handler_CURSE	reference/src/effect-handler-attack.c	1665	false	
UNMATCHED	engine	effect_handler_JUMP_AND_BITE	reference/src/effect-handler-attack.c	1710	false	
UNMATCHED	engine	effect_handler_MOVE_ATTACK	reference/src/effect-handler-attack.c	1785	false	
UNMATCHED	engine	effect_handler_SINGLE_COMBAT	reference/src/effect-handler-attack.c	1857	false	
UNMATCHED	engine	effect_handler_MELEE_BLOWS	reference/src/effect-handler-attack.c	1907	false	
UNMATCHED	engine	effect_handler_SWEEP	reference/src/effect-handler-attack.c	1955	false	
INLINE?	engine	effect_handler_WONDER	reference/src/effect-handler-attack.c	1988	false	identifier present in port sources but not a top-level decl
MATCH	engine	effect_calculate_value	reference/src/effect-handler-general.c	58	false	packages/core/src/effects/interpreter.ts:221
MATCH	engine	desc_stat	reference/src/effect-handler-general.c	84	true	packages/core/src/game/effect-general.ts:110
MATCH	engine	monster_target_monster	reference/src/effect-handler-general.c	96	false	packages/core/src/game/effect-mon-origin.ts:49
MATCH	engine	has_teleport_destination_prereqs	reference/src/effect-handler-general.c	132	true	packages/core/src/game/effect-teleport.ts:102
INLINE?	engine	item_tester_uncursable	reference/src/effect-handler-general.c	162	true	identifier present in port sources but not a top-level decl
INLINE?	engine	uncurse_object	reference/src/effect-handler-general.c	179	true	identifier present in port sources but not a top-level decl
INLINE?	engine	item_tester_unknown	reference/src/effect-handler-general.c	247	true	identifier present in port sources but not a top-level decl
MATCH	engine	enchant_score	reference/src/effect-handler-general.c	268	true	packages/core/src/game/effect-item.ts:307
UNMATCHED	engine	enchant2	reference/src/effect-handler-general.c	294	true	
MATCH	engine	enchant	reference/src/effect-handler-general.c	319	true	packages/core/src/game/effect-item.ts:333
MATCH	engine	enchant_spell	reference/src/effect-handler-general.c	373	true	packages/core/src/game/effect-item.ts:382
MATCH	engine	brand_object	reference/src/effect-handler-general.c	427	true	packages/core/src/game/effect-item.ts:422
UNMATCHED	engine	effect_handler_RANDOM	reference/src/effect-handler-general.c	493	false	
UNMATCHED	engine	effect_handler_NOURISH	reference/src/effect-handler-general.c	501	false	
UNMATCHED	engine	effect_handler_CRUNCH	reference/src/effect-handler-general.c	536	false	
UNMATCHED	engine	effect_handler_CURE	reference/src/effect-handler-general.c	549	false	
UNMATCHED	engine	effect_handler_TIMED_SET	reference/src/effect-handler-general.c	561	false	
UNMATCHED	engine	effect_handler_TIMED_INC	reference/src/effect-handler-general.c	576	false	
UNMATCHED	engine	effect_handler_TIMED_INC_NO_RES	reference/src/effect-handler-general.c	647	false	
UNMATCHED	engine	effect_handler_MON_TIMED_INC	reference/src/effect-handler-general.c	667	false	
UNMATCHED	engine	effect_handler_TIMED_DEC	reference/src/effect-handler-general.c	686	false	
UNMATCHED	engine	effect_handler_GLYPH	reference/src/effect-handler-general.c	700	false	
UNMATCHED	engine	effect_handler_WEB	reference/src/effect-handler-general.c	732	false	
UNMATCHED	engine	effect_handler_RESTORE_STAT	reference/src/effect-handler-general.c	773	false	
UNMATCHED	engine	effect_handler_DRAIN_STAT	reference/src/effect-handler-general.c	803	false	
UNMATCHED	engine	effect_handler_LOSE_RANDOM_STAT	reference/src/effect-handler-general.c	852	false	
UNMATCHED	engine	effect_handler_GAIN_STAT	reference/src/effect-handler-general.c	875	false	
UNMATCHED	engine	effect_handler_RESTORE_EXP	reference/src/effect-handler-general.c	893	false	
UNMATCHED	engine	effect_handler_GAIN_EXP	reference/src/effect-handler-general.c	913	false	
UNMATCHED	engine	effect_handler_DRAIN_LIGHT	reference/src/effect-handler-general.c	928	false	
UNMATCHED	engine	effect_handler_DRAIN_MANA	reference/src/effect-handler-general.c	956	false	
UNMATCHED	engine	effect_handler_RESTORE_MANA	reference/src/effect-handler-general.c	1029	false	
INLINE?	engine	effect_handler_REMOVE_CURSE	reference/src/effect-handler-general.c	1051	false	identifier present in port sources but not a top-level decl
UNMATCHED	engine	effect_handler_RECALL	reference/src/effect-handler-general.c	1093	false	
UNMATCHED	engine	effect_handler_DEEP_DESCENT	reference/src/effect-handler-general.c	1163	false	
UNMATCHED	engine	effect_handler_ALTER_REALITY	reference/src/effect-handler-general.c	1184	false	
UNMATCHED	engine	effect_handler_MAP_AREA	reference/src/effect-handler-general.c	1201	false	
UNMATCHED	engine	effect_handler_READ_MINDS	reference/src/effect-handler-general.c	1286	false	
UNMATCHED	engine	effect_handler_DETECT_TRAPS	reference/src/effect-handler-general.c	1321	false	
UNMATCHED	engine	effect_handler_DETECT_DOORS	reference/src/effect-handler-general.c	1398	false	
UNMATCHED	engine	effect_handler_DETECT_STAIRS	reference/src/effect-handler-general.c	1467	false	
UNMATCHED	engine	effect_handler_DETECT_ORE	reference/src/effect-handler-general.c	1519	false	
INLINE?	engine	sense_stuff	reference/src/effect-handler-general.c	1579	true	identifier present in port sources but not a top-level decl
INLINE?	engine	detect_stuff	reference/src/effect-handler-general.c	1632	true	identifier present in port sources but not a top-level decl
UNMATCHED	engine	effect_handler_SENSE_GOLD	reference/src/effect-handler-general.c	1682	false	
UNMATCHED	engine	effect_handler_DETECT_GOLD	reference/src/effect-handler-general.c	1699	false	
UNMATCHED	engine	tval_is_not_money	reference/src/effect-handler-general.c	1717	true	
UNMATCHED	engine	effect_handler_SENSE_OBJECTS	reference/src/effect-handler-general.c	1725	false	
UNMATCHED	engine	effect_handler_DETECT_OBJECTS	reference/src/effect-handler-general.c	1746	false	
MATCH	engine	detect_monsters	reference/src/effect-handler-general.c	1768	true	packages/core/src/game/effect-detect.ts:410
UNMATCHED	engine	effect_handler_DETECT_LIVING_MONSTERS	reference/src/effect-handler-general.c	1833	false	
UNMATCHED	engine	effect_handler_DETECT_VISIBLE_MONSTERS	reference/src/effect-handler-general.c	1854	false	
UNMATCHED	engine	effect_handler_DETECT_INVISIBLE_MONSTERS	reference/src/effect-handler-general.c	1874	false	
UNMATCHED	engine	effect_handler_DETECT_FEARFUL_MONSTERS	reference/src/effect-handler-general.c	1893	false	
UNMATCHED	engine	effect_handler_DETECT_EVIL	reference/src/effect-handler-general.c	1911	false	
UNMATCHED	engine	effect_handler_DETECT_SOUL	reference/src/effect-handler-general.c	1929	false	
UNMATCHED	engine	effect_handler_IDENTIFY	reference/src/effect-handler-general.c	1945	false	
UNMATCHED	engine	effect_handler_CREATE_STAIRS	reference/src/effect-handler-general.c	1975	false	
UNMATCHED	engine	effect_handler_DISENCHANT	reference/src/effect-handler-general.c	2003	false	
UNMATCHED	engine	effect_handler_ENCHANT	reference/src/effect-handler-general.c	2095	false	
UNMATCHED	engine	effect_handler_RECHARGE	reference/src/effect-handler-general.c	2127	false	
UNMATCHED	engine	effect_handler_ACQUIRE	reference/src/effect-handler-general.c	2194	false	
UNMATCHED	engine	effect_handler_WAKE	reference/src/effect-handler-general.c	2205	false	
INLINE?	engine	effect_handler_SUMMON	reference/src/effect-handler-general.c	2241	false	identifier present in port sources but not a top-level decl
UNMATCHED	engine	effect_handler_BANISH	reference/src/effect-handler-general.c	2337	false	
UNMATCHED	engine	effect_handler_MASS_BANISH	reference/src/effect-handler-general.c	2401	false	
UNMATCHED	engine	effect_handler_PROBE	reference/src/effect-handler-general.c	2451	false	
UNMATCHED	engine	effect_handler_TELEPORT	reference/src/effect-handler-general.c	2507	false	
UNMATCHED	engine	effect_handler_TELEPORT_TO	reference/src/effect-handler-general.c	2703	false	
UNMATCHED	engine	effect_handler_TELEPORT_LEVEL	reference/src/effect-handler-general.c	2834	false	
UNMATCHED	engine	effect_handler_RUBBLE	reference/src/effect-handler-general.c	2939	false	
UNMATCHED	engine	effect_handler_GRANITE	reference/src/effect-handler-general.c	2991	false	
UNMATCHED	engine	effect_handler_LIGHT_LEVEL	reference/src/effect-handler-general.c	3003	false	
UNMATCHED	engine	effect_handler_DARKEN_LEVEL	reference/src/effect-handler-general.c	3013	false	
UNMATCHED	engine	effect_handler_LIGHT_AREA	reference/src/effect-handler-general.c	3026	false	
UNMATCHED	engine	effect_handler_DARKEN_AREA	reference/src/effect-handler-general.c	3044	false	
UNMATCHED	engine	effect_handler_CURSE_ARMOR	reference/src/effect-handler-general.c	3103	false	
UNMATCHED	engine	effect_handler_CURSE_WEAPON	reference/src/effect-handler-general.c	3167	false	
UNMATCHED	engine	effect_handler_BRAND_WEAPON	reference/src/effect-handler-general.c	3233	false	
UNMATCHED	engine	effect_handler_BRAND_AMMO	reference/src/effect-handler-general.c	3251	false	
UNMATCHED	engine	effect_handler_BRAND_BOLTS	reference/src/effect-handler-general.c	3284	false	
UNMATCHED	engine	effect_handler_CREATE_ARROWS	reference/src/effect-handler-general.c	3315	false	
UNMATCHED	engine	effect_handler_TAP_DEVICE	reference/src/effect-handler-general.c	3370	false	
UNMATCHED	engine	effect_handler_SHAPECHANGE	reference/src/effect-handler-general.c	3449	false	
UNMATCHED	engine	effect_handler_COMMAND	reference/src/effect-handler-general.c	3479	false	
UNMATCHED	engine	effect_handler_BIZARRE	reference/src/effect-handler-general.c	3516	false	
UNMATCHED	engine	effect_handler_SELECT	reference/src/effect-handler-general.c	3601	false	
UNMATCHED	engine	effect_handler_SET_VALUE	reference/src/effect-handler-general.c	3613	false	
UNMATCHED	engine	effect_handler_CLEAR_VALUE	reference/src/effect-handler-general.c	3623	false	
UNMATCHED	engine	effect_handler_SCRAMBLE_STATS	reference/src/effect-handler-general.c	3634	false	
UNMATCHED	engine	effect_handler_UNSCRAMBLE_STATS	reference/src/effect-handler-general.c	3646	false	
MATCH	engine	format_dice_string	reference/src/effects-info.c	51	true	packages/core/src/effects/effect-info.ts:306
MATCH	engine	append_damage	reference/src/effects-info.c	81	true	packages/core/src/effects/effect-info.ts:319
INLINE?	engine	copy_to_textblock_with_coloring	reference/src/effects-info.c	98	true	identifier present in port sources but not a top-level decl
MATCH	engine	create_nested_effect_description	reference/src/effects-info.c	122	true	packages/core/src/effects/effect-info.ts:469
INLINE?	engine	effect_describe	reference/src/effects-info.c	319	false	identifier present in port sources but not a top-level decl
INLINE?	engine	effect_get_menu_name	reference/src/effects-info.c	583	false	identifier present in port sources but not a top-level decl
MATCH	engine	effect_next	reference/src/effects-info.c	721	false	packages/core/src/effects/effect-info.ts:202
MATCH	engine	effect_damages	reference/src/effects-info.c	742	false	packages/core/src/effects/effect-info.ts:218
MATCH	engine	effect_avg_damage	reference/src/effects-info.c	773	false	packages/core/src/effects/effect-info.ts:237
MATCH	engine	effect_projection	reference/src/effects-info.c	804	false	packages/core/src/effects/effect-info.ts:261
UNMATCHED	engine	add_to_summaries	reference/src/effects-info.c	847	true	
INLINE?	engine	summarize_cure	reference/src/effects-info.c	868	true	identifier present in port sources but not a top-level decl
INLINE?	engine	effect_summarize_properties	reference/src/effects-info.c	898	false	identifier present in port sources but not a top-level decl
UNMATCHED	engine	free_effect	reference/src/effects.c	68	false	
INLINE?	engine	effect_valid	reference/src/effects.c	82	false	identifier present in port sources but not a top-level decl
INLINE?	engine	effect_aim	reference/src/effects.c	88	false	identifier present in port sources but not a top-level decl
MATCH	engine	effect_info	reference/src/effects.c	103	false	packages/core/src/effects/effect-info.ts:142
MATCH	engine	effect_desc	reference/src/effects.c	111	false	packages/core/src/effects/effect-info.ts:148
MATCH	engine	effect_lookup	reference/src/effects.c	119	false	packages/core/src/effects/effect.ts:108
MATCH	engine	effect_subtype	reference/src/effects.c	137	false	packages/core/src/effects/effect.ts:273
UNMATCHED	engine	effect_value_base_spell_power	reference/src/effects.c	279	true	
UNMATCHED	engine	effect_value_base_player_level	reference/src/effects.c	293	true	
UNMATCHED	engine	effect_value_base_dungeon_level	reference/src/effects.c	298	true	
UNMATCHED	engine	effect_value_base_max_sight	reference/src/effects.c	303	true	
UNMATCHED	engine	effect_value_base_weapon_damage	reference/src/effects.c	308	true	
UNMATCHED	engine	effect_value_base_player_hp	reference/src/effects.c	317	true	
UNMATCHED	engine	effect_value_base_monster_percent_hp_gone	reference/src/effects.c	322	true	
MATCH	engine	effect_value_base_by_name	reference/src/effects.c	330	false	packages/core/src/effects/effect.ts:391
INLINE?	engine	effect_do	reference/src/effects.c	381	false	identifier present in port sources but not a top-level decl
INLINE?	engine	effect_simple	reference/src/effects.c	522	false	identifier present in port sources but not a top-level decl
MATCH	engine	recharge_failure_chance	reference/src/effects.c	563	false	packages/core/src/game/effect-item.ts:463
UNMATCHED	engine	game_event_dispatch	reference/src/game-event.c	33	true	
INLINE?	engine	event_add_handler	reference/src/game-event.c	48	false	identifier present in port sources but not a top-level decl
INLINE?	engine	event_remove_handler	reference/src/game-event.c	64	false	identifier present in port sources but not a top-level decl
INLINE?	engine	event_remove_handler_type	reference/src/game-event.c	93	false	identifier present in port sources but not a top-level decl
INLINE?	engine	event_remove_all_handlers	reference/src/game-event.c	105	false	identifier present in port sources but not a top-level decl
INLINE?	engine	event_add_handler_set	reference/src/game-event.c	121	false	identifier present in port sources but not a top-level decl
INLINE?	engine	event_remove_handler_set	reference/src/game-event.c	129	false	identifier present in port sources but not a top-level decl
INLINE?	engine	event_signal	reference/src/game-event.c	140	false	identifier present in port sources but not a top-level decl
UNMATCHED	engine	event_signal_flag	reference/src/game-event.c	145	false	
UNMATCHED	engine	event_signal_point	reference/src/game-event.c	154	false	
UNMATCHED	engine	event_signal_string	reference/src/game-event.c	164	false	
UNMATCHED	engine	event_signal_message	reference/src/game-event.c	172	false	
UNMATCHED	engine	event_signal_birthpoints	reference/src/game-event.c	192	false	
UNMATCHED	engine	event_signal_blast	reference/src/game-event.c	204	false	
UNMATCHED	engine	event_signal_bolt	reference/src/game-event.c	225	false	
UNMATCHED	engine	event_signal_missile	reference/src/game-event.c	248	false	
UNMATCHED	engine	event_signal_size	reference/src/game-event.c	263	false	
UNMATCHED	engine	event_signal_tunnel	reference/src/game-event.c	272	false	
INLINE?	engine	get_string	reference/src/game-input.c	59	false	identifier present in port sources but not a top-level decl
MATCH	engine	get_quantity	reference/src/game-input.c	75	false	packages/web/src/shop.ts:298
MATCH	engine	get_check	reference/src/game-input.c	93	false	packages/web/src/overlay.ts:355
INLINE?	engine	get_com	reference/src/game-input.c	109	false	identifier present in port sources but not a top-level decl
MATCH	engine	get_rep_dir	reference/src/game-input.c	126	false	packages/web/src/overlay.ts:276
MATCH	engine	get_aim_dir	reference/src/game-input.c	141	false	packages/web/src/overlay.ts:312
UNMATCHED	engine	get_point	reference/src/game-input.c	156	false	
UNMATCHED	engine	get_spell_from_book	reference/src/game-input.c	168	false	
UNMATCHED	engine	get_spell	reference/src/game-input.c	199	false	
MATCH	engine	get_item	reference/src/game-input.c	227	false	packages/web/src/roster.ts:37
INLINE?	engine	get_curse	reference/src/game-input.c	240	false	identifier present in port sources but not a top-level decl
INLINE?	engine	get_effect_from_list	reference/src/game-input.c	263	false	identifier present in port sources but not a top-level decl
INLINE?	engine	confirm_debug	reference/src/game-input.c	281	false	identifier present in port sources but not a top-level decl
INLINE?	engine	get_panel	reference/src/game-input.c	300	false	identifier present in port sources but not a top-level decl
INLINE?	engine	panel_contains	reference/src/game-input.c	310	false	identifier present in port sources but not a top-level decl
UNMATCHED	engine	map_is_visible	reference/src/game-input.c	322	false	
UNMATCHED	engine	view_ability_menu	reference/src/game-input.c	334	false	
INLINE?	engine	check_break	reference/src/game-input.c	363	false	identifier present in port sources but not a top-level decl
UNMATCHED	engine	level_by_name	reference/src/game-world.c	95	false	
INLINE?	engine	level_by_depth	reference/src/game-world.c	110	false	identifier present in port sources but not a top-level decl
MATCH	engine	is_daytime	reference/src/game-world.c	125	false	packages/core/src/game/world.ts:105
MATCH	engine	turn_energy	reference/src/game-world.c	136	false	packages/core/src/mon/monster.ts:158
MATCH	engine	recharged_notice	reference/src/game-world.c	147	true	packages/core/src/game/world.ts:561
MATCH	engine	recharge_objects	reference/src/game-world.c	197	true	packages/core/src/game/world.ts:581
MATCH	engine	play_ambient_sound	reference/src/game-world.c	257	false	packages/core/src/game/world.ts:631
MATCH	engine	decrease_timeouts	reference/src/game-world.c	280	true	packages/core/src/game/loop.ts:282
MATCH	engine	make_noise	reference/src/game-world.c	387	true	packages/core/src/world/flow.ts:31
MATCH	engine	update_scent	reference/src/game-world.c	460	true	packages/core/src/world/flow.ts:90
MATCH	engine	process_world	reference/src/game-world.c	532	false	packages/core/src/game/loop.ts:354
INLINE?	engine	process_player_cleanup	reference/src/game-world.c	839	true	identifier present in port sources but not a top-level decl
MATCH	engine	process_player	reference/src/game-world.c	933	false	packages/core/src/game/player-turn.ts:613
INLINE?	engine	on_new_level	reference/src/game-world.c	1002	false	identifier present in port sources but not a top-level decl
UNMATCHED	engine	on_leave_level	reference/src/game-world.c	1063	true	
MATCH	engine	run_game_loop	reference/src/game-world.c	1086	false	packages/core/src/game/loop.ts:543
MATCH	engine	square_is_granite_with_flag	reference/src/gen-cave.c	86	true	packages/core/src/gen/util.ts:430
MATCH	engine	build_streamer	reference/src/gen-cave.c	107	true	packages/core/src/gen/cave.ts:664
INLINE?	engine	reset_entrance_data	reference/src/gen-cave.c	150	true	identifier present in port sources but not a top-level decl
MATCH	engine	choose_random_entrance	reference/src/gen-cave.c	200	true	packages/core/src/gen/cave.ts:271
MATCH	engine	pierce_outer_wall	reference/src/gen-cave.c	301	true	packages/core/src/gen/cave.ts:330
MATCH	engine	handle_post_wall_step	reference/src/gen-cave.c	342	true	packages/core/src/gen/cave.ts:357
MATCH	engine	find_normal_to_wall	reference/src/gen-cave.c	404	true	packages/core/src/gen/cave.ts:378
MATCH	engine	allows_wall_piercing_door	reference/src/gen-cave.c	446	true	packages/core/src/gen/cave.ts:402
MATCH	engine	build_tunnel	reference/src/gen-cave.c	492	true	packages/core/src/gen/cave.ts:441
MATCH	engine	next_to_corr	reference/src/gen-cave.c	774	true	packages/core/src/gen/cave.ts:582
MATCH	engine	possible_doorway	reference/src/gen-cave.c	800	true	packages/core/src/gen/cave.ts:593
MATCH	engine	try_door	reference/src/gen-cave.c	821	true	packages/core/src/gen/cave.ts:610
MATCH	engine	do_traditional_tunneling	reference/src/gen-cave.c	841	true	packages/core/src/gen/cave.ts:625
MATCH	engine	build_staircase_rooms	reference/src/gen-cave.c	908	true	packages/core/src/gen/cave.ts:986
MATCH	engine	handle_level_stairs	reference/src/gen-cave.c	943	true	packages/core/src/gen/cave.ts:2644
UNMATCHED	engine	find_joinfree_vertical_seam	reference/src/gen-cave.c	984	true	
UNMATCHED	engine	transform_join_list	reference/src/gen-cave.c	1060	true	
MATCH	engine	classic_gen	reference/src/gen-cave.c	1130	false	packages/core/src/gen/cave.ts:1014
MATCH	engine	lab_get_adjoin	reference/src/gen-cave.c	1336	true	packages/core/src/gen/cave.ts:1225
MATCH	engine	lab_is_tunnel	reference/src/gen-cave.c	1363	true	packages/core/src/gen/cave.ts:1237
MATCH	engine	labyrinth_chunk	reference/src/gen-cave.c	1387	true	packages/core/src/gen/cave.ts:1251
MATCH	engine	labyrinth_gen	reference/src/gen-cave.c	1514	false	packages/core/src/gen/cave.ts:1332
MATCH	engine	init_cavern	reference/src/gen-cave.c	1612	true	packages/core/src/gen/cave.ts:1403
MATCH	engine	mutate_cavern	reference/src/gen-cave.c	1695	true	packages/core/src/gen/cave.ts:1465
UNMATCHED	engine	array_filler	reference/src/gen-cave.c	1739	true	
MATCH	engine	ignore_point	reference/src/gen-cave.c	1750	true	packages/core/src/gen/cave.ts:710
MATCH	engine	build_color_point	reference/src/gen-cave.c	1772	true	packages/core/src/gen/cave.ts:718
MATCH	engine	build_colors	reference/src/gen-cave.c	1825	true	packages/core/src/gen/cave.ts:756
MATCH	engine	clear_small_regions	reference/src/gen-cave.c	1852	true	packages/core/src/gen/cave.ts:1499
MATCH	engine	count_colors	reference/src/gen-cave.c	1889	true	packages/core/src/gen/cave.ts:772
MATCH	engine	first_color	reference/src/gen-cave.c	1901	true	packages/core/src/gen/cave.ts:778
MATCH	engine	fix_colors	reference/src/gen-cave.c	1915	true	packages/core/src/gen/cave.ts:783
MATCH	engine	join_region	reference/src/gen-cave.c	1933	true	packages/core/src/gen/cave.ts:795
UNMATCHED	engine	join_regions	reference/src/gen-cave.c	2038	true	
MATCH	engine	ensure_connectedness	reference/src/gen-cave.c	2066	false	packages/core/src/gen/cave.ts:855
MATCH	engine	cavern_chunk	reference/src/gen-cave.c	2090	true	packages/core/src/gen/cave.ts:1529
MATCH	engine	cavern_gen	reference/src/gen-cave.c	2167	false	packages/core/src/gen/cave.ts:1576
MATCH	engine	get_lot_bounds	reference/src/gen-cave.c	2243	true	packages/core/src/gen/cave.ts:2113
MATCH	engine	lot_is_clear	reference/src/gen-cave.c	2273	true	packages/core/src/gen/cave.ts:2148
MATCH	engine	lot_has_shop	reference/src/gen-cave.c	2295	true	packages/core/src/gen/cave.ts:2166
MATCH	engine	build_store	reference/src/gen-cave.c	2322	true	packages/core/src/gen/cave.ts:2183
MATCH	engine	build_ruin	reference/src/gen-cave.c	2461	true	packages/core/src/gen/cave.ts:2330
MATCH	engine	town_gen_layout	reference/src/gen-cave.c	2515	true	packages/core/src/gen/cave.ts:2423
MATCH	engine	town_gen	reference/src/gen-cave.c	2664	false	packages/core/src/gen/cave.ts:2580
MATCH	engine	modified_chunk	reference/src/gen-cave.c	2730	true	packages/core/src/gen/cave.ts:1102
MATCH	engine	modified_gen	reference/src/gen-cave.c	2872	false	packages/core/src/gen/cave.ts:1212
INLINE?	engine	moria_chunk	reference/src/gen-cave.c	2976	true	identifier present in port sources but not a top-level decl
MATCH	engine	moria_gen	reference/src/gen-cave.c	3110	false	packages/core/src/gen/cave.ts:1215
MATCH	engine	vault_chunk	reference/src/gen-cave.c	3212	true	packages/core/src/gen/room.ts:862
MATCH	engine	connect_caverns	reference/src/gen-cave.c	3249	true	packages/core/src/gen/cave.ts:873
MATCH	engine	hard_centre_gen	reference/src/gen-cave.c	3291	false	packages/core/src/gen/cave.ts:1883
MATCH	engine	lair_gen	reference/src/gen-cave.c	3534	false	packages/core/src/gen/cave.ts:1623
MATCH	engine	gauntlet_gen	reference/src/gen-cave.c	3734	false	packages/core/src/gen/cave.ts:1735
INLINE?	engine	arena_gen	reference/src/gen-cave.c	3984	false	identifier present in port sources but not a top-level decl
INLINE?	engine	chunk_write	reference/src/gen-chunk.c	46	false	identifier present in port sources but not a top-level decl
UNMATCHED	engine	chunk_list_add	reference/src/gen-chunk.c	69	false	
INLINE?	engine	chunk_list_remove	reference/src/gen-chunk.c	86	false	identifier present in port sources but not a top-level decl
INLINE?	engine	chunk_find_name	reference/src/gen-chunk.c	114	false	identifier present in port sources but not a top-level decl
UNMATCHED	engine	chunk_find	reference/src/gen-chunk.c	130	false	
INLINE?	engine	chunk_find_adjacent	reference/src/gen-chunk.c	147	false	identifier present in port sources but not a top-level decl
MATCH	engine	symmetry_transform	reference/src/gen-chunk.c	169	false	packages/core/src/gen/room.ts:216
MATCH	engine	get_random_symmetry_transform	reference/src/gen-chunk.c	220	false	packages/core/src/gen/room.ts:249
MATCH	engine	calc_default_transpose_weight	reference/src/gen-chunk.c	320	false	packages/core/src/gen/room.ts:312
MATCH	engine	chunk_copy	reference/src/gen-chunk.c	345	false	packages/core/src/gen/cave.ts:911
MATCH	engine	chunk_validate_objects	reference/src/gen-chunk.c	514	false	packages/core/src/gen/generate.ts:321
UNMATCHED	engine	lookup_pit_profile	reference/src/gen-monster.c	47	true	
MATCH	engine	mon_select	reference/src/gen-monster.c	70	true	packages/core/src/gen/gen-monster.ts:169
MATCH	engine	mon_restrict	reference/src/gen-monster.c	115	false	packages/core/src/gen/gen-monster.ts:273
MATCH	engine	spread_monsters	reference/src/gen-monster.c	199	false	packages/core/src/gen/gen-monster.ts:345
MATCH	engine	get_vault_monsters	reference/src/gen-monster.c	277	false	packages/core/src/gen/gen-monster.ts:435
MATCH	engine	get_chamber_monsters	reference/src/gen-monster.c	344	false	packages/core/src/gen/gen-monster.ts:504
MATCH	engine	random_room_template	reference/src/gen-room.c	55	true	packages/core/src/gen/room.ts:169
MATCH	engine	random_vault	reference/src/gen-room.c	76	false	packages/core/src/gen/room.ts:187
MATCH	engine	append_entrance	reference/src/gen-room.c	106	true	packages/core/src/gen/room.ts:377
MATCH	engine	generate_room	reference/src/gen-room.c	147	true	packages/core/src/gen/util.ts:618
MATCH	engine	generate_mark	reference/src/gen-room.c	168	false	packages/core/src/gen/util.ts:635
MATCH	engine	fill_rectangle	reference/src/gen-room.c	188	false	packages/core/src/gen/util.ts:651
MATCH	engine	draw_rectangle	reference/src/gen-room.c	210	false	packages/core/src/gen/util.ts:667
MATCH	engine	fill_xrange	reference/src/gen-room.c	251	true	packages/core/src/gen/util.ts:695
MATCH	engine	fill_yrange	reference/src/gen-room.c	275	true	packages/core/src/gen/util.ts:713
MATCH	engine	fill_circle	reference/src/gen-room.c	300	true	packages/core/src/gen/util.ts:732
MATCH	engine	generate_plus	reference/src/gen-room.c	349	true	packages/core/src/gen/util.ts:766
MATCH	engine	generate_open	reference/src/gen-room.c	375	true	packages/core/src/gen/util.ts:784
MATCH	engine	generate_hole	reference/src/gen-room.c	401	true	packages/core/src/gen/util.ts:801
MATCH	engine	set_marked_granite	reference/src/gen-room.c	425	false	packages/core/src/gen/util.ts:829
MATCH	engine	set_bordering_walls	reference/src/gen-room.c	443	true	packages/core/src/gen/util.ts:838
MATCH	engine	generate_starburst_room	reference/src/gen-room.c	569	false	packages/core/src/gen/util.ts:892
MATCH	engine	mon_pit_hook	reference/src/gen-room.c	901	false	packages/core/src/gen/gen-monster.ts:197
MATCH	engine	set_pit_type	reference/src/gen-room.c	968	false	packages/core/src/gen/gen-monster.ts:231
MATCH	engine	check_for_unreserved_blocks	reference/src/gen-room.c	1005	true	packages/core/src/gen/room.ts:323
MATCH	engine	reserve_blocks	reference/src/gen-room.c	1029	true	packages/core/src/gen/room.ts:343
MATCH	engine	find_space	reference/src/gen-room.c	1058	true	packages/core/src/gen/room.ts:352
MATCH	engine	build_room_template	reference/src/gen-room.c	1111	true	packages/core/src/gen/room.ts:391
MATCH	engine	build_room_template_type	reference/src/gen-room.c	1343	true	packages/core/src/gen/room.ts:530
MATCH	engine	build_vault	reference/src/gen-room.c	1369	false	packages/core/src/gen/room.ts:579
MATCH	engine	build_vault_type	reference/src/gen-room.c	1712	true	packages/core/src/gen/room.ts:837
MATCH	engine	make_inner_chamber_wall	reference/src/gen-room.c	1739	true	packages/core/src/gen/room.ts:1550
MATCH	engine	make_chamber	reference/src/gen-room.c	1761	true	packages/core/src/gen/room.ts:1565
MATCH	engine	hollow_out_room	reference/src/gen-room.c	1846	true	packages/core/src/gen/room.ts:1641
MATCH	engine	build_staircase	reference/src/gen-room.c	1881	false	packages/core/src/gen/room.ts:892
MATCH	engine	build_circular	reference/src/gen-room.c	1959	false	packages/core/src/gen/room.ts:929
MATCH	engine	build_simple	reference/src/gen-room.c	2017	false	packages/core/src/gen/room.ts:951
MATCH	engine	build_overlap	reference/src/gen-room.c	2128	false	packages/core/src/gen/room.ts:1012
MATCH	engine	build_crossed	reference/src/gen-room.c	2212	false	packages/core/src/gen/room.ts:1050
MATCH	engine	build_large	reference/src/gen-room.c	2388	false	packages/core/src/gen/room.ts:1119
MATCH	engine	build_nest	reference/src/gen-room.c	2641	false	packages/core/src/gen/room.ts:1242
MATCH	engine	build_pit	reference/src/gen-room.c	2773	false	packages/core/src/gen/room.ts:1325
UNMATCHED	engine	build_template	reference/src/gen-room.c	2972	false	
UNMATCHED	engine	build_interesting	reference/src/gen-room.c	2988	false	
UNMATCHED	engine	build_lesser_vault	reference/src/gen-room.c	3001	false	
UNMATCHED	engine	build_lesser_new_vault	reference/src/gen-room.c	3014	false	
UNMATCHED	engine	build_medium_vault	reference/src/gen-room.c	3027	false	
UNMATCHED	engine	build_medium_new_vault	reference/src/gen-room.c	3040	false	
UNMATCHED	engine	help_greater_vault	reference/src/gen-room.c	3075	true	
UNMATCHED	engine	build_greater_vault	reference/src/gen-room.c	3112	false	
UNMATCHED	engine	build_greater_new_vault	reference/src/gen-room.c	3125	false	
MATCH	engine	build_moria	reference/src/gen-room.c	3138	false	packages/core/src/gen/room.ts:1477
MATCH	engine	build_room_of_chambers	reference/src/gen-room.c	3239	false	packages/core/src/gen/room.ts:1669
MATCH	engine	build_huge	reference/src/gen-room.c	3533	false	packages/core/src/gen/room.ts:1941
MATCH	engine	room_build	reference/src/gen-room.c	3625	false	packages/core/src/gen/room.ts:2095
MATCH	engine	grid_to_i	reference/src/gen-util.c	115	false	packages/core/src/gen/util.ts:85
MATCH	engine	i_to_grid	reference/src/gen-util.c	126	false	packages/core/src/gen/util.ts:89
MATCH	engine	shuffle	reference/src/gen-util.c	137	false	packages/core/src/gen/util.ts:94
INLINE?	engine	cave_find_init	reference/src/gen-util.c	158	false	identifier present in port sources but not a top-level decl
UNMATCHED	engine	cave_find_reset	reference/src/gen-util.c	187	false	
INLINE?	engine	cave_find_get_grid	reference/src/gen-util.c	202	false	identifier present in port sources but not a top-level decl
MATCH	engine	cave_find_in_range	reference/src/gen-util.c	240	false	packages/core/src/gen/util.ts:543
MATCH	engine	cave_find	reference/src/gen-util.c	262	false	packages/core/src/gen/util.ts:559
MATCH	engine	find_empty	reference/src/gen-util.c	276	false	packages/core/src/gen/util.ts:568
INLINE?	engine	find_empty_range	reference/src/gen-util.c	290	false	identifier present in port sources but not a top-level decl
MATCH	engine	find_nearby_grid	reference/src/gen-util.c	307	false	packages/core/src/gen/util.ts:573
MATCH	engine	correct_dir	reference/src/gen-util.c	323	false	packages/core/src/gen/util.ts:598
MATCH	engine	rand_dir	reference/src/gen-util.c	344	false	packages/core/src/gen/util.ts:609
MATCH	engine	find_start	reference/src/gen-util.c	359	true	packages/core/src/gen/util.ts:1421
MATCH	engine	new_player_spot	reference/src/gen-util.c	412	false	packages/core/src/gen/util.ts:1470
MATCH	engine	place_rubble	reference/src/gen-util.c	445	true	packages/core/src/gen/util.ts:1137
MATCH	engine	place_stairs	reference/src/gen-util.c	461	true	packages/core/src/gen/util.ts:1204
MATCH	engine	place_random_stairs	reference/src/gen-util.c	480	false	packages/core/src/gen/util.ts:1214
MATCH	engine	place_object	reference/src/gen-util.c	498	false	packages/core/src/gen/util.ts:1234
MATCH	engine	place_gold	reference/src/gen-util.c	551	false	packages/core/src/gen/util.ts:1275
MATCH	engine	place_secret_door	reference/src/gen-util.c	576	false	packages/core/src/gen/util.ts:1141
MATCH	engine	place_closed_door	reference/src/gen-util.c	587	false	packages/core/src/gen/util.ts:1146
MATCH	engine	place_random_door	reference/src/gen-util.c	602	false	packages/core/src/gen/util.ts:1153
MATCH	engine	alloc_stairs	reference/src/gen-util.c	629	false	packages/core/src/gen/util.ts:1360
MATCH	engine	alloc_objects	reference/src/gen-util.c	747	false	packages/core/src/gen/util.ts:1340
MATCH	engine	alloc_object	reference/src/gen-util.c	770	false	packages/core/src/gen/util.ts:1299
MATCH	engine	vault_objects	reference/src/gen-util.c	821	false	packages/core/src/gen/util.ts:1485
UNMATCHED	engine	vault_trap_aux	reference/src/gen-util.c	856	true	
MATCH	engine	vault_traps	reference/src/gen-util.c	880	false	packages/core/src/gen/util.ts:1499
MATCH	engine	vault_monsters	reference/src/gen-util.c	895	false	packages/core/src/gen/util.ts:1846
INLINE?	engine	uncreate_artifacts	reference/src/gen-util.c	924	false	identifier present in port sources but not a top-level decl
UNMATCHED	engine	dump_level_simple	reference/src/gen-util.c	951	false	
UNMATCHED	engine	dump_level	reference/src/gen-util.c	987	false	
UNMATCHED	engine	dump_level_escaped_string	reference/src/gen-util.c	1000	true	
UNMATCHED	engine	dump_level_header	reference/src/gen-util.c	1038	false	
UNMATCHED	engine	dump_level_body	reference/src/gen-util.c	1069	false	
UNMATCHED	engine	dump_level_footer	reference/src/gen-util.c	1138	false	
UNMATCHED	engine	parse_profile_name	reference/src/generate.c	93	true	
UNMATCHED	engine	parse_profile_params	reference/src/generate.c	111	true	
UNMATCHED	engine	parse_profile_tunnel	reference/src/generate.c	123	true	
UNMATCHED	engine	parse_profile_streamer	reference/src/generate.c	136	true	
UNMATCHED	engine	parse_profile_room	reference/src/generate.c	150	true	
UNMATCHED	engine	parse_profile_min_level	reference/src/generate.c	188	true	
UNMATCHED	engine	parse_profile_alloc	reference/src/generate.c	197	true	
UNMATCHED	engine	init_parse_profile	reference/src/generate.c	206	true	
UNMATCHED	engine	run_parse_profile	reference/src/generate.c	219	true	
UNMATCHED	engine	finish_parse_profile	reference/src/generate.c	223	true	
UNMATCHED	engine	cleanup_profile	reference/src/generate.c	294	true	
UNMATCHED	engine	parse_room_name	reference/src/generate.c	318	true	
UNMATCHED	engine	parse_room_type	reference/src/generate.c	328	true	
UNMATCHED	engine	parse_room_rating	reference/src/generate.c	337	true	
UNMATCHED	engine	parse_room_height	reference/src/generate.c	346	true	
UNMATCHED	engine	parse_room_width	reference/src/generate.c	365	true	
UNMATCHED	engine	parse_room_doors	reference/src/generate.c	384	true	
UNMATCHED	engine	parse_room_tval	reference/src/generate.c	393	true	
UNMATCHED	engine	parse_room_flags	reference/src/generate.c	406	true	
UNMATCHED	engine	parse_room_d	reference/src/generate.c	422	true	
UNMATCHED	engine	init_parse_room	reference/src/generate.c	431	true	
UNMATCHED	engine	run_parse_room	reference/src/generate.c	446	true	
UNMATCHED	engine	finish_parse_room	reference/src/generate.c	450	true	
UNMATCHED	engine	cleanup_room	reference/src/generate.c	456	true	
UNMATCHED	engine	parse_vault_name	reference/src/generate.c	479	true	
UNMATCHED	engine	parse_vault_type	reference/src/generate.c	489	true	
UNMATCHED	engine	parse_vault_rating	reference/src/generate.c	498	true	
UNMATCHED	engine	parse_vault_rows	reference/src/generate.c	507	true	
UNMATCHED	engine	parse_vault_columns	reference/src/generate.c	526	true	
UNMATCHED	engine	parse_vault_min_depth	reference/src/generate.c	545	true	
INLINE?	engine	parse_vault_max_depth	reference/src/generate.c	554	true	identifier present in port sources but not a top-level decl
UNMATCHED	engine	parse_vault_flags	reference/src/generate.c	565	true	
UNMATCHED	engine	parse_vault_d	reference/src/generate.c	581	true	
UNMATCHED	engine	init_parse_vault	reference/src/generate.c	595	false	
UNMATCHED	engine	run_parse_vault	reference/src/generate.c	610	true	
UNMATCHED	engine	finish_parse_vault	reference/src/generate.c	614	true	
UNMATCHED	engine	cleanup_vault	reference/src/generate.c	620	true	
UNMATCHED	engine	run_template_parser	reference/src/generate.c	640	true	
UNMATCHED	engine	cleanup_template_parser	reference/src/generate.c	664	true	
MATCH	engine	place_feeling	reference/src/generate.c	676	true	packages/core/src/gen/generate.ts:257
MATCH	engine	calc_obj_feeling	reference/src/generate.c	711	true	packages/core/src/gen/generate.ts:276
MATCH	engine	calc_mon_feeling	reference/src/generate.c	742	true	packages/core/src/gen/generate.ts:299
UNMATCHED	engine	find_cave_profile	reference/src/generate.c	767	true	
MATCH	engine	labyrinth_check	reference/src/generate.c	787	true	packages/core/src/gen/cave.ts:2691
INLINE?	engine	choose_profile	reference/src/generate.c	813	true	identifier present in port sources but not a top-level decl
MATCH	engine	get_join_info	reference/src/generate.c	893	true	packages/core/src/gen/generate.ts:166
UNMATCHED	engine	get_min_level_size	reference/src/generate.c	998	true	
INLINE?	engine	cave_store	reference/src/generate.c	1017	true	identifier present in port sources but not a top-level decl
INLINE?	engine	cave_clear	reference/src/generate.c	1040	true	identifier present in port sources but not a top-level decl
UNMATCHED	engine	cleanup_dun_data	reference/src/generate.c	1053	true	
INLINE?	engine	cave_generate	reference/src/generate.c	1087	true	identifier present in port sources but not a top-level decl
MATCH	engine	sanitize_player_loc	reference/src/generate.c	1265	true	packages/core/src/session/game.ts:1712
INLINE?	engine	prepare_next_level	reference/src/generate.c	1347	false	identifier present in port sources but not a top-level decl
UNMATCHED	engine	get_room_builder_count	reference/src/generate.c	1561	false	
UNMATCHED	engine	get_room_builder_index_from_name	reference/src/generate.c	1570	false	
UNMATCHED	engine	get_room_builder_name_from_index	reference/src/generate.c	1590	false	
UNMATCHED	engine	get_level_profile_index_from_name	reference/src/generate.c	1600	false	
UNMATCHED	engine	get_level_profile_name_from_index	reference/src/generate.c	1612	false	
UNMATCHED	engine	parse_graf_name	reference/src/grafmode.c	28	true	
UNMATCHED	engine	parse_graf_directory	reference/src/grafmode.c	48	true	
UNMATCHED	engine	parse_graf_size	reference/src/grafmode.c	61	true	
UNMATCHED	engine	parse_graf_pref	reference/src/grafmode.c	72	true	
UNMATCHED	engine	parse_graf_extra	reference/src/grafmode.c	81	true	
UNMATCHED	engine	init_parse_grafmode	reference/src/grafmode.c	92	true	
INLINE?	engine	finish_parse_grafmode	reference/src/grafmode.c	105	true	identifier present in port sources but not a top-level decl
UNMATCHED	engine	print_error	reference/src/grafmode.c	167	true	
UNMATCHED	engine	init_graphics_modes	reference/src/grafmode.c	175	false	
UNMATCHED	engine	close_graphics_modes	reference/src/grafmode.c	216	false	
MATCH	engine	get_graphics_mode	reference/src/grafmode.c	223	false	packages/core/src/visuals/grafmode.ts:101
INLINE?	engine	is_dh_tile	reference/src/grafmode.c	241	false	identifier present in port sources but not a top-level decl
UNMATCHED	engine	guid_eq	reference/src/guid.c	22	false	
INLINE?	data-init	grab_effect_data	reference/src/init.c	175	false	identifier present in port sources but not a top-level decl
INLINE?	data-init	write_book_kind	reference/src/init.c	208	true	identifier present in port sources but not a top-level decl
UNMATCHED	data-init	init_file_paths	reference/src/init.c	311	false	
UNMATCHED	data-init	create_needed_dirs	reference/src/init.c	411	false	
UNMATCHED	data-init	parse_constants_level_max	reference/src/init.c	436	true	
UNMATCHED	data-init	parse_constants_mon_gen	reference/src/init.c	456	true	
UNMATCHED	data-init	parse_constants_mon_play	reference/src/init.c	492	true	
UNMATCHED	data-init	parse_constants_dun_gen	reference/src/init.c	520	true	
UNMATCHED	data-init	parse_constants_world	reference/src/init.c	554	true	
UNMATCHED	data-init	parse_constants_carry_cap	reference/src/init.c	592	true	
UNMATCHED	data-init	parse_constants_store	reference/src/init.c	620	true	
UNMATCHED	data-init	parse_constants_obj_make	reference/src/init.c	646	true	
UNMATCHED	data-init	parse_constants_player	reference/src/init.c	676	true	
UNMATCHED	data-init	parse_constants_melee_critical	reference/src/init.c	702	true	
UNMATCHED	data-init	parse_constants_melee_critical_level	reference/src/init.c	733	true	
UNMATCHED	data-init	parse_constants_ranged_critical	reference/src/init.c	764	true	
UNMATCHED	data-init	parse_constants_ranged_critical_level	reference/src/init.c	796	true	
UNMATCHED	data-init	parse_constants_o_melee_critical	reference/src/init.c	827	true	
UNMATCHED	data-init	parse_constants_o_melee_critical_level	reference/src/init.c	852	true	
UNMATCHED	data-init	parse_constants_o_ranged_critical	reference/src/init.c	886	true	
UNMATCHED	data-init	parse_constants_o_ranged_critical_level	reference/src/init.c	915	true	
UNMATCHED	data-init	init_parse_constants	reference/src/init.c	949	true	
UNMATCHED	data-init	run_parse_constants	reference/src/init.c	982	true	
UNMATCHED	data-init	check_critical_levels	reference/src/init.c	986	true	
UNMATCHED	data-init	finish_parse_constants	reference/src/init.c	1006	true	
UNMATCHED	data-init	cleanup_critical_levels	reference/src/init.c	1028	true	
UNMATCHED	data-init	cleanup_o_critical_levels	reference/src/init.c	1038	true	
UNMATCHED	data-init	cleanup_constants	reference/src/init.c	1048	true	
UNMATCHED	data-init	init_game_constants	reference/src/init.c	1070	false	
UNMATCHED	data-init	cleanup_game_constants	reference/src/init.c	1080	true	
UNMATCHED	data-init	parse_world_level	reference/src/init.c	1089	true	
UNMATCHED	data-init	init_parse_world	reference/src/init.c	1110	true	
UNMATCHED	data-init	run_parse_world	reference/src/init.c	1118	true	
UNMATCHED	data-init	finish_parse_world	reference/src/init.c	1122	true	
UNMATCHED	data-init	cleanup_world	reference/src/init.c	1179	true	
UNMATCHED	data-init	parse_player_prop_type	reference/src/init.c	1224	true	
UNMATCHED	data-init	parse_player_prop_code	reference/src/init.c	1239	true	
UNMATCHED	data-init	parse_player_prop_desc	reference/src/init.c	1262	true	
UNMATCHED	data-init	parse_player_prop_name	reference/src/init.c	1271	true	
UNMATCHED	data-init	parse_player_prop_value	reference/src/init.c	1283	true	
UNMATCHED	data-init	parse_player_prop_bindui	reference/src/init.c	1292	true	
UNMATCHED	data-init	init_parse_player_prop	reference/src/init.c	1335	true	
UNMATCHED	data-init	run_parse_player_prop	reference/src/init.c	1347	true	
INLINE?	data-init	finish_parse_player_prop	reference/src/init.c	1351	true	identifier present in port sources but not a top-level decl
UNMATCHED	data-init	cleanup_player_prop	reference/src/init.c	1423	true	
UNMATCHED	data-init	parse_names_section	reference/src/init.c	1460	true	
UNMATCHED	data-init	parse_names_word	reference/src/init.c	1471	true	
UNMATCHED	data-init	init_parse_names	reference/src/init.c	1483	true	
UNMATCHED	data-init	run_parse_names	reference/src/init.c	1493	true	
UNMATCHED	data-init	finish_parse_names	reference/src/init.c	1497	true	
UNMATCHED	data-init	cleanup_names	reference/src/init.c	1520	true	
UNMATCHED	data-init	parse_trap_name	reference/src/init.c	1545	true	
UNMATCHED	data-init	parse_trap_graphics	reference/src/init.c	1558	true	
UNMATCHED	data-init	parse_trap_appear	reference/src/init.c	1577	true	
UNMATCHED	data-init	parse_trap_visibility	reference/src/init.c	1588	true	
MATCH	data-init	parse_trap_flags	reference/src/init.c	1605	true	packages/core/src/world/trap.ts:72
UNMATCHED	data-init	parse_trap_effect	reference/src/init.c	1627	true	
UNMATCHED	data-init	parse_trap_effect_yx	reference/src/init.c	1647	true	
UNMATCHED	data-init	parse_trap_dice	reference/src/init.c	1666	true	
UNMATCHED	data-init	parse_trap_expr	reference/src/init.c	1699	true	
UNMATCHED	data-init	parse_trap_effect_xtra	reference/src/init.c	1747	true	
UNMATCHED	data-init	parse_trap_effect_yx_xtra	reference/src/init.c	1767	true	
UNMATCHED	data-init	parse_trap_dice_xtra	reference/src/init.c	1786	true	
UNMATCHED	data-init	parse_trap_expr_xtra	reference/src/init.c	1819	true	
UNMATCHED	data-init	parse_trap_save_flags	reference/src/init.c	1868	true	
INLINE?	data-init	parse_trap_desc	reference/src/init.c	1887	true	identifier present in port sources but not a top-level decl
UNMATCHED	data-init	parse_trap_msg	reference/src/init.c	1897	true	
UNMATCHED	data-init	parse_trap_msg_good	reference/src/init.c	1907	true	
UNMATCHED	data-init	parse_trap_msg_bad	reference/src/init.c	1917	true	
UNMATCHED	data-init	parse_trap_msg_xtra	reference/src/init.c	1927	true	
UNMATCHED	data-init	init_parse_trap	reference/src/init.c	1937	true	
UNMATCHED	data-init	run_parse_trap	reference/src/init.c	1962	true	
UNMATCHED	data-init	finish_parse_trap	reference/src/init.c	1966	true	
UNMATCHED	data-init	cleanup_trap	reference/src/init.c	2002	true	
UNMATCHED	data-init	parse_feat_code	reference/src/init.c	2032	true	
UNMATCHED	data-init	parse_feat_name	reference/src/init.c	2052	true	
UNMATCHED	data-init	parse_feat_graphics	reference/src/init.c	2066	true	
UNMATCHED	data-init	parse_feat_mimic	reference/src/init.c	2085	true	
UNMATCHED	data-init	parse_feat_priority	reference/src/init.c	2102	true	
UNMATCHED	data-init	parse_feat_flags	reference/src/init.c	2112	true	
UNMATCHED	data-init	parse_feat_digging	reference/src/init.c	2134	true	
UNMATCHED	data-init	parse_feat_desc	reference/src/init.c	2147	true	
UNMATCHED	data-init	parse_feat_walk_msg	reference/src/init.c	2157	true	
UNMATCHED	data-init	parse_feat_run_msg	reference/src/init.c	2167	true	
UNMATCHED	data-init	parse_feat_hurt_msg	reference/src/init.c	2177	true	
UNMATCHED	data-init	parse_feat_die_msg	reference/src/init.c	2187	true	
UNMATCHED	data-init	parse_feat_confused_msg	reference/src/init.c	2197	true	
UNMATCHED	data-init	parse_feat_look_prefix	reference/src/init.c	2208	true	
UNMATCHED	data-init	parse_feat_look_in_preposition	reference/src/init.c	2219	true	
UNMATCHED	data-init	parse_feat_resist_flag	reference/src/init.c	2230	true	
UNMATCHED	data-init	init_parse_feat	reference/src/init.c	2244	true	
UNMATCHED	data-init	run_parse_feat	reference/src/init.c	2274	true	
UNMATCHED	data-init	finish_parse_feat	reference/src/init.c	2278	true	
UNMATCHED	data-init	cleanup_feat	reference/src/init.c	2311	true	
UNMATCHED	data-init	parse_body_body	reference/src/init.c	2340	true	
UNMATCHED	data-init	parse_body_slot	reference/src/init.c	2350	true	
UNMATCHED	data-init	init_parse_body	reference/src/init.c	2379	true	
UNMATCHED	data-init	run_parse_body	reference/src/init.c	2387	true	
UNMATCHED	data-init	finish_parse_body	reference/src/init.c	2391	true	
UNMATCHED	data-init	cleanup_body	reference/src/init.c	2438	true	
UNMATCHED	data-init	findchart	reference/src/init.c	2470	true	
UNMATCHED	data-init	parse_history_chart	reference/src/init.c	2478	true	
UNMATCHED	data-init	parse_history_phrase	reference/src/init.c	2499	true	
UNMATCHED	data-init	init_parse_history	reference/src/init.c	2509	true	
UNMATCHED	data-init	run_parse_history	reference/src/init.c	2517	true	
INLINE?	data-init	finish_parse_history	reference/src/init.c	2521	true	identifier present in port sources but not a top-level decl
UNMATCHED	data-init	cleanup_history	reference/src/init.c	2569	true	
UNMATCHED	data-init	parse_p_race_name	reference/src/init.c	2602	true	
UNMATCHED	data-init	parse_p_race_stats	reference/src/init.c	2614	true	
UNMATCHED	data-init	parse_p_race_skill_disarm_phys	reference/src/init.c	2626	true	
UNMATCHED	data-init	parse_p_race_skill_disarm_magic	reference/src/init.c	2634	true	
UNMATCHED	data-init	parse_p_race_skill_device	reference/src/init.c	2642	true	
UNMATCHED	data-init	parse_p_race_skill_save	reference/src/init.c	2650	true	
UNMATCHED	data-init	parse_p_race_skill_stealth	reference/src/init.c	2658	true	
UNMATCHED	data-init	parse_p_race_skill_search	reference/src/init.c	2666	true	
UNMATCHED	data-init	parse_p_race_skill_melee	reference/src/init.c	2674	true	
UNMATCHED	data-init	parse_p_race_skill_shoot	reference/src/init.c	2682	true	
UNMATCHED	data-init	parse_p_race_skill_throw	reference/src/init.c	2690	true	
UNMATCHED	data-init	parse_p_race_skill_dig	reference/src/init.c	2698	true	
UNMATCHED	data-init	parse_p_race_hitdie	reference/src/init.c	2706	true	
UNMATCHED	data-init	parse_p_race_exp	reference/src/init.c	2714	true	
UNMATCHED	data-init	parse_p_race_infravision	reference/src/init.c	2722	true	
UNMATCHED	data-init	parse_p_race_history	reference/src/init.c	2730	true	
UNMATCHED	data-init	parse_p_race_age	reference/src/init.c	2738	true	
UNMATCHED	data-init	parse_p_race_height	reference/src/init.c	2747	true	
UNMATCHED	data-init	parse_p_race_weight	reference/src/init.c	2756	true	
UNMATCHED	data-init	parse_p_race_obj_flags	reference/src/init.c	2765	true	
UNMATCHED	data-init	parse_p_race_play_flags	reference/src/init.c	2785	true	
INLINE?	data-init	parse_p_race_values	reference/src/init.c	2805	true	identifier present in port sources but not a top-level decl
UNMATCHED	data-init	init_parse_p_race	reference/src/init.c	2833	true	
UNMATCHED	data-init	run_parse_p_race	reference/src/init.c	2861	true	
UNMATCHED	data-init	finish_parse_p_race	reference/src/init.c	2865	true	
UNMATCHED	data-init	cleanup_p_race	reference/src/init.c	2878	true	
UNMATCHED	data-init	parse_realm_name	reference/src/init.c	2903	true	
UNMATCHED	data-init	parse_realm_stat	reference/src/init.c	2914	true	
UNMATCHED	data-init	parse_realm_verb	reference/src/init.c	2927	true	
UNMATCHED	data-init	parse_realm_spell_noun	reference/src/init.c	2939	true	
UNMATCHED	data-init	parse_realm_book_noun	reference/src/init.c	2951	true	
UNMATCHED	data-init	init_parse_realm	reference/src/init.c	2963	true	
UNMATCHED	data-init	run_parse_realm	reference/src/init.c	2974	true	
UNMATCHED	data-init	finish_parse_realm	reference/src/init.c	2978	true	
UNMATCHED	data-init	cleanup_realm	reference/src/init.c	2984	true	
UNMATCHED	data-init	parse_shape_name	reference/src/init.c	3013	true	
UNMATCHED	data-init	parse_shape_combat	reference/src/init.c	3024	true	
UNMATCHED	data-init	parse_shape_skill_disarm_phys	reference/src/init.c	3035	true	
UNMATCHED	data-init	parse_shape_skill_disarm_magic	reference/src/init.c	3043	true	
UNMATCHED	data-init	parse_shape_skill_save	reference/src/init.c	3051	true	
UNMATCHED	data-init	parse_shape_skill_stealth	reference/src/init.c	3059	true	
UNMATCHED	data-init	parse_shape_skill_search	reference/src/init.c	3067	true	
UNMATCHED	data-init	parse_shape_skill_melee	reference/src/init.c	3075	true	
UNMATCHED	data-init	parse_shape_skill_throw	reference/src/init.c	3083	true	
UNMATCHED	data-init	parse_shape_skill_dig	reference/src/init.c	3091	true	
UNMATCHED	data-init	parse_shape_obj_flags	reference/src/init.c	3099	true	
UNMATCHED	data-init	parse_shape_play_flags	reference/src/init.c	3119	true	
UNMATCHED	data-init	parse_shape_values	reference/src/init.c	3139	true	
UNMATCHED	data-init	parse_shape_effect	reference/src/init.c	3169	true	
UNMATCHED	data-init	parse_shape_effect_yx	reference/src/init.c	3189	true	
UNMATCHED	data-init	parse_shape_dice	reference/src/init.c	3208	true	
UNMATCHED	data-init	parse_shape_expr	reference/src/init.c	3241	true	
UNMATCHED	data-init	parse_shape_effect_msg	reference/src/init.c	3289	true	
UNMATCHED	data-init	parse_shape_blow	reference/src/init.c	3307	true	
UNMATCHED	data-init	init_parse_shape	reference/src/init.c	3322	true	
UNMATCHED	data-init	run_parse_shape	reference/src/init.c	3348	true	
UNMATCHED	data-init	finish_parse_shape	reference/src/init.c	3352	true	
UNMATCHED	data-init	cleanup_shape	reference/src/init.c	3358	true	
UNMATCHED	data-init	parse_class_name	reference/src/init.c	3400	true	
UNMATCHED	data-init	parse_class_stats	reference/src/init.c	3409	true	
UNMATCHED	data-init	parse_class_skill_disarm_phys	reference/src/init.c	3423	true	
UNMATCHED	data-init	parse_class_skill_disarm_magic	reference/src/init.c	3432	true	
UNMATCHED	data-init	parse_class_skill_device	reference/src/init.c	3441	true	
UNMATCHED	data-init	parse_class_skill_save	reference/src/init.c	3450	true	
UNMATCHED	data-init	parse_class_skill_stealth	reference/src/init.c	3459	true	
UNMATCHED	data-init	parse_class_skill_search	reference/src/init.c	3468	true	
UNMATCHED	data-init	parse_class_skill_melee	reference/src/init.c	3477	true	
UNMATCHED	data-init	parse_class_skill_shoot	reference/src/init.c	3486	true	
UNMATCHED	data-init	parse_class_skill_throw	reference/src/init.c	3495	true	
UNMATCHED	data-init	parse_class_skill_dig	reference/src/init.c	3504	true	
UNMATCHED	data-init	parse_class_hitdie	reference/src/init.c	3513	true	
UNMATCHED	data-init	parse_class_exp	reference/src/init.c	3522	true	
UNMATCHED	data-init	parse_class_max_attacks	reference/src/init.c	3531	true	
UNMATCHED	data-init	parse_class_min_weight	reference/src/init.c	3540	true	
UNMATCHED	data-init	parse_class_str_mult	reference/src/init.c	3549	true	
UNMATCHED	data-init	parse_class_title	reference/src/init.c	3558	true	
UNMATCHED	data-init	lookup_option	reference/src/init.c	3575	true	
UNMATCHED	data-init	parse_class_equip	reference/src/init.c	3590	true	
UNMATCHED	data-init	parse_class_obj_flags	reference/src/init.c	3665	true	
UNMATCHED	data-init	parse_class_play_flags	reference/src/init.c	3686	true	
UNMATCHED	data-init	parse_class_magic	reference/src/init.c	3707	true	
UNMATCHED	data-init	parse_class_book	reference/src/init.c	3726	true	
UNMATCHED	data-init	parse_class_book_graphics	reference/src/init.c	3768	true	
UNMATCHED	data-init	parse_class_book_properties	reference/src/init.c	3799	true	
UNMATCHED	data-init	parse_class_spell	reference/src/init.c	3834	true	
UNMATCHED	data-init	parse_class_effect	reference/src/init.c	3871	true	
UNMATCHED	data-init	parse_class_effect_yx	reference/src/init.c	3908	true	
UNMATCHED	data-init	parse_class_dice	reference/src/init.c	3944	true	
UNMATCHED	data-init	parse_class_expr	reference/src/init.c	3994	true	
UNMATCHED	data-init	parse_class_effect_msg	reference/src/init.c	4060	true	
UNMATCHED	data-init	parse_class_desc	reference/src/init.c	4095	true	
UNMATCHED	data-init	init_parse_class	reference/src/init.c	4122	true	
UNMATCHED	data-init	run_parse_class	reference/src/init.c	4168	true	
UNMATCHED	data-init	finish_parse_class	reference/src/init.c	4172	true	
UNMATCHED	data-init	cleanup_class	reference/src/init.c	4185	true	
UNMATCHED	data-init	parse_flavor_flavor	reference/src/init.c	4239	true	
UNMATCHED	data-init	parse_flavor_kind	reference/src/init.c	4275	true	
UNMATCHED	data-init	init_parse_flavor	reference/src/init.c	4286	true	
UNMATCHED	data-init	run_parse_flavor	reference/src/init.c	4297	true	
UNMATCHED	data-init	finish_parse_flavor	reference/src/init.c	4301	true	
UNMATCHED	data-init	cleanup_flavor	reference/src/init.c	4307	true	
UNMATCHED	data-init	parse_hint	reference/src/init.c	4336	true	
UNMATCHED	data-init	init_parse_hints	reference/src/init.c	4347	true	
UNMATCHED	data-init	run_parse_hints	reference/src/init.c	4353	true	
UNMATCHED	data-init	finish_parse_hints	reference/src/init.c	4357	true	
UNMATCHED	data-init	cleanup_hints	reference/src/init.c	4363	true	
INLINE?	data-init	init_arrays	reference/src/init.c	4443	false	identifier present in port sources but not a top-level decl
UNMATCHED	data-init	cleanup_arrays	reference/src/init.c	4459	true	
UNMATCHED	data-init	init_angband	reference/src/init.c	4521	false	
UNMATCHED	data-init	cleanup_angband	reference/src/init.c	4551	false	
UNMATCHED	engine	rd_item	reference/src/load.c	99	true	
UNMATCHED	engine	rd_monster	reference/src/load.c	259	true	
UNMATCHED	engine	rd_trap	reference/src/load.c	359	true	
INLINE?	engine	rd_randomizer	reference/src/load.c	388	false	identifier present in port sources but not a top-level decl
UNMATCHED	engine	rd_options	reference/src/load.c	424	false	
INLINE?	engine	rd_messages	reference/src/load.c	471	false	identifier present in port sources but not a top-level decl
INLINE?	engine	rd_monster_memory	reference/src/load.c	500	false	identifier present in port sources but not a top-level decl
UNMATCHED	engine	rd_object_memory	reference/src/load.c	548	false	
UNMATCHED	engine	rd_quests	reference/src/load.c	623	false	
UNMATCHED	engine	rd_player	reference/src/load.c	651	false	
UNMATCHED	engine	rd_ignore	reference/src/load.c	846	false	
UNMATCHED	engine	rd_misc	reference/src/load.c	951	false	
UNMATCHED	engine	rd_artifacts	reference/src/load.c	1036	false	
UNMATCHED	engine	rd_player_hp	reference/src/load.c	1066	false	
UNMATCHED	engine	rd_player_spells	reference/src/load.c	1089	false	
UNMATCHED	engine	rd_gear_aux	reference/src/load.c	1124	true	
UNMATCHED	engine	rd_gear	reference/src/load.c	1167	false	
UNMATCHED	engine	rd_stores_aux	reference/src/load.c	1196	true	
INLINE?	engine	rd_stores	reference/src/load.c	1267	false	identifier present in port sources but not a top-level decl
UNMATCHED	engine	rd_dungeon_aux	reference/src/load.c	1287	true	
UNMATCHED	engine	rd_objects_aux	reference/src/load.c	1394	true	
UNMATCHED	engine	rd_monsters_aux	reference/src/load.c	1432	true	
UNMATCHED	engine	rd_traps_aux	reference/src/load.c	1473	true	
UNMATCHED	engine	rd_dungeon	reference/src/load.c	1508	false	
UNMATCHED	engine	rd_objects	reference/src/load.c	1562	false	
UNMATCHED	engine	rd_monsters	reference/src/load.c	1575	false	
INLINE?	engine	rd_traps	reference/src/load.c	1611	false	identifier present in port sources but not a top-level decl
UNMATCHED	engine	rd_chunks	reference/src/load.c	1623	false	
UNMATCHED	engine	rd_history	reference/src/load.c	1715	false	
UNMATCHED	engine	rd_null	reference/src/load.c	1766	false	
UNMATCHED	engine	VblankHandler	reference/src/main-nds-arm7.c	35	false	
UNMATCHED	engine	powerButtonCB	reference/src/main-nds-arm7.c	44	false	
UNMATCHED	engine	copy_file	reference/src/main-spoil.c	64	true	
UNMATCHED	engine	parse_seed	reference/src/main-spoil.c	109	true	
UNMATCHED	engine	init_spoil	reference/src/main-spoil.c	169	false	
UNMATCHED	oracle	create_indices	reference/src/main-stats.c	348	true	
UNMATCHED	oracle	alloc_memory	reference/src/main-stats.c	371	true	
UNMATCHED	oracle	free_stats_memory	reference/src/main-stats.c	400	true	
UNMATCHED	oracle	generate_player_for_stats	reference/src/main-stats.c	425	true	
UNMATCHED	oracle	initialize_character	reference/src/main-stats.c	503	true	
INLINE?	oracle	kill_all_monsters	reference/src/main-stats.c	533	true	identifier present in port sources but not a top-level decl
INLINE?	oracle	unkill_uniques	reference/src/main-stats.c	552	true	identifier present in port sources but not a top-level decl
INLINE?	oracle	reset_artifacts	reference/src/main-stats.c	569	true	identifier present in port sources but not a top-level decl
INLINE?	oracle	log_all_objects	reference/src/main-stats.c	583	true	identifier present in port sources but not a top-level decl
INLINE?	oracle	descend_dungeon	reference/src/main-stats.c	665	true	identifier present in port sources but not a top-level decl
UNMATCHED	oracle	prep_output_dir	reference/src/main-stats.c	700	true	
UNMATCHED	oracle	stats_dump_oflags	reference/src/main-stats.c	717	true	
UNMATCHED	oracle	stats_dump_artifacts	reference/src/main-stats.c	735	true	
UNMATCHED	oracle	stats_dump_egos	reference/src/main-stats.c	789	true	
UNMATCHED	oracle	stats_dump_objects	reference/src/main-stats.c	848	true	
UNMATCHED	oracle	stats_dump_monsters	reference/src/main-stats.c	948	true	
UNMATCHED	oracle	stats_dump_lists	reference/src/main-stats.c	1034	true	
UNMATCHED	oracle	stats_dump_info	reference/src/main-stats.c	1170	true	
UNMATCHED	oracle	stats_prep_db	reference/src/main-stats.c	1259	true	
UNMATCHED	oracle	stats_lookup_index	reference/src/main-stats.c	1362	true	
UNMATCHED	oracle	get_artifact_count	reference/src/main-stats.c	1373	true	
UNMATCHED	oracle	get_consumables_count	reference/src/main-stats.c	1378	true	
UNMATCHED	oracle	get_ego_count	reference/src/main-stats.c	1383	true	
UNMATCHED	oracle	get_monster_race_count	reference/src/main-stats.c	1388	true	
UNMATCHED	oracle	extract_arr_long_long	reference/src/main-stats.c	1400	true	
UNMATCHED	oracle	extract_arr_uint32	reference/src/main-stats.c	1412	true	
UNMATCHED	oracle	extract_arr_arr_uint32	reference/src/main-stats.c	1424	true	
UNMATCHED	oracle	extract_arr_ptr_uint32	reference/src/main-stats.c	1436	true	
UNMATCHED	oracle	extract_ptr_uint32	reference/src/main-stats.c	1447	true	
UNMATCHED	oracle	convert_to_consumables_index	reference/src/main-stats.c	1452	true	
UNMATCHED	oracle	stats_write_db_level_data	reference/src/main-stats.c	1457	true	
UNMATCHED	oracle	stats_write_db_level_data_items	reference/src/main-stats.c	1489	true	
UNMATCHED	oracle	stats_write_db_wearables_count	reference/src/main-stats.c	1527	true	
UNMATCHED	oracle	stats_write_db_wearables_array	reference/src/main-stats.c	1559	true	
UNMATCHED	oracle	stats_write_db_wearables_2d_array	reference/src/main-stats.c	1601	true	
UNMATCHED	oracle	stats_write_db	reference/src/main-stats.c	1651	true	
UNMATCHED	oracle	progress_bar	reference/src/main-stats.c	1693	true	
UNMATCHED	oracle	stats_cleanup_angband_run	reference/src/main-stats.c	1721	true	
UNMATCHED	oracle	run_stats	reference/src/main-stats.c	1739	true	
UNMATCHED	oracle	term_init_stats	reference/src/main-stats.c	1842	true	
UNMATCHED	oracle	term_nuke_stats	reference/src/main-stats.c	1846	true	
UNMATCHED	oracle	term_xtra_clear	reference/src/main-stats.c	1850	true	
UNMATCHED	oracle	term_xtra_noise	reference/src/main-stats.c	1854	true	
UNMATCHED	oracle	term_xtra_fresh	reference/src/main-stats.c	1858	true	
UNMATCHED	oracle	term_xtra_shape	reference/src/main-stats.c	1862	true	
UNMATCHED	oracle	term_xtra_alive	reference/src/main-stats.c	1866	true	
UNMATCHED	oracle	term_xtra_event	reference/src/main-stats.c	1870	true	
UNMATCHED	oracle	term_xtra_flush	reference/src/main-stats.c	1882	true	
UNMATCHED	oracle	term_xtra_delay	reference/src/main-stats.c	1886	true	
UNMATCHED	oracle	term_xtra_react	reference/src/main-stats.c	1890	true	
UNMATCHED	oracle	term_xtra_stats	reference/src/main-stats.c	1907	true	
UNMATCHED	oracle	term_curs_stats	reference/src/main-stats.c	1917	true	
UNMATCHED	oracle	term_wipe_stats	reference/src/main-stats.c	1921	true	
UNMATCHED	oracle	term_text_stats	reference/src/main-stats.c	1925	true	
UNMATCHED	oracle	term_data_link	reference/src/main-stats.c	1929	true	
UNMATCHED	oracle	init_stats	reference/src/main-stats.c	1970	false	
UNMATCHED	frontend	show_win_error	reference/src/main-win.c	448	true	
UNMATCHED	frontend	analyze_font	reference/src/main-win.c	468	true	
UNMATCHED	frontend	check_dir	reference/src/main-win.c	510	true	
UNMATCHED	frontend	validate_file	reference/src/main-win.c	542	true	
UNMATCHED	frontend	validate_dir	reference/src/main-win.c	553	true	
UNMATCHED	frontend	term_getsize	reference/src/main-win.c	564	true	
UNMATCHED	frontend	save_prefs_aux	reference/src/main-win.c	728	true	
UNMATCHED	frontend	save_prefs	reference/src/main-win.c	799	true	
UNMATCHED	frontend	load_prefs_aux	reference/src/main-win.c	835	true	
INLINE?	frontend	load_prefs	reference/src/main-win.c	879	true	identifier present in port sources but not a top-level decl
UNMATCHED	frontend	new_palette	reference/src/main-win.c	945	true	
UNMATCHED	frontend	init_graphics	reference/src/main-win.c	1067	true	
UNMATCHED	frontend	load_sound_win	reference/src/main-win.c	1217	true	
UNMATCHED	frontend	play_sound_win	reference/src/main-win.c	1273	true	
UNMATCHED	frontend	unload_sound_win	reference/src/main-win.c	1308	true	
UNMATCHED	frontend	open_audio_win	reference/src/main-win.c	1336	true	
UNMATCHED	frontend	close_audio_win	reference/src/main-win.c	1341	true	
UNMATCHED	frontend	supported_files_win	reference/src/main-win.c	1346	true	
UNMATCHED	frontend	init_sound_win	reference/src/main-win.c	1354	false	
UNMATCHED	frontend	term_window_resize	reference/src/main-win.c	1372	true	
UNMATCHED	frontend	term_remove_font	reference/src/main-win.c	1389	true	
UNMATCHED	frontend	term_force_font	reference/src/main-win.c	1417	true	
UNMATCHED	frontend	term_change_font	reference/src/main-win.c	1520	true	
UNMATCHED	frontend	term_data_redraw	reference/src/main-win.c	1588	true	
UNMATCHED	frontend	term_data_redraw_section	reference/src/main-win.c	1609	true	
UNMATCHED	frontend	Term_init_win	reference/src/main-win.c	1636	true	
UNMATCHED	frontend	Term_nuke_win	reference/src/main-win.c	1645	true	
UNMATCHED	frontend	Term_xtra_win_react	reference/src/main-win.c	1663	true	
UNMATCHED	frontend	Term_xtra_win_event	reference/src/main-win.c	1816	true	
UNMATCHED	frontend	Term_xtra_win_flush	reference/src/main-win.c	1846	true	
UNMATCHED	frontend	Term_xtra_win_clear	reference/src/main-win.c	1866	true	
UNMATCHED	frontend	Term_xtra_win_noise	reference/src/main-win.c	1892	true	
UNMATCHED	frontend	Term_xtra_win_delay	reference/src/main-win.c	1901	true	
UNMATCHED	frontend	Term_xtra_win	reference/src/main-win.c	1914	true	
UNMATCHED	frontend	Term_curs_win	reference/src/main-win.c	1973	true	
UNMATCHED	frontend	Term_bigcurs_win	reference/src/main-win.c	2011	true	
UNMATCHED	frontend	Term_wipe_win_helper	reference/src/main-win.c	2050	true	
UNMATCHED	frontend	Term_wipe_win	reference/src/main-win.c	2086	true	
UNMATCHED	frontend	Term_text_win	reference/src/main-win.c	2104	true	
UNMATCHED	frontend	Term_pict_win	reference/src/main-win.c	2204	true	
UNMATCHED	frontend	Term_mbstowcs_win	reference/src/main-win.c	2364	false	
UNMATCHED	frontend	Term_wcsz_win	reference/src/main-win.c	2401	false	
UNMATCHED	frontend	Term_wctomb_win	reference/src/main-win.c	2418	false	
UNMATCHED	frontend	Term_iswprint_win	reference/src/main-win.c	2439	false	
UNMATCHED	frontend	Term_pict_win_alpha	reference/src/main-win.c	2454	true	
UNMATCHED	frontend	windows_map_aux	reference/src/main-win.c	2568	true	
UNMATCHED	frontend	windows_map	reference/src/main-win.c	2608	true	
UNMATCHED	frontend	term_view_map_hook	reference/src/main-win.c	2643	true	
UNMATCHED	frontend	term_data_link	reference/src/main-win.c	2668	true	
UNMATCHED	frontend	init_windows	reference/src/main-win.c	2714	true	
UNMATCHED	frontend	stop_screensaver	reference/src/main-win.c	2932	true	
INLINE?	frontend	setup_menus	reference/src/main-win.c	2946	true	identifier present in port sources but not a top-level decl
UNMATCHED	frontend	check_for_save_file	reference/src/main-win.c	3243	true	
UNMATCHED	frontend	screensaver_inkey_hack	reference/src/main-win.c	3292	true	
UNMATCHED	frontend	start_screensaver	reference/src/main-win.c	3310	true	
UNMATCHED	frontend	open_url	reference/src/main-win.c	3433	true	
UNMATCHED	frontend	open_local_docs	reference/src/main-win.c	3446	true	
UNMATCHED	frontend	display_help	reference/src/main-win.c	3473	true	
UNMATCHED	frontend	process_menus	reference/src/main-win.c	3489	true	
UNMATCHED	frontend	handle_wm_paint	reference/src/main-win.c	4238	true	
UNMATCHED	frontend	extract_modifiers	reference/src/main-win.c	4269	true	
UNMATCHED	frontend	handle_keydown	reference/src/main-win.c	4296	true	
UNMATCHED	frontend	AngbandWndProc	reference/src/main-win.c	4363	true	
UNMATCHED	frontend	AngbandListProc	reference/src/main-win.c	4718	true	
UNMATCHED	frontend	AngbandSaverProc	reference/src/main-win.c	4952	false	
UNMATCHED	frontend	hack_plog	reference/src/main-win.c	5046	true	
UNMATCHED	frontend	hack_quit	reference/src/main-win.c	5057	true	
UNMATCHED	frontend	hook_plog	reference/src/main-win.c	5094	true	
UNMATCHED	frontend	hook_quit	reference/src/main-win.c	5109	true	
UNMATCHED	frontend	init_stuff	reference/src/main-win.c	5180	true	
UNMATCHED	frontend	win_reinit	reference/src/main-win.c	5278	true	
UNMATCHED	frontend	WinMain	reference/src/main-win.c	5298	false	
UNMATCHED	frontend	create_savefile_tracking_file	reference/src/main-win.c	5499	true	
UNMATCHED	frontend	monitor_existing_savefile	reference/src/main-win.c	5532	true	
UNMATCHED	frontend	monitor_new_savefile	reference/src/main-win.c	5543	true	
UNMATCHED	frontend	finish_monitoring_savefile	reference/src/main-win.c	5555	true	
UNMATCHED	engine	Term_init_xxx	reference/src/main-xxx.c	151	true	
UNMATCHED	engine	Term_nuke_xxx	reference/src/main-xxx.c	168	true	
UNMATCHED	engine	Term_xtra_xxx	reference/src/main-xxx.c	192	true	
UNMATCHED	engine	Term_curs_xxx	reference/src/main-xxx.c	419	true	
UNMATCHED	engine	Term_wipe_xxx	reference/src/main-xxx.c	437	true	
UNMATCHED	engine	Term_text_xxx	reference/src/main-xxx.c	476	true	
UNMATCHED	engine	Term_pict_xxx	reference/src/main-xxx.c	513	true	
UNMATCHED	engine	term_data_link	reference/src/main-xxx.c	549	true	
UNMATCHED	engine	init_xxx	reference/src/main-xxx.c	619	false	
UNMATCHED	engine	CheckEvents	reference/src/main-xxx.c	668	true	
UNMATCHED	engine	xxx_sound	reference/src/main-xxx.c	685	true	
UNMATCHED	engine	init_stuff	reference/src/main-xxx.c	698	true	
UNMATCHED	engine	basic_quit_hook	reference/src/main.c	110	true	
UNMATCHED	engine	extended_quit_hook	reference/src/main.c	133	true	
UNMATCHED	engine	init_stuff	reference/src/main.c	159	true	
UNMATCHED	engine	generic_reinit	reference/src/main.c	200	true	
UNMATCHED	engine	change_path	reference/src/main.c	237	true	
UNMATCHED	engine	user_name	reference/src/main.c	282	true	
UNMATCHED	engine	list_saves	reference/src/main.c	303	true	
UNMATCHED	engine	messages_init	reference/src/message.c	72	false	
UNMATCHED	engine	messages_free	reference/src/message.c	81	false	
INLINE?	engine	messages_num	reference/src/message.c	107	false	identifier present in port sources but not a top-level decl
INLINE?	engine	message_add	reference/src/message.c	124	false	identifier present in port sources but not a top-level decl
UNMATCHED	engine	message_get	reference/src/message.c	165	true	
INLINE?	engine	message_str	reference/src/message.c	185	false	identifier present in port sources but not a top-level decl
INLINE?	engine	message_count	reference/src/message.c	199	false	identifier present in port sources but not a top-level decl
MATCH	engine	message_type	reference/src/message.c	211	false	packages/core/src/msg.ts:22
MATCH	engine	message_color	reference/src/message.c	222	false	packages/web/src/main.ts:955
INLINE?	engine	message_color_define	reference/src/message.c	236	false	identifier present in port sources but not a top-level decl
INLINE?	engine	message_type_color	reference/src/message.c	269	false	identifier present in port sources but not a top-level decl
MATCH	engine	message_lookup_by_name	reference/src/message.c	295	false	packages/core/src/sound/engine.ts:37
UNMATCHED	engine	message_lookup_by_sound_name	reference/src/message.c	325	false	
UNMATCHED	engine	message_sound_name	reference/src/message.c	349	false	
INLINE?	engine	sound	reference/src/message.c	368	false	identifier present in port sources but not a top-level decl
INLINE?	engine	bell	reference/src/message.c	380	false	identifier present in port sources but not a top-level decl
MATCH	engine	msg	reference/src/message.c	395	false	packages/core/src/effects/handlers.ts:31 | packages/core/src/generated/message.ts:165
INLINE?	engine	msgt	reference/src/message.c	428	false	identifier present in port sources but not a top-level decl
INLINE?	engine	monster_get_target_dist_grid	reference/src/mon-attack.c	65	true	identifier present in port sources but not a top-level decl
MATCH	engine	monster_can_cast	reference/src/mon-attack.c	89	true	packages/core/src/game/mon-ranged.ts:269
MATCH	engine	remove_bad_spells	reference/src/mon-attack.c	153	true	packages/core/src/game/mon-ranged.ts:172
MATCH	engine	summon_possible	reference/src/mon-attack.c	238	true	packages/core/src/game/mon-ranged.ts:80
MATCH	engine	choose_attack_spell	reference/src/mon-attack.c	281	false	packages/core/src/game/mon-ranged.ts:247
MATCH	engine	monster_spell_failrate	reference/src/mon-attack.c	307	true	packages/core/src/game/mon-ranged.ts:150
MATCH	engine	chance_of_monster_hit_base	reference/src/mon-attack.c	336	false	packages/core/src/combat/mon-melee.ts:183
MATCH	engine	chance_of_monster_hit	reference/src/mon-attack.c	348	true	packages/core/src/combat/mon-melee.ts:190
MATCH	engine	make_ranged_attack	reference/src/mon-attack.c	394	false	packages/core/src/game/mon-ranged.ts:308
MATCH	engine	monster_critical	reference/src/mon-attack.c	497	true	packages/core/src/combat/mon-melee.ts:222
MATCH	engine	check_hit	reference/src/mon-attack.c	527	false	packages/core/src/combat/mon-melee.ts:206
MATCH	engine	adjust_dam_armor	reference/src/mon-attack.c	540	false	packages/core/src/combat/mon-melee.ts:213
INLINE?	engine	make_attack_normal	reference/src/mon-attack.c	548	false	identifier present in port sources but not a top-level decl
MATCH	engine	monster_attack_monster	reference/src/mon-attack.c	765	false	packages/core/src/game/mon-cmd.ts:318
UNMATCHED	engine	blow_tag_lookup	reference/src/mon-blows.c	56	true	
MATCH	engine	monster_blow_method_action	reference/src/mon-blows.c	74	false	packages/core/src/combat/mon-melee.ts:360
UNMATCHED	engine	blow_index	reference/src/mon-blows.c	174	false	
MATCH	engine	display_blow_message_vs_player	reference/src/mon-blows.c	194	true	packages/core/src/combat/mon-melee.ts:378
MATCH	engine	display_blow_message_vs_monster	reference/src/mon-blows.c	225	true	packages/core/src/game/mon-cmd.ts:71
INLINE?	engine	steal_player_item	reference/src/mon-blows.c	244	true	identifier present in port sources but not a top-level decl
MATCH	engine	monster_elemental_damage	reference/src/mon-blows.c	311	true	packages/core/src/game/mon-cmd.ts:126
INLINE?	engine	monster_damage_target	reference/src/mon-blows.c	376	true	identifier present in port sources but not a top-level decl
INLINE?	engine	melee_effect_elemental	reference/src/mon-blows.c	417	true	identifier present in port sources but not a top-level decl
INLINE?	engine	melee_effect_timed	reference/src/mon-blows.c	502	true	identifier present in port sources but not a top-level decl
UNMATCHED	engine	melee_effect_stat	reference/src/mon-blows.c	564	true	
INLINE?	engine	melee_effect_experience	reference/src/mon-blows.c	589	true	identifier present in port sources but not a top-level decl
INLINE?	engine	melee_effect_handler_NONE	reference/src/mon-blows.c	638	true	identifier present in port sources but not a top-level decl
UNMATCHED	engine	melee_effect_handler_HURT	reference/src/mon-blows.c	655	true	
UNMATCHED	engine	melee_effect_handler_POISON	reference/src/mon-blows.c	674	true	
UNMATCHED	engine	melee_effect_handler_DISENCHANT	reference/src/mon-blows.c	695	true	
UNMATCHED	engine	melee_effect_handler_DRAIN_CHARGES	reference/src/mon-blows.c	711	true	
UNMATCHED	engine	melee_effect_handler_EAT_GOLD	reference/src/mon-blows.c	777	true	
UNMATCHED	engine	melee_effect_handler_EAT_ITEM	reference/src/mon-blows.c	847	true	
UNMATCHED	engine	melee_effect_handler_EAT_FOOD	reference/src/mon-blows.c	884	true	
UNMATCHED	engine	melee_effect_handler_EAT_LIGHT	reference/src/mon-blows.c	938	true	
UNMATCHED	engine	melee_effect_handler_ACID	reference/src/mon-blows.c	958	true	
UNMATCHED	engine	melee_effect_handler_ELEC	reference/src/mon-blows.c	966	true	
UNMATCHED	engine	melee_effect_handler_FIRE	reference/src/mon-blows.c	974	true	
UNMATCHED	engine	melee_effect_handler_COLD	reference/src/mon-blows.c	982	true	
UNMATCHED	engine	melee_effect_handler_BLIND	reference/src/mon-blows.c	990	true	
UNMATCHED	engine	melee_effect_handler_CONFUSE	reference/src/mon-blows.c	999	true	
UNMATCHED	engine	melee_effect_handler_TERRIFY	reference/src/mon-blows.c	1008	true	
UNMATCHED	engine	melee_effect_handler_PARALYZE	reference/src/mon-blows.c	1017	true	
UNMATCHED	engine	melee_effect_handler_LOSE_STR	reference/src/mon-blows.c	1030	true	
UNMATCHED	engine	melee_effect_handler_LOSE_INT	reference/src/mon-blows.c	1038	true	
UNMATCHED	engine	melee_effect_handler_LOSE_WIS	reference/src/mon-blows.c	1046	true	
UNMATCHED	engine	melee_effect_handler_LOSE_DEX	reference/src/mon-blows.c	1054	true	
UNMATCHED	engine	melee_effect_handler_LOSE_CON	reference/src/mon-blows.c	1062	true	
UNMATCHED	engine	melee_effect_handler_LOSE_ALL	reference/src/mon-blows.c	1070	true	
UNMATCHED	engine	melee_effect_handler_SHATTER	reference/src/mon-blows.c	1086	true	
UNMATCHED	engine	melee_effect_handler_EXP_10	reference/src/mon-blows.c	1121	true	
UNMATCHED	engine	melee_effect_handler_EXP_20	reference/src/mon-blows.c	1129	true	
UNMATCHED	engine	melee_effect_handler_EXP_40	reference/src/mon-blows.c	1137	true	
UNMATCHED	engine	melee_effect_handler_EXP_80	reference/src/mon-blows.c	1145	true	
UNMATCHED	engine	melee_effect_handler_HALLU	reference/src/mon-blows.c	1156	true	
UNMATCHED	engine	melee_effect_handler_BLACK_BREATH	reference/src/mon-blows.c	1175	true	
UNMATCHED	engine	melee_handler_for_blow_effect	reference/src/mon-blows.c	1191	false	
MATCH	engine	plural_aux	reference/src/mon-desc.c	27	false	packages/core/src/mon/desc.ts:77
MATCH	engine	get_mon_name	reference/src/mon-desc.c	44	false	packages/core/src/mon/desc.ts:87
MATCH	engine	monster_desc	reference/src/mon-desc.c	108	false	packages/core/src/mon/desc.ts:104
MATCH	engine	monster_group_new	reference/src/mon-group.c	30	false	packages/core/src/game/mon-group.ts:33
UNMATCHED	engine	monster_group_free	reference/src/mon-group.c	39	false	
MATCH	engine	monster_group_split	reference/src/mon-group.c	54	true	packages/core/src/game/mon-group.ts:97
MATCH	engine	monster_group_remove_leader	reference/src/mon-group.c	96	true	packages/core/src/game/mon-group.ts:124
MATCH	engine	monster_remove_from_groups	reference/src/mon-group.c	152	false	packages/core/src/game/mon-group.ts:166
MATCH	engine	monster_group_index_new	reference/src/mon-group.c	209	false	packages/core/src/game/mon-group.ts:66
MATCH	engine	monster_add_to_group	reference/src/mon-group.c	224	false	packages/core/src/game/mon-group.ts:74
MATCH	engine	monster_group_start	reference/src/mon-group.c	243	false	packages/core/src/game/mon-group.ts:83
MATCH	engine	monster_group_assign	reference/src/mon-group.c	267	false	packages/core/src/game/mon-group.ts:194
MATCH	engine	monster_group_index	reference/src/mon-group.c	322	false	packages/core/src/game/mon-group.ts:46
MATCH	engine	monster_group_by_index	reference/src/mon-group.c	330	false	packages/core/src/game/mon-group.ts:38
MATCH	engine	monster_group_change_index	reference/src/mon-group.c	338	false	packages/core/src/game/mon-group.ts:230
MATCH	engine	summon_group	reference/src/mon-group.c	379	false	packages/core/src/game/mon-group.ts:262
MATCH	engine	monster_group_rouse	reference/src/mon-group.c	407	false	packages/core/src/game/mon-group.ts:287
MATCH	engine	monster_primary_group_size	reference/src/mon-group.c	434	false	packages/core/src/game/mon-group.ts:303
MATCH	engine	group_monster_tracking	reference/src/mon-group.c	451	false	packages/core/src/game/mon-group.ts:315
MATCH	engine	monster_group_leader_idx	reference/src/mon-group.c	474	false	packages/core/src/game/mon-group.ts:51
MATCH	engine	monster_group_leader	reference/src/mon-group.c	482	false	packages/core/src/game/mon-group.ts:56
MATCH	engine	monster_groups_verify	reference/src/mon-group.c	492	false	packages/core/src/game/mon-group.ts:339
UNMATCHED	data-init	flag_index_by_name	reference/src/mon-init.c	75	true	
UNMATCHED	data-init	findmeth	reference/src/mon-init.c	92	true	
UNMATCHED	data-init	parse_meth_name	reference/src/mon-init.c	102	true	
UNMATCHED	data-init	parse_meth_cut	reference/src/mon-init.c	114	true	
UNMATCHED	data-init	parse_meth_stun	reference/src/mon-init.c	124	true	
UNMATCHED	data-init	parse_meth_miss	reference/src/mon-init.c	134	true	
UNMATCHED	data-init	parse_meth_phys	reference/src/mon-init.c	144	true	
UNMATCHED	data-init	parse_meth_message_type	reference/src/mon-init.c	154	true	
UNMATCHED	data-init	parse_meth_act_msg	reference/src/mon-init.c	174	true	
UNMATCHED	data-init	parse_meth_desc	reference/src/mon-init.c	190	true	
UNMATCHED	data-init	init_parse_meth	reference/src/mon-init.c	198	true	
UNMATCHED	data-init	run_parse_meth	reference/src/mon-init.c	212	true	
UNMATCHED	data-init	finish_parse_meth	reference/src/mon-init.c	216	true	
UNMATCHED	data-init	cleanup_meth	reference/src/mon-init.c	246	true	
UNMATCHED	data-init	findeff	reference/src/mon-init.c	279	true	
UNMATCHED	data-init	parse_eff_name	reference/src/mon-init.c	289	true	
UNMATCHED	data-init	parse_eff_power	reference/src/mon-init.c	301	true	
UNMATCHED	data-init	parse_eff_eval	reference/src/mon-init.c	308	true	
UNMATCHED	data-init	parse_eff_desc	reference/src/mon-init.c	315	true	
UNMATCHED	data-init	parse_eff_lore_color	reference/src/mon-init.c	323	true	
UNMATCHED	data-init	parse_eff_lore_color_resist	reference/src/mon-init.c	342	true	
UNMATCHED	data-init	parse_eff_lore_color_immune	reference/src/mon-init.c	361	true	
UNMATCHED	data-init	parse_eff_effect_type	reference/src/mon-init.c	380	true	
UNMATCHED	data-init	parse_eff_resist	reference/src/mon-init.c	388	true	
UNMATCHED	data-init	parse_eff_lash_type	reference/src/mon-init.c	403	true	
UNMATCHED	data-init	init_parse_eff	reference/src/mon-init.c	413	true	
UNMATCHED	data-init	run_parse_eff	reference/src/mon-init.c	429	true	
UNMATCHED	data-init	finish_parse_eff	reference/src/mon-init.c	433	true	
UNMATCHED	data-init	cleanup_eff	reference/src/mon-init.c	464	true	
UNMATCHED	data-init	parse_pain_type	reference/src/mon-init.c	492	true	
UNMATCHED	data-init	parse_pain_message	reference/src/mon-init.c	501	true	
UNMATCHED	data-init	init_parse_pain	reference/src/mon-init.c	516	false	
UNMATCHED	data-init	run_parse_pain	reference/src/mon-init.c	525	true	
UNMATCHED	data-init	finish_parse_pain	reference/src/mon-init.c	529	true	
UNMATCHED	data-init	cleanup_pain	reference/src/mon-init.c	558	true	
UNMATCHED	data-init	parse_mon_spell_name	reference/src/mon-init.c	583	true	
UNMATCHED	data-init	parse_mon_spell_message_type	reference/src/mon-init.c	602	true	
UNMATCHED	data-init	parse_mon_spell_hit	reference/src/mon-init.c	618	true	
UNMATCHED	data-init	parse_mon_spell_effect	reference/src/mon-init.c	628	true	
UNMATCHED	data-init	parse_mon_spell_effect_yx	reference/src/mon-init.c	651	true	
UNMATCHED	data-init	parse_mon_spell_dice	reference/src/mon-init.c	671	true	
UNMATCHED	data-init	parse_mon_spell_expr	reference/src/mon-init.c	703	true	
UNMATCHED	data-init	parse_mon_spell_power_cutoff	reference/src/mon-init.c	751	true	
UNMATCHED	data-init	parse_mon_spell_lore_desc	reference/src/mon-init.c	769	true	
UNMATCHED	data-init	parse_mon_spell_lore_color	reference/src/mon-init.c	785	true	
UNMATCHED	data-init	parse_mon_spell_lore_color_resist	reference/src/mon-init.c	812	true	
UNMATCHED	data-init	parse_mon_spell_lore_color_immune	reference/src/mon-init.c	839	true	
UNMATCHED	data-init	parse_mon_spell_message	reference/src/mon-init.c	866	true	
UNMATCHED	data-init	parse_mon_spell_blind_message	reference/src/mon-init.c	882	true	
UNMATCHED	data-init	parse_mon_spell_miss_message	reference/src/mon-init.c	898	true	
UNMATCHED	data-init	parse_mon_spell_save_message	reference/src/mon-init.c	914	true	
UNMATCHED	data-init	init_parse_mon_spell	reference/src/mon-init.c	930	true	
UNMATCHED	data-init	run_parse_mon_spell	reference/src/mon-init.c	952	true	
UNMATCHED	data-init	finish_parse_mon_spell	reference/src/mon-init.c	956	true	
UNMATCHED	data-init	cleanup_mon_spell	reference/src/mon-init.c	962	true	
UNMATCHED	data-init	parse_mon_base_name	reference/src/mon-init.c	1000	true	
UNMATCHED	data-init	parse_mon_base_glyph	reference/src/mon-init.c	1009	true	
UNMATCHED	data-init	parse_mon_base_pain	reference/src/mon-init.c	1019	true	
UNMATCHED	data-init	parse_mon_base_flags	reference/src/mon-init.c	1035	true	
UNMATCHED	data-init	parse_mon_base_desc	reference/src/mon-init.c	1059	true	
UNMATCHED	data-init	init_parse_mon_base	reference/src/mon-init.c	1069	true	
UNMATCHED	data-init	run_parse_mon_base	reference/src/mon-init.c	1081	true	
UNMATCHED	data-init	finish_parse_mon_base	reference/src/mon-init.c	1085	true	
UNMATCHED	data-init	cleanup_mon_base	reference/src/mon-init.c	1091	true	
UNMATCHED	data-init	parse_monster_name	reference/src/mon-init.c	1119	true	
INLINE?	data-init	parse_monster_base	reference/src/mon-init.c	1128	true	identifier present in port sources but not a top-level decl
INLINE?	data-init	parse_monster_glyph	reference/src/mon-init.c	1147	true	identifier present in port sources but not a top-level decl
INLINE?	data-init	parse_monster_color	reference/src/mon-init.c	1159	true	identifier present in port sources but not a top-level decl
UNMATCHED	data-init	parse_monster_speed	reference/src/mon-init.c	1178	true	
UNMATCHED	data-init	parse_monster_hit_points	reference/src/mon-init.c	1187	true	
UNMATCHED	data-init	parse_monster_light	reference/src/mon-init.c	1196	true	
INLINE?	data-init	parse_monster_hearing	reference/src/mon-init.c	1205	true	identifier present in port sources but not a top-level decl
UNMATCHED	data-init	parse_monster_smell	reference/src/mon-init.c	1215	true	
UNMATCHED	data-init	parse_monster_armor_class	reference/src/mon-init.c	1225	true	
UNMATCHED	data-init	parse_monster_sleepiness	reference/src/mon-init.c	1234	true	
INLINE?	data-init	parse_monster_depth	reference/src/mon-init.c	1243	true	identifier present in port sources but not a top-level decl
UNMATCHED	data-init	parse_monster_rarity	reference/src/mon-init.c	1255	true	
UNMATCHED	data-init	parse_monster_experience	reference/src/mon-init.c	1264	true	
UNMATCHED	data-init	parse_monster_blow	reference/src/mon-init.c	1273	true	
UNMATCHED	data-init	parse_monster_flags	reference/src/mon-init.c	1309	true	
UNMATCHED	data-init	parse_monster_flags_off	reference/src/mon-init.c	1333	true	
UNMATCHED	data-init	parse_monster_desc	reference/src/mon-init.c	1357	true	
INLINE?	data-init	parse_monster_innate_freq	reference/src/mon-init.c	1366	true	identifier present in port sources but not a top-level decl
INLINE?	data-init	parse_monster_spell_freq	reference/src/mon-init.c	1379	true	identifier present in port sources but not a top-level decl
INLINE?	data-init	parse_monster_spell_power	reference/src/mon-init.c	1392	true	identifier present in port sources but not a top-level decl
INLINE?	data-init	parse_monster_spells	reference/src/mon-init.c	1401	true	identifier present in port sources but not a top-level decl
UNMATCHED	data-init	add_alternate_spell_message	reference/src/mon-init.c	1442	true	
UNMATCHED	data-init	parse_monster_msg_vis	reference/src/mon-init.c	1459	true	
UNMATCHED	data-init	parse_monster_msg_invis	reference/src/mon-init.c	1475	true	
UNMATCHED	data-init	parse_monster_msg_miss	reference/src/mon-init.c	1491	true	
UNMATCHED	data-init	parse_monster_drop	reference/src/mon-init.c	1507	true	
UNMATCHED	data-init	parse_monster_drop_base	reference/src/mon-init.c	1539	true	
INLINE?	data-init	parse_monster_friends	reference/src/mon-init.c	1563	true	identifier present in port sources but not a top-level decl
UNMATCHED	data-init	parse_monster_friends_base	reference/src/mon-init.c	1595	true	
UNMATCHED	data-init	parse_monster_mimic	reference/src/mon-init.c	1632	true	
INLINE?	data-init	parse_monster_shape	reference/src/mon-init.c	1657	true	identifier present in port sources but not a top-level decl
UNMATCHED	data-init	parse_monster_plural	reference/src/mon-init.c	1673	true	
INLINE?	data-init	parse_monster_color_cycle	reference/src/mon-init.c	1692	true	identifier present in port sources but not a top-level decl
UNMATCHED	data-init	init_parse_monster	reference/src/mon-init.c	1712	false	
UNMATCHED	data-init	run_parse_monster	reference/src/mon-init.c	1752	true	
INLINE?	data-init	finish_parse_monster	reference/src/mon-init.c	1756	true	identifier present in port sources but not a top-level decl
UNMATCHED	data-init	cleanup_monster	reference/src/mon-init.c	1894	true	
UNMATCHED	data-init	parse_pit_name	reference/src/mon-init.c	1967	true	
UNMATCHED	data-init	parse_pit_room	reference/src/mon-init.c	1978	true	
UNMATCHED	data-init	parse_pit_alloc	reference/src/mon-init.c	1987	true	
UNMATCHED	data-init	parse_pit_obj_rarity	reference/src/mon-init.c	1998	true	
UNMATCHED	data-init	parse_pit_mon_base	reference/src/mon-init.c	2008	true	
UNMATCHED	data-init	parse_pit_mon_ban	reference/src/mon-init.c	2025	true	
UNMATCHED	data-init	parse_pit_color	reference/src/mon-init.c	2040	true	
UNMATCHED	data-init	parse_pit_flags_req	reference/src/mon-init.c	2063	true	
UNMATCHED	data-init	parse_pit_flags_ban	reference/src/mon-init.c	2086	true	
INLINE?	data-init	parse_pit_innate_freq	reference/src/mon-init.c	2109	true	identifier present in port sources but not a top-level decl
UNMATCHED	data-init	parse_pit_spell_req	reference/src/mon-init.c	2121	true	
UNMATCHED	data-init	parse_pit_spell_ban	reference/src/mon-init.c	2144	true	
UNMATCHED	data-init	init_parse_pit	reference/src/mon-init.c	2167	false	
UNMATCHED	data-init	run_parse_pit	reference/src/mon-init.c	2186	true	
UNMATCHED	data-init	finish_parse_pit	reference/src/mon-init.c	2190	true	
UNMATCHED	data-init	cleanup_pits	reference/src/mon-init.c	2224	true	
UNMATCHED	data-init	parse_lore_name	reference/src/mon-init.c	2272	true	
UNMATCHED	data-init	parse_lore_base	reference/src/mon-init.c	2285	true	
UNMATCHED	data-init	parse_lore_counts	reference/src/mon-init.c	2301	true	
UNMATCHED	data-init	parse_lore_blow	reference/src/mon-init.c	2317	true	
UNMATCHED	data-init	parse_lore_flags	reference/src/mon-init.c	2357	true	
UNMATCHED	data-init	parse_lore_spells	reference/src/mon-init.c	2377	true	
UNMATCHED	data-init	parse_lore_drop	reference/src/mon-init.c	2396	true	
UNMATCHED	data-init	parse_lore_drop_base	reference/src/mon-init.c	2428	true	
UNMATCHED	data-init	parse_lore_friends	reference/src/mon-init.c	2451	true	
UNMATCHED	data-init	parse_lore_friends_base	reference/src/mon-init.c	2482	true	
UNMATCHED	data-init	parse_lore_mimic	reference/src/mon-init.c	2515	true	
UNMATCHED	data-init	init_parse_lore	reference/src/mon-init.c	2540	true	
UNMATCHED	data-init	run_parse_lore	reference/src/mon-init.c	2582	true	
UNMATCHED	data-init	finish_parse_lore	reference/src/mon-init.c	2590	true	
UNMATCHED	data-init	cleanup_lore	reference/src/mon-init.c	2630	true	
MATCH	engine	monster_list_new	reference/src/mon-list.c	30	false	packages/core/src/game/mon-list.ts:64
UNMATCHED	engine	monster_list_free	reference/src/mon-list.c	53	false	
UNMATCHED	engine	monster_list_init	reference/src/mon-list.c	75	false	
UNMATCHED	engine	monster_list_finalize	reference/src/mon-list.c	83	false	
UNMATCHED	engine	monster_list_shared_instance	reference/src/mon-list.c	91	false	
UNMATCHED	engine	monster_list_can_update	reference/src/mon-list.c	104	true	
INLINE?	engine	monster_list_reset	reference/src/mon-list.c	116	false	identifier present in port sources but not a top-level decl
MATCH	engine	monster_list_collect	reference/src/mon-list.c	138	false	packages/core/src/game/mon-list.ts:79
MATCH	engine	monster_list_standard_compare	reference/src/mon-list.c	228	false	packages/core/src/game/mon-list.ts:157
MATCH	engine	monster_list_compare_exp	reference/src/mon-list.c	250	false	packages/core/src/game/mon-list.ts:170
MATCH	engine	monster_list_sort	reference/src/mon-list.c	278	false	packages/core/src/game/mon-list.ts:184
MATCH	engine	monster_list_entry_line_color	reference/src/mon-list.c	304	false	packages/core/src/game/mon-list.ts:199
MATCH	engine	spell_color	reference/src/mon-lore.c	59	true	packages/core/src/mon/lore-describe.ts:467
MATCH	engine	blow_color	reference/src/mon-lore.c	178	true	packages/core/src/mon/lore-describe.ts:476
MATCH	engine	lore_learn_spell_if_has	reference/src/mon-lore.c	278	false	packages/core/src/mon/lore.ts:126
MATCH	engine	lore_learn_spell_if_visible	reference/src/mon-lore.c	285	false	packages/core/src/mon/lore.ts:135
MATCH	engine	lore_learn_flag_if_visible	reference/src/mon-lore.c	292	false	packages/core/src/mon/lore.ts:144
MATCH	engine	lore_update	reference/src/mon-lore.c	303	false	packages/core/src/mon/lore.ts:175
MATCH	engine	cheat_monster_lore	reference/src/mon-lore.c	361	false	packages/core/src/mon/lore.ts:218
MATCH	engine	wipe_monster_lore	reference/src/mon-lore.c	374	false	packages/core/src/mon/lore.ts:224
MATCH	engine	lore_do_probe	reference/src/mon-lore.c	426	false	packages/core/src/mon/lore.ts:232
MATCH	engine	lore_is_fully_known	reference/src/mon-lore.c	441	false	packages/core/src/mon/lore.ts:243
MATCH	engine	lore_treasure	reference/src/mon-lore.c	502	false	packages/core/src/mon/lore.ts:273
MATCH	engine	monster_flags_known	reference/src/mon-lore.c	542	false	packages/core/src/mon/lore.ts:299
MATCH	engine	lore_describe_awareness	reference/src/mon-lore.c	558	true	packages/core/src/mon/lore-describe.ts:234
MATCH	engine	lore_describe_speed	reference/src/mon-lore.c	599	true	packages/core/src/mon/lore-describe.ts:255
MATCH	engine	lore_adjective_speed	reference/src/mon-lore.c	636	true	packages/core/src/mon/lore-describe.ts:274
MATCH	engine	lore_multiplier_speed	reference/src/mon-lore.c	652	true	packages/core/src/mon/lore-describe.ts:281
MATCH	engine	lore_monster_sex	reference/src/mon-lore.c	695	true	packages/core/src/mon/lore-describe.ts:199
MATCH	engine	lore_pronoun_nominative	reference/src/mon-lore.c	715	true	packages/core/src/mon/lore-describe.ts:218
MATCH	engine	lore_pronoun_possessive	reference/src/mon-lore.c	744	true	packages/core/src/mon/lore-describe.ts:224
MATCH	engine	lore_append_clause	reference/src/mon-lore.c	777	true	packages/core/src/mon/lore-describe.ts:326
MATCH	engine	lore_append_spell_clause	reference/src/mon-lore.c	819	true	packages/core/src/mon/lore-describe.ts:357
MATCH	engine	lore_append_kills	reference/src/mon-lore.c	867	false	packages/core/src/mon/lore-describe.ts:681
MATCH	engine	lore_append_flavor	reference/src/mon-lore.c	943	false	packages/core/src/mon/lore-describe.ts:744
MATCH	engine	lore_append_movement	reference/src/mon-lore.c	961	false	packages/core/src/mon/lore-describe.ts:749
MATCH	engine	lore_append_toughness	reference/src/mon-lore.c	1057	false	packages/core/src/mon/lore-describe.ts:819
MATCH	engine	lore_append_exp	reference/src/mon-lore.c	1109	false	packages/core/src/mon/lore-describe.ts:852
MATCH	engine	lore_append_drop	reference/src/mon-lore.c	1177	false	packages/core/src/mon/lore-describe.ts:924
MATCH	engine	lore_append_abilities	reference/src/mon-lore.c	1276	false	packages/core/src/mon/lore-describe.ts:986
MATCH	engine	lore_append_awareness	reference/src/mon-lore.c	1425	false	packages/core/src/mon/lore-describe.ts:1101
MATCH	engine	lore_append_friends	reference/src/mon-lore.c	1458	false	packages/core/src/mon/lore-describe.ts:1120
MATCH	engine	lore_append_spells	reference/src/mon-lore.c	1491	false	packages/core/src/mon/lore-describe.ts:1136
MATCH	engine	lore_append_attack	reference/src/mon-lore.c	1621	false	packages/core/src/mon/lore-describe.ts:1223
MATCH	engine	get_lore	reference/src/mon-lore.c	1735	false	packages/core/src/mon/lore.ts:104
UNMATCHED	engine	write_lore_entries	reference/src/mon-lore.c	1745	true	
UNMATCHED	engine	lore_save	reference/src/mon-lore.c	1904	false	
INLINE?	engine	init_race_allocs	reference/src/mon-make.c	59	true	identifier present in port sources but not a top-level decl
UNMATCHED	engine	cleanup_race_allocs	reference/src/mon-make.c	139	true	
INLINE?	engine	get_mon_num_prep	reference/src/mon-make.c	150	false	identifier present in port sources but not a top-level decl
INLINE?	engine	get_mon_race_aux	reference/src/mon-make.c	175	true	identifier present in port sources but not a top-level decl
INLINE?	engine	get_mon_num	reference/src/mon-make.c	221	false	identifier present in port sources but not a top-level decl
INLINE?	engine	delete_monster_idx	reference/src/mon-make.c	314	false	identifier present in port sources but not a top-level decl
MATCH	engine	delete_monster	reference/src/mon-make.c	403	false	packages/core/src/game/context.ts:976
INLINE?	engine	monster_index_move	reference/src/mon-make.c	418	false	identifier present in port sources but not a top-level decl
MATCH	engine	compact_monsters	reference/src/mon-make.c	482	false	packages/core/src/game/world.ts:653
INLINE?	engine	wipe_mon_list	reference/src/mon-make.c	562	false	identifier present in port sources but not a top-level decl
INLINE?	engine	mon_pop	reference/src/mon-make.c	646	false	identifier present in port sources but not a top-level decl
MATCH	engine	mon_create_drop_count	reference/src/mon-make.c	699	false	packages/core/src/mon/make.ts:336
MATCH	engine	mon_create_drop	reference/src/mon-make.c	751	true	packages/core/src/game/mon-death.ts:263
MATCH	engine	mon_create_mimicked_object	reference/src/mon-make.c	899	false	packages/core/src/game/mon-place.ts:345
MATCH	engine	mon_hp	reference/src/mon-make.c	956	false	packages/core/src/mon/make.ts:221
INLINE?	engine	place_monster	reference/src/mon-make.c	999	false	identifier present in port sources but not a top-level decl
MATCH	engine	place_new_monster_one	reference/src/mon-make.c	1079	true	packages/core/src/game/mon-place.ts:365 | packages/core/src/gen/util.ts:1534
MATCH	engine	place_new_monster_group	reference/src/mon-make.c	1215	true	packages/core/src/game/mon-place.ts:420 | packages/core/src/gen/util.ts:1619
UNMATCHED	engine	place_monster_base_okay	reference/src/mon-make.c	1266	true	
MATCH	engine	place_friends	reference/src/mon-make.c	1283	true	packages/core/src/game/mon-place.ts:452 | packages/core/src/gen/util.ts:1650
MATCH	engine	place_new_monster	reference/src/mon-make.c	1360	false	packages/core/src/game/mon-place.ts:558 | packages/core/src/gen/util.ts:1728
MATCH	engine	pick_and_place_monster	reference/src/mon-make.c	1457	false	packages/core/src/game/mon-place.ts:714 | packages/core/src/gen/util.ts:1796
MATCH	engine	pick_and_place_distant_monster	reference/src/mon-make.c	1483	false	packages/core/src/game/mon-place.ts:739 | packages/core/src/gen/util.ts:1812
INLINE?	engine	add_to_monster_rating	reference/src/mon-make.c	1528	false	identifier present in port sources but not a top-level decl
MATCH	engine	monster_near_permwall	reference/src/mon-move.c	65	true	packages/core/src/game/monster-turn.ts:306
MATCH	engine	monster_can_see_player	reference/src/mon-move.c	92	true	packages/core/src/game/monster-turn.ts:277
MATCH	engine	monster_can_hear	reference/src/mon-move.c	104	true	packages/core/src/game/monster-turn.ts:330
MATCH	engine	monster_can_smell	reference/src/mon-move.c	117	true	packages/core/src/game/monster-turn.ts:338
MATCH	engine	compare_monsters	reference/src/mon-move.c	128	true	packages/core/src/game/monster-turn.ts:345
MATCH	engine	monster_can_kill	reference/src/mon-move.c	147	true	packages/core/src/game/monster-turn.ts:354
INLINE?	engine	monster_can_move	reference/src/mon-move.c	170	true	identifier present in port sources but not a top-level decl
MATCH	engine	monster_hates_grid	reference/src/mon-move.c	188	true	packages/core/src/game/monster-turn.ts:387
MATCH	engine	get_move_find_range	reference/src/mon-move.c	212	true	packages/core/src/game/monster-turn.ts:440
MATCH	engine	get_move_bodyguard	reference/src/mon-move.c	309	true	packages/core/src/game/monster-turn.ts:512
MATCH	engine	get_move_advance	reference/src/mon-move.c	391	true	packages/core/src/game/monster-turn.ts:564
MATCH	engine	get_move_random	reference/src/mon-move.c	508	true	packages/core/src/game/monster-turn.ts:646
MATCH	engine	get_move_find_safety	reference/src/mon-move.c	545	true	packages/core/src/game/monster-turn.ts:722
MATCH	engine	get_move_find_hiding	reference/src/mon-move.c	613	true	packages/core/src/game/monster-turn.ts:811
MATCH	engine	get_move_flee	reference/src/mon-move.c	675	true	packages/core/src/game/monster-turn.ts:768
MATCH	engine	get_move_choose_direction	reference/src/mon-move.c	740	true	packages/core/src/game/monster-turn.ts:672
MATCH	engine	get_move	reference/src/mon-move.c	836	true	packages/core/src/game/monster-turn.ts:872
MATCH	engine	multiply_monster	reference/src/mon-move.c	983	false	packages/core/src/game/mon-place.ts:667
MATCH	engine	monster_turn_multiply	reference/src/mon-move.c	1025	true	packages/core/src/game/monster-turn.ts:1278
MATCH	engine	monster_turn_should_stagger	reference/src/mon-move.c	1071	true	packages/core/src/game/monster-turn.ts:995
INLINE?	engine	monster_display_confused_move_msg	reference/src/mon-move.c	1111	true	identifier present in port sources but not a top-level decl
MATCH	engine	monster_slightly_stun_by_move	reference/src/mon-move.c	1127	true	packages/core/src/game/monster-turn.ts:1075
MATCH	engine	monster_turn_can_move	reference/src/mon-move.c	1141	true	packages/core/src/game/monster-turn.ts:1109
MATCH	engine	monster_turn_attack_glyph	reference/src/mon-move.c	1299	true	packages/core/src/game/monster-turn.ts:1406
MATCH	engine	monster_turn_try_push	reference/src/mon-move.c	1326	true	packages/core/src/game/monster-turn.ts:1231
MATCH	engine	monster_turn_grab_objects	reference/src/mon-move.c	1374	true	packages/core/src/game/monster-turn.ts:1323
MATCH	engine	monster_turn	reference/src/mon-move.c	1503	true	packages/core/src/game/monster-turn.ts:1430
MATCH	engine	monster_check_active	reference/src/mon-move.c	1693	true	packages/core/src/game/monster-turn.ts:1732
MATCH	engine	monster_reduce_sleep	reference/src/mon-move.c	1729	true	packages/core/src/game/monster-turn.ts:1637
MATCH	engine	process_monster_timed	reference/src/mon-move.c	1787	true	packages/core/src/game/monster-turn.ts:1682
MATCH	engine	regen_monster	reference/src/mon-move.c	1842	true	packages/core/src/game/scheduler.ts:34
MATCH	engine	process_monsters	reference/src/mon-move.c	1886	false	packages/core/src/game/scheduler.ts:94
MATCH	engine	reset_monsters	reference/src/mon-move.c	1989	false	packages/core/src/game/scheduler.ts:137
MATCH	engine	restore_monsters	reference/src/mon-move.c	2007	false	packages/core/src/game/scheduler.ts:55
INLINE?	engine	get_pain_msg_code	reference/src/mon-msg.c	96	true	identifier present in port sources but not a top-level decl
INLINE?	engine	message_pain	reference/src/mon-msg.c	123	false	identifier present in port sources but not a top-level decl
UNMATCHED	engine	message_pain_show_damage	reference/src/mon-msg.c	132	false	
UNMATCHED	engine	redundant_monster_message	reference/src/mon-msg.c	147	true	
UNMATCHED	engine	message_flags	reference/src/mon-msg.c	167	true	
UNMATCHED	engine	store_monster	reference/src/mon-msg.c	185	true	
UNMATCHED	engine	stack_message	reference/src/mon-msg.c	200	true	
UNMATCHED	engine	what_delay	reference/src/mon-msg.c	238	true	
INLINE?	engine	add_monster_message	reference/src/mon-msg.c	252	false	identifier present in port sources but not a top-level decl
UNMATCHED	engine	add_monster_message_show_damage	reference/src/mon-msg.c	288	false	
INLINE?	engine	get_subject	reference/src/mon-msg.c	320	true	identifier present in port sources but not a top-level decl
INLINE?	engine	get_message_text	reference/src/mon-msg.c	376	true	identifier present in port sources but not a top-level decl
UNMATCHED	engine	skip_subject	reference/src/mon-msg.c	439	true	
INLINE?	engine	get_message_type	reference/src/mon-msg.c	450	true	identifier present in port sources but not a top-level decl
INLINE?	engine	show_message	reference/src/mon-msg.c	471	true	identifier present in port sources but not a top-level decl
UNMATCHED	engine	show_monster_messages	reference/src/mon-msg.c	511	false	
MATCH	engine	monster_is_undead	reference/src/mon-predicate.c	33	false	packages/core/src/mon/predicate.ts:38
MATCH	engine	monster_is_nonliving	reference/src/mon-predicate.c	41	false	packages/core/src/mon/predicate.ts:43
MATCH	engine	monster_is_living	reference/src/mon-predicate.c	49	false	packages/core/src/mon/predicate.ts:48
MATCH	engine	monster_is_destroyed	reference/src/mon-predicate.c	57	false	packages/core/src/mon/predicate.ts:53
MATCH	engine	monster_passes_walls	reference/src/mon-predicate.c	66	false	packages/core/src/mon/predicate.ts:58
MATCH	engine	monster_is_invisible	reference/src/mon-predicate.c	75	false	packages/core/src/mon/predicate.ts:67
MATCH	engine	monster_is_not_invisible	reference/src/mon-predicate.c	83	false	packages/core/src/mon/predicate.ts:72
MATCH	engine	monster_is_unique	reference/src/mon-predicate.c	91	false	packages/core/src/mon/predicate.ts:77
MATCH	engine	monster_is_shape_unique	reference/src/mon-predicate.c	100	false	packages/core/src/mon/predicate.ts:83
MATCH	engine	monster_is_stupid	reference/src/mon-predicate.c	108	false	packages/core/src/mon/predicate.ts:88
MATCH	engine	monster_is_smart	reference/src/mon-predicate.c	116	false	packages/core/src/mon/predicate.ts:93
MATCH	engine	monster_is_esp_detectable	reference/src/mon-predicate.c	129	false	packages/core/src/mon/predicate.ts:103
MATCH	engine	monster_has_spirit	reference/src/mon-predicate.c	153	false	packages/core/src/mon/predicate.ts:114
MATCH	engine	monster_is_evil	reference/src/mon-predicate.c	161	false	packages/core/src/mon/predicate.ts:119
MATCH	engine	monster_is_fearful	reference/src/mon-predicate.c	169	false	packages/core/src/mon/predicate.ts:124
MATCH	engine	monster_is_powerful	reference/src/mon-predicate.c	177	false	packages/core/src/mon/predicate.ts:129
MATCH	engine	monster_has_spells	reference/src/mon-predicate.c	185	false	packages/core/src/mon/predicate.ts:134
MATCH	engine	monster_breathes	reference/src/mon-predicate.c	193	false	packages/core/src/mon/predicate.ts:139
MATCH	engine	monster_has_innate_spells	reference/src/mon-predicate.c	204	false	packages/core/src/mon/predicate.ts:144
MATCH	engine	monster_has_non_innate_spells	reference/src/mon-predicate.c	215	false	packages/core/src/mon/predicate.ts:149
MATCH	engine	monster_loves_archery	reference/src/mon-predicate.c	227	false	packages/core/src/mon/predicate.ts:158
MATCH	engine	monster_is_in_view	reference/src/mon-predicate.c	244	false	packages/core/src/mon/predicate.ts:168
MATCH	engine	monster_is_visible	reference/src/mon-predicate.c	252	false	packages/core/src/mon/predicate.ts:173
MATCH	engine	monster_is_camouflaged	reference/src/mon-predicate.c	260	false	packages/core/src/mon/predicate.ts:178
MATCH	engine	monster_is_obvious	reference/src/mon-predicate.c	268	false	packages/core/src/mon/predicate.ts:183
MATCH	engine	monster_is_mimicking	reference/src/mon-predicate.c	276	false	packages/core/src/mon/predicate.ts:188
MATCH	engine	monster_can_be_scared	reference/src/mon-predicate.c	289	false	packages/core/src/mon/predicate.ts:201
MATCH	engine	monster_is_decoyed	reference/src/mon-predicate.c	308	false	packages/core/src/game/effect-mon-origin.ts:72 | packages/core/src/game/monster-turn.ts:413
UNMATCHED	engine	spell_tag_lookup	reference/src/mon-spell.c	47	true	
MATCH	engine	find_alternate_spell_message	reference/src/mon-spell.c	72	true	packages/core/src/game/mon-message.ts:185
INLINE?	engine	spell_message	reference/src/mon-spell.c	94	true	identifier present in port sources but not a top-level decl
INLINE?	engine	monster_spell_by_index	reference/src/mon-spell.c	276	false	identifier present in port sources but not a top-level decl
MATCH	engine	spell_check_for_fail_rune	reference/src/mon-spell.c	291	true	packages/core/src/game/mon-cast.ts:146
MATCH	engine	chance_of_spell_hit_base	reference/src/mon-spell.c	313	true	packages/core/src/mon/spell.ts:137
MATCH	engine	chance_of_spell_hit	reference/src/mon-spell.c	325	true	packages/core/src/mon/spell.ts:145
MATCH	engine	do_mon_spell	reference/src/mon-spell.c	345	false	packages/core/src/game/mon-cast.ts:311
MATCH	engine	mon_spell_is_valid	reference/src/mon-spell.c	407	true	packages/core/src/mon/spell.ts:89
INLINE?	engine	monster_spell_is_breath	reference/src/mon-spell.c	412	true	identifier present in port sources but not a top-level decl
MATCH	engine	mon_spell_has_damage	reference/src/mon-spell.c	417	true	packages/core/src/mon/spell.ts:99
MATCH	engine	mon_spell_is_innate	reference/src/mon-spell.c	422	false	packages/core/src/mon/spell.ts:104
MATCH	engine	test_spells	reference/src/mon-spell.c	434	false	packages/core/src/mon/spell.ts:109
MATCH	engine	ignore_spells	reference/src/mon-spell.c	451	false	packages/core/src/mon/spell.ts:117
MATCH	engine	unset_spells	reference/src/mon-spell.c	470	false	packages/core/src/mon/spell.ts:197
INLINE?	engine	nonhp_dam	reference/src/mon-spell.c	571	true	identifier present in port sources but not a top-level decl
MATCH	engine	breath_dam	reference/src/mon-spell.c	614	false	packages/core/src/mon/spell.ts:166
INLINE?	engine	mon_spell_dam	reference/src/mon-spell.c	637	true	identifier present in port sources but not a top-level decl
MATCH	engine	create_mon_spell_mask	reference/src/mon-spell.c	657	false	packages/core/src/mon/spell.ts:124
MATCH	engine	mon_spell_lore_description	reference/src/mon-spell.c	681	false	packages/core/src/mon/lore-describe.ts:410
MATCH	engine	mon_spell_lore_damage	reference/src/mon-spell.c	698	false	packages/core/src/mon/lore-describe.ts:441
UNMATCHED	engine	parse_summon_name	reference/src/mon-summon.c	63	true	
UNMATCHED	engine	parse_summon_message_type	reference/src/mon-summon.c	73	true	
UNMATCHED	engine	parse_summon_unique	reference/src/mon-summon.c	88	true	
UNMATCHED	engine	parse_summon_base	reference/src/mon-summon.c	99	true	
UNMATCHED	engine	parse_summon_race_flag	reference/src/mon-summon.c	115	true	
UNMATCHED	engine	parse_summon_fallback	reference/src/mon-summon.c	130	true	
UNMATCHED	engine	parse_summon_desc	reference/src/mon-summon.c	137	true	
UNMATCHED	engine	init_parse_summon	reference/src/mon-summon.c	146	true	
UNMATCHED	engine	run_parse_summon	reference/src/mon-summon.c	160	true	
INLINE?	engine	finish_parse_summon	reference/src/mon-summon.c	164	true	identifier present in port sources but not a top-level decl
UNMATCHED	engine	cleanup_summon	reference/src/mon-summon.c	198	true	
INLINE?	engine	summon_name_to_idx	reference/src/mon-summon.c	227	false	identifier present in port sources but not a top-level decl
INLINE?	engine	summon_message_type	reference/src/mon-summon.c	242	false	identifier present in port sources but not a top-level decl
INLINE?	engine	summon_fallback_type	reference/src/mon-summon.c	250	false	identifier present in port sources but not a top-level decl
INLINE?	engine	summon_desc	reference/src/mon-summon.c	258	false	identifier present in port sources but not a top-level decl
MATCH	engine	summon_specific_okay	reference/src/mon-summon.c	273	true	packages/core/src/mon/summon.ts:117
MATCH	engine	can_call_monster	reference/src/mon-summon.c	308	true	packages/core/src/game/mon-place.ts:788
MATCH	engine	call_monster	reference/src/mon-summon.c	326	true	packages/core/src/game/mon-place.ts:805
MATCH	engine	summon_specific	reference/src/mon-summon.c	402	false	packages/core/src/game/mon-place.ts:843
MATCH	engine	select_shape	reference/src/mon-summon.c	488	false	packages/core/src/game/mon-place.ts:942
MATCH	engine	mon_timed_name_to_idx	reference/src/mon-timed.c	61	false	packages/core/src/mon/timed.ts:72
MATCH	engine	saving_throw	reference/src/mon-timed.c	74	true	packages/core/src/mon/timed.ts:80
MATCH	engine	does_resist	reference/src/mon-timed.c	92	true	packages/core/src/mon/timed.ts:109
MATCH	engine	mon_set_timed	reference/src/mon-timed.c	133	true	packages/core/src/mon/timed.ts:139
MATCH	engine	mon_inc_timed	reference/src/mon-timed.c	242	false	packages/core/src/mon/timed.ts:227
MATCH	engine	mon_dec_timed	reference/src/mon-timed.c	289	false	packages/core/src/mon/timed.ts:263
MATCH	engine	mon_clear_timed	reference/src/mon-timed.c	308	false	packages/core/src/mon/timed.ts:277
MATCH	engine	monster_effect_level	reference/src/mon-timed.c	324	false	packages/core/src/mon/timed.ts:293
MATCH	engine	describe_race_flag	reference/src/mon-util.c	69	false	packages/core/src/mon/lore-describe.ts:176
MATCH	engine	create_mon_flag_mask	reference/src/mon-util.c	87	false	packages/core/src/mon/lore.ts:117
INLINE?	engine	lookup_monster	reference/src/mon-util.c	119	false	identifier present in port sources but not a top-level decl
UNMATCHED	engine	lookup_monster_base	reference/src/mon-util.c	146	false	
UNMATCHED	engine	match_monster_bases	reference/src/mon-util.c	166	false	
MATCH	engine	get_commanded_monster	reference/src/mon-util.c	183	false	packages/core/src/game/mon-cmd.ts:299
INLINE?	engine	path_analyse	reference/src/mon-util.c	209	true	identifier present in port sources but not a top-level decl
MATCH	engine	update_mon	reference/src/mon-util.c	291	false	packages/core/src/game/known.ts:493
MATCH	engine	update_monsters	reference/src/mon-util.c	481	false	packages/core/src/game/known.ts:720
INLINE?	engine	player_leaving	reference/src/mon-util.c	503	true	identifier present in port sources but not a top-level decl
MATCH	engine	move_mimicked_object	reference/src/mon-util.c	522	true	packages/core/src/game/known.ts:697
MATCH	engine	monster_swap	reference/src/mon-util.c	566	false	packages/core/src/game/context.ts:915
MATCH	engine	monster_wake	reference/src/mon-util.c	686	false	packages/core/src/mon/take-hit.ts:41
INLINE?	engine	monster_can_see	reference/src/mon-util.c	698	false	identifier present in port sources but not a top-level decl
MATCH	engine	become_aware	reference/src/mon-util.c	711	false	packages/core/src/game/known.ts:649
MATCH	engine	update_smart_learn	reference/src/mon-util.c	788	false	packages/core/src/mon/spell.ts:310
MATCH	engine	get_injured_kin	reference/src/mon-util.c	849	true	packages/core/src/game/mon-ranged.ts:105
MATCH	engine	find_any_nearby_injured_kin	reference/src/mon-util.c	885	false	packages/core/src/game/mon-ranged.ts:120
MATCH	engine	choose_nearby_injured_kin	reference/src/mon-util.c	907	false	packages/core/src/game/effect-monster.ts:216 | packages/core/src/game/mon-ranged.ts:134
MATCH	engine	monster_death	reference/src/mon-util.c	949	false	packages/core/src/game/mon-death.ts:295
INLINE?	engine	player_kill_monster	reference/src/mon-util.c	1011	true	identifier present in port sources but not a top-level decl
MATCH	engine	monster_scared_by_damage	reference/src/mon-util.c	1137	true	packages/core/src/mon/take-hit.ts:62
MATCH	engine	mon_take_nonplayer_hit	reference/src/mon-util.c	1193	false	packages/core/src/game/effect-mon-origin.ts:149 | packages/core/src/game/mon-death.ts:383
MATCH	engine	mon_take_hit	reference/src/mon-util.c	1264	false	packages/core/src/mon/take-hit.ts:153
INLINE?	engine	kill_arena_monster	reference/src/mon-util.c	1315	false	identifier present in port sources but not a top-level decl
MATCH	engine	monster_take_terrain_damage	reference/src/mon-util.c	1327	false	packages/core/src/game/mon-death.ts:444
MATCH	engine	monster_taking_terrain_damage	reference/src/mon-util.c	1347	false	packages/core/src/game/monster-turn.ts:399
MATCH	engine	monster_carry	reference/src/mon-util.c	1368	false	packages/core/src/mon/make.ts:390
MATCH	engine	get_random_monster_object	reference/src/mon-util.c	1405	false	packages/core/src/mon/steal.ts:54
MATCH	engine	steal_monster_item	reference/src/mon-util.c	1430	false	packages/core/src/mon/steal.ts:140
INLINE?	engine	monster_base_shape_okay	reference/src/mon-util.c	1577	true	identifier present in port sources but not a top-level decl
MATCH	engine	monster_change_shape	reference/src/mon-util.c	1590	false	packages/core/src/game/mon-shape.ts:64
MATCH	engine	monster_revert_shape	reference/src/mon-util.c	1686	false	packages/core/src/game/mon-shape.ts:147
INLINE?	engine	parse_chest_trap_name	reference/src/obj-chest.c	59	true	identifier present in port sources but not a top-level decl
UNMATCHED	engine	parse_chest_trap_code	reference/src/obj-chest.c	78	true	
UNMATCHED	engine	parse_chest_trap_level	reference/src/obj-chest.c	89	true	
UNMATCHED	engine	parse_chest_trap_effect	reference/src/obj-chest.c	99	true	
UNMATCHED	engine	parse_chest_trap_dice	reference/src/obj-chest.c	120	true	
UNMATCHED	engine	parse_chest_trap_expr	reference/src/obj-chest.c	153	true	
UNMATCHED	engine	parse_chest_trap_destroy	reference/src/obj-chest.c	198	true	
UNMATCHED	engine	parse_chest_trap_magic	reference/src/obj-chest.c	211	true	
UNMATCHED	engine	parse_chest_trap_msg	reference/src/obj-chest.c	224	true	
UNMATCHED	engine	parse_chest_trap_msg_death	reference/src/obj-chest.c	233	true	
UNMATCHED	engine	init_parse_chest_trap	reference/src/obj-chest.c	242	false	
UNMATCHED	engine	run_parse_chest_trap	reference/src/obj-chest.c	258	true	
UNMATCHED	engine	finish_parse_chest_trap	reference/src/obj-chest.c	262	true	
UNMATCHED	engine	cleanup_chest_trap	reference/src/obj-chest.c	267	true	
MATCH	engine	chest_trap_name	reference/src/obj-chest.c	297	false	packages/core/src/obj/chest.ts:235
MATCH	engine	is_trapped_chest	reference/src/obj-chest.c	326	false	packages/core/src/obj/chest.ts:217
MATCH	engine	is_locked_chest	reference/src/obj-chest.c	343	false	packages/core/src/obj/chest.ts:224
MATCH	engine	pick_one_chest_trap	reference/src/obj-chest.c	359	true	packages/core/src/obj/chest.ts:174
MATCH	engine	pick_chest_traps	reference/src/obj-chest.c	381	false	packages/core/src/obj/chest.ts:184
MATCH	engine	unlock_chest	reference/src/obj-chest.c	414	false	packages/core/src/obj/chest.ts:212
MATCH	engine	chest_check	reference/src/obj-chest.c	423	false	packages/core/src/game/chest.ts:88
MATCH	engine	count_chests	reference/src/obj-chest.c	459	false	packages/core/src/game/chest.ts:113
MATCH	engine	chest_death	reference/src/obj-chest.c	498	true	packages/core/src/game/chest.ts:181
MATCH	engine	chest_trap	reference/src/obj-chest.c	545	true	packages/core/src/game/chest.ts:134
MATCH	engine	do_cmd_open_chest	reference/src/obj-chest.c	580	false	packages/core/src/game/chest.ts:232
MATCH	engine	do_cmd_disarm_chest	reference/src/obj-chest.c	659	false	packages/core/src/game/chest.ts:282
INLINE?	engine	lookup_curse	reference/src/obj-curse.c	34	false	identifier present in port sources but not a top-level decl
MATCH	engine	copy_curses	reference/src/obj-curse.c	52	false	packages/core/src/obj/object.ts:507
MATCH	engine	curses_are_equal	reference/src/obj-curse.c	77	false	packages/core/src/obj/object.ts:537
MATCH	engine	curses_conflict	reference/src/obj-curse.c	95	true	packages/core/src/obj/object.ts:550 | packages/core/src/obj/randart-build.ts:1362
MATCH	engine	check_object_curses	reference/src/obj-curse.c	119	true	packages/core/src/obj/object.ts:561
MATCH	engine	append_object_curse	reference/src/obj-curse.c	143	false	packages/core/src/obj/object.ts:656
MATCH	engine	remove_object_curse	reference/src/obj-curse.c	219	false	packages/core/src/obj/object.ts:708
MATCH	engine	check_artifact_curses	reference/src/obj-curse.c	243	false	packages/core/src/obj/randart-build.ts:1350
MATCH	engine	artifact_curse_conflicts	reference/src/obj-curse.c	262	false	packages/core/src/obj/randart-build.ts:1380
MATCH	engine	append_artifact_curse	reference/src/obj-curse.c	317	false	packages/core/src/obj/randart-build.ts:1407
MATCH	engine	do_curse_effect	reference/src/obj-curse.c	353	false	packages/core/src/game/curse-tick.ts:56
MATCH	engine	modify_weight_for_curse	reference/src/obj-curse.c	382	false	packages/core/src/obj/object.ts:724
MATCH	engine	apply_curse_attributes	reference/src/obj-curse.c	450	false	packages/core/src/obj/object.ts:792
UNMATCHED	engine	object_base_name	reference/src/obj-desc.c	31	false	
MATCH	engine	object_kind_name	reference/src/obj-desc.c	48	false	packages/web/src/screens.ts:1072
MATCH	engine	obj_desc_get_modstr	reference/src/obj-desc.c	66	true	packages/core/src/obj/desc.ts:171
MATCH	engine	obj_desc_get_basename	reference/src/obj-desc.c	82	true	packages/core/src/obj/desc.ts:185
MATCH	engine	obj_desc_name_prefix	reference/src/obj-desc.c	184	true	packages/core/src/obj/desc.ts:271
MATCH	engine	obj_desc_name_format	reference/src/obj-desc.c	231	false	packages/core/src/obj/bind.ts:296 | packages/core/src/obj/desc.ts:301
MATCH	engine	obj_desc_name	reference/src/obj-desc.c	299	true	packages/core/src/obj/desc.ts:350
MATCH	engine	obj_desc_show_armor	reference/src/obj-desc.c	347	true	packages/core/src/obj/desc.ts:397
MATCH	engine	obj_desc_chest	reference/src/obj-desc.c	356	true	packages/core/src/obj/desc.ts:407
MATCH	engine	obj_desc_combat	reference/src/obj-desc.c	374	true	packages/core/src/obj/desc.ts:418
MATCH	engine	obj_desc_light	reference/src/obj-desc.c	435	true	packages/core/src/obj/desc.ts:477
MATCH	engine	obj_desc_mods	reference/src/obj-desc.c	449	true	packages/core/src/obj/desc.ts:488
MATCH	engine	obj_desc_charges	reference/src/obj-desc.c	491	true	packages/core/src/obj/desc.ts:517
MATCH	engine	obj_desc_inscrip	reference/src/obj-desc.c	514	true	packages/core/src/obj/desc.ts:540
MATCH	engine	obj_desc_aware	reference/src/obj-desc.c	565	true	packages/core/src/obj/desc.ts:583
MATCH	engine	object_desc	reference/src/obj-desc.c	607	false	packages/core/src/obj/desc.ts:606
INLINE?	engine	slot_by_name	reference/src/obj-gear.c	51	false	identifier present in port sources but not a top-level decl
MATCH	engine	slot_by_type	reference/src/obj-gear.c	71	true	packages/core/src/game/gear.ts:170
UNMATCHED	engine	slot_type_is	reference/src/obj-gear.c	103	false	
MATCH	engine	slot_object	reference/src/obj-gear.c	114	false	packages/core/src/game/ui-entry.ts:1807
INLINE?	engine	equipped_item_by_slot_name	reference/src/obj-gear.c	127	false	identifier present in port sources but not a top-level decl
UNMATCHED	engine	object_slot	reference/src/obj-gear.c	137	false	
INLINE?	engine	object_is_equipped	reference/src/obj-gear.c	150	false	identifier present in port sources but not a top-level decl
MATCH	engine	object_is_carried	reference/src/obj-gear.c	155	false	packages/core/src/game/effect-item.ts:262
MATCH	engine	object_is_in_quiver	reference/src/obj-gear.c	163	false	packages/core/src/game/gear.ts:248
MATCH	engine	object_pack_total	reference/src/obj-gear.c	189	false	packages/core/src/obj/object.ts:1002
MATCH	engine	pack_slots_used	reference/src/obj-gear.c	257	false	packages/core/src/game/gear.ts:421
MATCH	engine	equip_mention	reference/src/obj-gear.c	301	false	packages/web/src/screens.ts:136
UNMATCHED	engine	equip_describe	reference/src/obj-gear.c	320	false	
MATCH	engine	wield_slot	reference/src/obj-gear.c	341	false	packages/core/src/game/gear.ts:205
MATCH	engine	minus_ac	reference/src/obj-gear.c	376	false	packages/core/src/game/gear.ts:320
MATCH	engine	gear_to_label	reference/src/obj-gear.c	443	false	packages/core/src/game/project-obj.ts:56
UNMATCHED	engine	gear_excise_object	reference/src/obj-gear.c	478	true	
INLINE?	engine	gear_last_item	reference/src/obj-gear.c	507	false	identifier present in port sources but not a top-level decl
INLINE?	engine	gear_insert_end	reference/src/obj-gear.c	512	false	identifier present in port sources but not a top-level decl
MATCH	engine	gear_object_for_use	reference/src/obj-gear.c	524	false	packages/core/src/game/gear.ts:864
MATCH	engine	quiver_absorb_num	reference/src/obj-gear.c	649	true	packages/core/src/game/gear.ts:454
MATCH	engine	inven_carry_num	reference/src/obj-gear.c	749	false	packages/core/src/game/gear.ts:533
INLINE?	engine	inven_carry_okay	reference/src/obj-gear.c	785	false	identifier present in port sources but not a top-level decl
INLINE?	engine	inven_item_charges	reference/src/obj-gear.c	793	false	identifier present in port sources but not a top-level decl
MATCH	engine	inven_carry	reference/src/obj-gear.c	821	false	packages/core/src/game/gear.ts:389
MATCH	engine	inven_wield	reference/src/obj-gear.c	931	false	packages/core/src/game/obj-cmd.ts:206
MATCH	engine	inven_takeoff	reference/src/obj-gear.c	1033	false	packages/core/src/game/obj-cmd.ts:191
MATCH	engine	inven_drop	reference/src/obj-gear.c	1078	false	packages/core/src/game/obj-cmd.ts:233
MATCH	engine	inven_can_stack_partial	reference/src/obj-gear.c	1183	true	packages/core/src/game/gear.ts:712
MATCH	engine	combine_pack	reference/src/obj-gear.c	1242	false	packages/core/src/game/gear.ts:751
UNMATCHED	engine	pack_is_full	reference/src/obj-gear.c	1328	false	
UNMATCHED	engine	pack_is_overfull	reference/src/obj-gear.c	1337	false	
INLINE?	engine	pack_overflow	reference/src/obj-gear.c	1345	false	identifier present in port sources but not a top-level decl
MATCH	engine	preferred_quiver_slot	reference/src/obj-gear.c	1396	false	packages/core/src/game/gear.ts:260
UNMATCHED	engine	init_ignore	reference/src/obj-ignore.c	117	true	
UNMATCHED	engine	cleanup_ignore	reference/src/obj-ignore.c	131	true	
UNMATCHED	engine	ignore_birth_init	reference/src/obj-ignore.c	143	false	
UNMATCHED	engine	rune_add_autoinscription	reference/src/obj-ignore.c	172	true	
UNMATCHED	engine	rune_autoinscribe	reference/src/obj-ignore.c	193	false	
INLINE?	engine	runes_autoinscribe	reference/src/obj-ignore.c	217	true	identifier present in port sources but not a top-level decl
MATCH	engine	get_autoinscription	reference/src/obj-ignore.c	229	false	packages/core/src/obj/knowledge.ts:1343
MATCH	engine	apply_autoinscription	reference/src/obj-ignore.c	242	false	packages/core/src/game/obj-cmd.ts:481
INLINE?	engine	remove_autoinscription	reference/src/obj-ignore.c	294	false	identifier present in port sources but not a top-level decl
INLINE?	engine	add_autoinscription	reference/src/obj-ignore.c	322	false	identifier present in port sources but not a top-level decl
UNMATCHED	engine	autoinscribe_ground	reference/src/obj-ignore.c	340	false	
UNMATCHED	engine	autoinscribe_pack	reference/src/obj-ignore.c	352	false	
INLINE?	engine	object_ignore_flavor_of	reference/src/obj-ignore.c	370	false	identifier present in port sources but not a top-level decl
MATCH	engine	ignore_type_of	reference/src/obj-ignore.c	382	false	packages/core/src/obj/ignore.ts:130
MATCH	engine	ego_has_ignore_type	reference/src/obj-ignore.c	405	false	packages/core/src/obj/ignore.ts:147
MATCH	engine	cmp_object_trait	reference/src/obj-ignore.c	434	true	packages/core/src/obj/ignore.ts:183
MATCH	engine	is_object_good	reference/src/obj-ignore.c	448	true	packages/core/src/obj/ignore.ts:193
MATCH	engine	ignore_level_of	reference/src/obj-ignore.c	464	false	packages/core/src/obj/ignore.ts:206
INLINE?	engine	kind_ignore_clear	reference/src/obj-ignore.c	519	false	identifier present in port sources but not a top-level decl
INLINE?	engine	ego_ignore	reference/src/obj-ignore.c	525	false	identifier present in port sources but not a top-level decl
INLINE?	engine	ego_ignore_clear	reference/src/obj-ignore.c	532	false	identifier present in port sources but not a top-level decl
INLINE?	engine	ego_ignore_toggle	reference/src/obj-ignore.c	539	false	identifier present in port sources but not a top-level decl
INLINE?	engine	ego_is_ignored	reference/src/obj-ignore.c	545	false	identifier present in port sources but not a top-level decl
INLINE?	engine	kind_is_ignored_aware	reference/src/obj-ignore.c	550	false	identifier present in port sources but not a top-level decl
INLINE?	engine	kind_is_ignored_unaware	reference/src/obj-ignore.c	555	false	identifier present in port sources but not a top-level decl
INLINE?	engine	kind_ignore_when_aware	reference/src/obj-ignore.c	560	false	identifier present in port sources but not a top-level decl
INLINE?	engine	kind_ignore_when_unaware	reference/src/obj-ignore.c	566	false	identifier present in port sources but not a top-level decl
MATCH	engine	object_is_ignored	reference/src/obj-ignore.c	576	false	packages/core/src/obj/ignore.ts:335
MATCH	engine	ignore_item_ok	reference/src/obj-ignore.c	622	false	packages/core/src/obj/ignore.ts:380
INLINE?	engine	ignore_known_item_ok	reference/src/obj-ignore.c	636	false	identifier present in port sources but not a top-level decl
INLINE?	engine	ignore_drop	reference/src/obj-ignore.c	651	false	identifier present in port sources but not a top-level decl
INLINE?	engine	ignore_name_for_type	reference/src/obj-ignore.c	716	false	identifier present in port sources but not a top-level decl
MATCH	engine	info_out_list	reference/src/obj-info.c	78	true	packages/core/src/obj/object-info.ts:308
UNMATCHED	engine	element_info_collect	reference/src/obj-info.c	94	true	
MATCH	engine	describe_curses	reference/src/obj-info.c	116	true	packages/core/src/obj/object-info.ts:357
MATCH	engine	describe_stats	reference/src/obj-info.c	142	true	packages/core/src/obj/object-info.ts:371
MATCH	engine	describe_elements	reference/src/obj-info.c	191	true	packages/core/src/obj/object-info.ts:450
MATCH	engine	describe_protects	reference/src/obj-info.c	238	true	packages/core/src/obj/object-info.ts:484
MATCH	engine	describe_ignores	reference/src/obj-info.c	264	true	packages/core/src/obj/object-info.ts:497
MATCH	engine	describe_hates	reference/src/obj-info.c	286	true	packages/core/src/obj/object-info.ts:512
MATCH	engine	describe_sustains	reference/src/obj-info.c	309	true	packages/core/src/obj/object-info.ts:527
MATCH	engine	describe_misc_magic	reference/src/obj-info.c	333	true	packages/core/src/obj/object-info.ts:540
MATCH	engine	describe_slays	reference/src/obj-info.c	358	true	packages/core/src/obj/object-info.ts:408
MATCH	engine	describe_brands	reference/src/obj-info.c	396	true	packages/core/src/obj/object-info.ts:429
MATCH	engine	sum_o_criticals	reference/src/obj-info.c	435	true	packages/core/src/obj/object-info.ts:729
MATCH	engine	calculate_melee_crits	reference/src/obj-info.c	468	true	packages/core/src/obj/object-info.ts:618
UNMATCHED	engine	o_calculate_melee_crits	reference/src/obj-info.c	561	true	
MATCH	engine	calculate_missile_crits	reference/src/obj-info.c	624	true	packages/core/src/obj/object-info.ts:641
UNMATCHED	engine	o_calculate_missile_crits	reference/src/obj-info.c	723	true	
INLINE?	engine	get_known_flags	reference/src/obj-info.c	795	true	identifier present in port sources but not a top-level decl
MATCH	engine	get_known_elements	reference/src/obj-info.c	814	true	packages/core/src/obj/object-info.ts:325
MATCH	engine	obj_known_blows	reference/src/obj-info.c	864	true	packages/core/src/obj/object-info.ts:834
MATCH	engine	describe_blows	reference/src/obj-info.c	957	true	packages/core/src/obj/object-info.ts:879
MATCH	engine	obj_known_damage	reference/src/obj-info.c	1023	false	packages/core/src/obj/object-info.ts:952
MATCH	engine	o_obj_known_damage	reference/src/obj-info.c	1264	false	packages/core/src/obj/object-info.ts:1050
MATCH	engine	describe_damage	reference/src/obj-info.c	1519	true	packages/core/src/obj/object-info.ts:1213
INLINE?	engine	obj_known_misc_combat	reference/src/obj-info.c	1702	true	identifier present in port sources but not a top-level decl
MATCH	engine	describe_combat	reference/src/obj-info.c	1752	true	packages/core/src/obj/object-info.ts:1330
MATCH	engine	obj_known_digging	reference/src/obj-info.c	1813	true	packages/core/src/obj/object-info.ts:1386
MATCH	engine	describe_digger	reference/src/obj-info.c	1858	true	packages/core/src/obj/object-info.ts:1408
INLINE?	engine	obj_known_light	reference/src/obj-info.c	1914	true	identifier present in port sources but not a top-level decl
MATCH	engine	describe_light	reference/src/obj-info.c	1955	true	packages/core/src/obj/object-info.ts:1440
MATCH	engine	describe_book	reference/src/obj-info.c	1990	true	packages/core/src/obj/object-info.ts:1475
INLINE?	engine	obj_known_effect	reference/src/obj-info.c	2013	true	identifier present in port sources but not a top-level decl
MATCH	engine	describe_effect	reference/src/obj-info.c	2060	true	packages/core/src/effects/effect-info.ts:597 | packages/core/src/obj/object-info.ts:1481
MATCH	engine	describe_origin	reference/src/obj-info.c	2177	true	packages/core/src/obj/object-info.ts:1573
MATCH	engine	describe_flavor_text	reference/src/obj-info.c	2252	true	packages/core/src/obj/object-info.ts:1622
INLINE?	engine	describe_ego	reference/src/obj-info.c	2281	true	identifier present in port sources but not a top-level decl
INLINE?	engine	object_info_out	reference/src/obj-info.c	2315	true	identifier present in port sources but not a top-level decl
MATCH	engine	object_info	reference/src/obj-info.c	2393	false	packages/core/src/obj/object-info.ts:1656
INLINE?	engine	object_info_ego	reference/src/obj-info.c	2402	false	identifier present in port sources but not a top-level decl
INLINE?	engine	object_info_chardump	reference/src/obj-info.c	2453	false	identifier present in port sources but not a top-level decl
INLINE?	engine	object_info_spoil	reference/src/obj-info.c	2468	false	identifier present in port sources but not a top-level decl
MATCH	data-init	grab_element_flag	reference/src/obj-init.c	88	true	packages/core/src/obj/bind.ts:203
INLINE?	data-init	write_dummy_object_record	reference/src/obj-init.c	113	true	identifier present in port sources but not a top-level decl
INLINE?	data-init	write_curse_kinds	reference/src/obj-init.c	174	true	identifier present in port sources but not a top-level decl
INLINE?	data-init	findact	reference/src/obj-init.c	198	true	identifier present in port sources but not a top-level decl
UNMATCHED	data-init	parse_projection_code	reference/src/obj-init.c	214	true	
UNMATCHED	data-init	parse_projection_name	reference/src/obj-init.c	229	true	
UNMATCHED	data-init	parse_projection_type	reference/src/obj-init.c	241	true	
UNMATCHED	data-init	parse_projection_desc	reference/src/obj-init.c	253	true	
UNMATCHED	data-init	parse_projection_player_desc	reference/src/obj-init.c	265	true	
UNMATCHED	data-init	parse_projection_blind_desc	reference/src/obj-init.c	277	true	
UNMATCHED	data-init	parse_projection_lash_desc	reference/src/obj-init.c	289	true	
UNMATCHED	data-init	parse_projection_numerator	reference/src/obj-init.c	301	true	
UNMATCHED	data-init	parse_projection_denominator	reference/src/obj-init.c	311	true	
UNMATCHED	data-init	parse_projection_divisor	reference/src/obj-init.c	321	true	
UNMATCHED	data-init	parse_projection_damage_cap	reference/src/obj-init.c	331	true	
UNMATCHED	data-init	parse_projection_message_type	reference/src/obj-init.c	341	true	
UNMATCHED	data-init	parse_projection_obvious	reference/src/obj-init.c	359	true	
UNMATCHED	data-init	parse_projection_wake	reference/src/obj-init.c	370	true	
UNMATCHED	data-init	parse_projection_color	reference/src/obj-init.c	381	true	
UNMATCHED	data-init	init_parse_projection	reference/src/obj-init.c	397	true	
UNMATCHED	data-init	run_parse_projection	reference/src/obj-init.c	418	true	
UNMATCHED	data-init	finish_parse_projection	reference/src/obj-init.c	422	true	
UNMATCHED	data-init	cleanup_projection	reference/src/obj-init.c	464	true	
UNMATCHED	data-init	parse_object_base_defaults	reference/src/obj-init.c	496	true	
UNMATCHED	data-init	parse_object_base_name	reference/src/obj-init.c	514	true	
UNMATCHED	data-init	parse_object_base_graphics	reference/src/obj-init.c	535	true	
UNMATCHED	data-init	parse_object_base_break	reference/src/obj-init.c	554	true	
UNMATCHED	data-init	parse_object_base_max_stack	reference/src/obj-init.c	567	true	
UNMATCHED	data-init	parse_object_base_flags	reference/src/obj-init.c	581	true	
UNMATCHED	data-init	init_parse_object_base	reference/src/obj-init.c	613	false	
UNMATCHED	data-init	run_parse_object_base	reference/src/obj-init.c	628	true	
UNMATCHED	data-init	finish_parse_object_base	reference/src/obj-init.c	632	true	
UNMATCHED	data-init	cleanup_object_base	reference/src/obj-init.c	656	true	
UNMATCHED	data-init	parse_slay_code	reference/src/obj-init.c	680	true	
UNMATCHED	data-init	parse_slay_name	reference/src/obj-init.c	691	true	
UNMATCHED	data-init	parse_slay_race_flag	reference/src/obj-init.c	703	true	
UNMATCHED	data-init	parse_slay_base	reference/src/obj-init.c	722	true	
UNMATCHED	data-init	parse_slay_multiplier	reference/src/obj-init.c	740	true	
UNMATCHED	data-init	parse_slay_o_multiplier	reference/src/obj-init.c	750	true	
UNMATCHED	data-init	parse_slay_power	reference/src/obj-init.c	760	true	
UNMATCHED	data-init	parse_slay_melee_verb	reference/src/obj-init.c	770	true	
UNMATCHED	data-init	parse_slay_range_verb	reference/src/obj-init.c	782	true	
UNMATCHED	data-init	init_parse_slay	reference/src/obj-init.c	794	true	
UNMATCHED	data-init	run_parse_slay	reference/src/obj-init.c	809	true	
INLINE?	data-init	finish_parse_slay	reference/src/obj-init.c	813	true	identifier present in port sources but not a top-level decl
UNMATCHED	data-init	cleanup_slay	reference/src/obj-init.c	847	true	
UNMATCHED	data-init	parse_brand_code	reference/src/obj-init.c	873	true	
UNMATCHED	data-init	parse_brand_name	reference/src/obj-init.c	884	true	
UNMATCHED	data-init	parse_brand_verb	reference/src/obj-init.c	896	true	
UNMATCHED	data-init	parse_brand_multiplier	reference/src/obj-init.c	908	true	
UNMATCHED	data-init	parse_brand_o_multiplier	reference/src/obj-init.c	918	true	
UNMATCHED	data-init	parse_brand_power	reference/src/obj-init.c	928	true	
UNMATCHED	data-init	parse_brand_resist_flag	reference/src/obj-init.c	938	true	
UNMATCHED	data-init	parse_brand_vuln_flag	reference/src/obj-init.c	953	true	
UNMATCHED	data-init	init_parse_brand	reference/src/obj-init.c	968	true	
UNMATCHED	data-init	run_parse_brand	reference/src/obj-init.c	982	true	
UNMATCHED	data-init	finish_parse_brand	reference/src/obj-init.c	986	true	
UNMATCHED	data-init	cleanup_brand	reference/src/obj-init.c	1021	true	
UNMATCHED	data-init	parse_curse_name	reference/src/obj-init.c	1047	true	
UNMATCHED	data-init	parse_curse_type	reference/src/obj-init.c	1061	true	
UNMATCHED	data-init	parse_curse_weight	reference/src/obj-init.c	1075	true	
UNMATCHED	data-init	parse_curse_combat	reference/src/obj-init.c	1094	true	
UNMATCHED	data-init	parse_curse_flags	reference/src/obj-init.c	1106	true	
UNMATCHED	data-init	parse_curse_values	reference/src/obj-init.c	1132	true	
UNMATCHED	data-init	parse_curse_effect	reference/src/obj-init.c	1164	true	
UNMATCHED	data-init	parse_curse_effect_yx	reference/src/obj-init.c	1184	true	
UNMATCHED	data-init	parse_curse_dice	reference/src/obj-init.c	1202	true	
UNMATCHED	data-init	parse_curse_expr	reference/src/obj-init.c	1234	true	
UNMATCHED	data-init	parse_curse_msg	reference/src/obj-init.c	1280	true	
UNMATCHED	data-init	parse_curse_time	reference/src/obj-init.c	1291	true	
UNMATCHED	data-init	parse_curse_desc	reference/src/obj-init.c	1301	true	
INLINE?	data-init	parse_curse_conflict	reference/src/obj-init.c	1311	true	identifier present in port sources but not a top-level decl
UNMATCHED	data-init	parse_curse_conflict_flags	reference/src/obj-init.c	1323	true	
UNMATCHED	data-init	init_parse_curse	reference/src/obj-init.c	1346	true	
UNMATCHED	data-init	run_parse_curse	reference/src/obj-init.c	1367	true	
UNMATCHED	data-init	finish_parse_curse	reference/src/obj-init.c	1371	true	
UNMATCHED	data-init	cleanup_curse	reference/src/obj-init.c	1414	true	
UNMATCHED	data-init	parse_act_name	reference/src/obj-init.c	1447	true	
UNMATCHED	data-init	parse_act_aim	reference/src/obj-init.c	1459	true	
UNMATCHED	data-init	parse_act_level	reference/src/obj-init.c	1471	true	
UNMATCHED	data-init	parse_act_power	reference/src/obj-init.c	1481	true	
UNMATCHED	data-init	parse_act_effect	reference/src/obj-init.c	1491	true	
UNMATCHED	data-init	parse_act_effect_yx	reference/src/obj-init.c	1511	true	
UNMATCHED	data-init	parse_act_dice	reference/src/obj-init.c	1529	true	
UNMATCHED	data-init	parse_act_expr	reference/src/obj-init.c	1561	true	
UNMATCHED	data-init	parse_act_msg	reference/src/obj-init.c	1607	true	
UNMATCHED	data-init	parse_act_desc	reference/src/obj-init.c	1618	true	
UNMATCHED	data-init	init_parse_act	reference/src/obj-init.c	1628	true	
UNMATCHED	data-init	run_parse_act	reference/src/obj-init.c	1644	true	
INLINE?	data-init	finish_parse_act	reference/src/obj-init.c	1648	true	identifier present in port sources but not a top-level decl
UNMATCHED	data-init	cleanup_act	reference/src/obj-init.c	1679	true	
UNMATCHED	data-init	parse_object_name	reference/src/obj-init.c	1710	true	
UNMATCHED	data-init	parse_object_graphics	reference/src/obj-init.c	1721	true	
INLINE?	data-init	parse_object_type	reference/src/obj-init.c	1738	true	identifier present in port sources but not a top-level decl
UNMATCHED	data-init	parse_object_level	reference/src/obj-init.c	1756	true	
UNMATCHED	data-init	parse_object_weight	reference/src/obj-init.c	1766	true	
UNMATCHED	data-init	parse_object_cost	reference/src/obj-init.c	1776	true	
UNMATCHED	data-init	parse_object_alloc	reference/src/obj-init.c	1786	true	
UNMATCHED	data-init	parse_object_attack	reference/src/obj-init.c	1803	true	
UNMATCHED	data-init	parse_object_armor	reference/src/obj-init.c	1817	true	
UNMATCHED	data-init	parse_object_charges	reference/src/obj-init.c	1828	true	
UNMATCHED	data-init	parse_object_pile	reference/src/obj-init.c	1838	true	
UNMATCHED	data-init	parse_object_flags	reference/src/obj-init.c	1849	true	
UNMATCHED	data-init	parse_object_power	reference/src/obj-init.c	1878	true	
UNMATCHED	data-init	parse_object_effect	reference/src/obj-init.c	1888	true	
UNMATCHED	data-init	parse_object_effect_yx	reference/src/obj-init.c	1908	true	
UNMATCHED	data-init	parse_object_dice	reference/src/obj-init.c	1926	true	
UNMATCHED	data-init	parse_object_expr	reference/src/obj-init.c	1957	true	
UNMATCHED	data-init	parse_object_msg	reference/src/obj-init.c	2002	true	
UNMATCHED	data-init	parse_object_vis_msg	reference/src/obj-init.c	2012	true	
UNMATCHED	data-init	parse_object_time	reference/src/obj-init.c	2022	true	
UNMATCHED	data-init	parse_object_desc	reference/src/obj-init.c	2032	true	
UNMATCHED	data-init	parse_object_pval	reference/src/obj-init.c	2042	true	
UNMATCHED	data-init	parse_object_values	reference/src/obj-init.c	2052	true	
UNMATCHED	data-init	parse_object_slay	reference/src/obj-init.c	2083	true	
UNMATCHED	data-init	parse_object_brand	reference/src/obj-init.c	2104	true	
UNMATCHED	data-init	parse_object_curse	reference/src/obj-init.c	2125	true	
UNMATCHED	data-init	init_parse_object	reference/src/obj-init.c	2151	false	
UNMATCHED	data-init	run_parse_object	reference/src/obj-init.c	2183	true	
INLINE?	data-init	finish_parse_object	reference/src/obj-init.c	2187	true	identifier present in port sources but not a top-level decl
UNMATCHED	data-init	cleanup_object	reference/src/obj-init.c	2226	true	
UNMATCHED	data-init	parse_ego_name	reference/src/obj-init.c	2256	true	
UNMATCHED	data-init	parse_ego_info	reference/src/obj-init.c	2272	true	
UNMATCHED	data-init	parse_ego_alloc	reference/src/obj-init.c	2284	true	
UNMATCHED	data-init	parse_ego_type	reference/src/obj-init.c	2304	true	
UNMATCHED	data-init	parse_ego_item	reference/src/obj-init.c	2333	true	
UNMATCHED	data-init	parse_ego_combat	reference/src/obj-init.c	2356	true	
UNMATCHED	data-init	parse_ego_min	reference/src/obj-init.c	2371	true	
UNMATCHED	data-init	parse_ego_act	reference/src/obj-init.c	2386	true	
UNMATCHED	data-init	parse_ego_time	reference/src/obj-init.c	2397	true	
UNMATCHED	data-init	parse_ego_flags	reference/src/obj-init.c	2407	true	
UNMATCHED	data-init	parse_ego_flags_off	reference/src/obj-init.c	2440	true	
UNMATCHED	data-init	parse_ego_values	reference/src/obj-init.c	2464	true	
UNMATCHED	data-init	parse_ego_min_val	reference/src/obj-init.c	2498	true	
UNMATCHED	data-init	parse_ego_desc	reference/src/obj-init.c	2527	true	
UNMATCHED	data-init	parse_ego_slay	reference/src/obj-init.c	2537	true	
UNMATCHED	data-init	parse_ego_brand	reference/src/obj-init.c	2558	true	
UNMATCHED	data-init	parse_ego_curse	reference/src/obj-init.c	2579	true	
UNMATCHED	data-init	init_parse_ego	reference/src/obj-init.c	2604	false	
UNMATCHED	data-init	run_parse_ego	reference/src/obj-init.c	2627	true	
UNMATCHED	data-init	finish_parse_ego	reference/src/obj-init.c	2631	true	
UNMATCHED	data-init	cleanup_ego	reference/src/obj-init.c	2665	true	
INLINE?	data-init	parse_artifact_name	reference/src/obj-init.c	2701	true	identifier present in port sources but not a top-level decl
UNMATCHED	data-init	parse_artifact_base_object	reference/src/obj-init.c	2719	true	
UNMATCHED	data-init	parse_artifact_graphics	reference/src/obj-init.c	2744	true	
UNMATCHED	data-init	parse_artifact_level	reference/src/obj-init.c	2767	true	
UNMATCHED	data-init	parse_artifact_weight	reference/src/obj-init.c	2777	true	
UNMATCHED	data-init	parse_artifact_cost	reference/src/obj-init.c	2794	true	
UNMATCHED	data-init	parse_artifact_alloc	reference/src/obj-init.c	2811	true	
UNMATCHED	data-init	parse_artifact_attack	reference/src/obj-init.c	2831	true	
UNMATCHED	data-init	parse_artifact_armor	reference/src/obj-init.c	2845	true	
UNMATCHED	data-init	parse_artifact_flags	reference/src/obj-init.c	2856	true	
UNMATCHED	data-init	parse_artifact_act	reference/src/obj-init.c	2885	true	
UNMATCHED	data-init	parse_artifact_time	reference/src/obj-init.c	2903	true	
UNMATCHED	data-init	parse_artifact_msg	reference/src/obj-init.c	2920	true	
UNMATCHED	data-init	parse_artifact_values	reference/src/obj-init.c	2930	true	
UNMATCHED	data-init	parse_artifact_desc	reference/src/obj-init.c	2962	true	
UNMATCHED	data-init	parse_artifact_slay	reference/src/obj-init.c	2972	true	
UNMATCHED	data-init	parse_artifact_brand	reference/src/obj-init.c	2993	true	
UNMATCHED	data-init	parse_artifact_curse	reference/src/obj-init.c	3014	true	
UNMATCHED	data-init	init_parse_artifact	reference/src/obj-init.c	3039	false	
UNMATCHED	data-init	run_parse_artifact	reference/src/obj-init.c	3063	true	
INLINE?	data-init	finish_parse_artifact	reference/src/obj-init.c	3067	true	identifier present in port sources but not a top-level decl
UNMATCHED	data-init	cleanup_artifact	reference/src/obj-init.c	3109	true	
UNMATCHED	data-init	run_parse_randart	reference/src/obj-init.c	3138	true	
UNMATCHED	data-init	finish_parse_randart	reference/src/obj-init.c	3142	true	
UNMATCHED	data-init	parse_object_property_name	reference/src/obj-init.c	3189	true	
UNMATCHED	data-init	parse_object_property_type	reference/src/obj-init.c	3206	true	
UNMATCHED	data-init	parse_object_property_subtype	reference/src/obj-init.c	3233	true	
UNMATCHED	data-init	parse_object_property_id_type	reference/src/obj-init.c	3264	true	
UNMATCHED	data-init	parse_object_property_code	reference/src/obj-init.c	3283	true	
UNMATCHED	data-init	parse_object_property_power	reference/src/obj-init.c	3317	true	
UNMATCHED	data-init	parse_object_property_mult	reference/src/obj-init.c	3327	true	
UNMATCHED	data-init	parse_object_property_type_mult	reference/src/obj-init.c	3337	true	
UNMATCHED	data-init	parse_object_property_adjective	reference/src/obj-init.c	3353	true	
UNMATCHED	data-init	parse_object_property_neg_adj	reference/src/obj-init.c	3365	true	
UNMATCHED	data-init	parse_object_property_msg	reference/src/obj-init.c	3377	true	
UNMATCHED	data-init	parse_object_property_desc	reference/src/obj-init.c	3389	true	
UNMATCHED	data-init	parse_object_property_bindui	reference/src/obj-init.c	3401	true	
UNMATCHED	data-init	init_parse_object_property	reference/src/obj-init.c	3419	true	
UNMATCHED	data-init	run_parse_object_property	reference/src/obj-init.c	3438	true	
INLINE?	data-init	finish_parse_object_property	reference/src/obj-init.c	3442	true	identifier present in port sources but not a top-level decl
UNMATCHED	data-init	cleanup_object_property	reference/src/obj-init.c	3471	true	
INLINE?	engine	init_rune	reference/src/obj-knowledge.c	75	true	identifier present in port sources but not a top-level decl
UNMATCHED	engine	rune_index	reference/src/obj-knowledge.c	198	true	
UNMATCHED	engine	cleanup_rune	reference/src/obj-knowledge.c	214	true	
INLINE?	engine	max_runes	reference/src/obj-knowledge.c	234	false	identifier present in port sources but not a top-level decl
MATCH	engine	rune_variety	reference/src/obj-knowledge.c	242	false	packages/core/src/obj/knowledge.ts:772
MATCH	engine	player_knows_rune	reference/src/obj-knowledge.c	253	false	packages/core/src/obj/knowledge.ts:896
UNMATCHED	engine	rune_name	reference/src/obj-knowledge.c	325	false	
MATCH	engine	rune_desc	reference/src/obj-knowledge.c	346	false	packages/core/src/obj/knowledge.ts:868
INLINE?	engine	rune_note	reference/src/obj-knowledge.c	406	false	identifier present in port sources but not a top-level decl
UNMATCHED	engine	rune_set_note	reference/src/obj-knowledge.c	414	false	
MATCH	engine	player_knows_brand	reference/src/obj-knowledge.c	436	false	packages/core/src/obj/knowledge.ts:157
MATCH	engine	player_knows_slay	reference/src/obj-knowledge.c	447	false	packages/core/src/obj/knowledge.ts:162
MATCH	engine	player_knows_curse	reference/src/obj-knowledge.c	458	false	packages/core/src/obj/knowledge.ts:167
MATCH	engine	player_knows_ego	reference/src/obj-knowledge.c	475	false	packages/core/src/obj/known-object.ts:247
MATCH	engine	object_effect_is_known	reference/src/obj-knowledge.c	540	false	packages/core/src/obj/known-object.ts:305
MATCH	engine	object_is_known_artifact	reference/src/obj-knowledge.c	552	false	packages/core/src/obj/known-object.ts:576
INLINE?	engine	object_is_in_store	reference/src/obj-knowledge.c	563	false	identifier present in port sources but not a top-level decl
MATCH	engine	object_has_standard_to_h	reference/src/obj-knowledge.c	584	false	packages/core/src/obj/knowledge.ts:349
MATCH	engine	object_has_rune	reference/src/obj-knowledge.c	603	false	packages/core/src/obj/knowledge.ts:916
MATCH	engine	object_non_curse_runes_known	reference/src/obj-knowledge.c	678	true	packages/core/src/obj/known-object.ts:313
MATCH	engine	object_runes_known	reference/src/obj-knowledge.c	734	false	packages/core/src/obj/knowledge.ts:958
MATCH	engine	object_fully_known	reference/src/obj-knowledge.c	754	false	packages/core/src/obj/known-object.ts:384
INLINE?	engine	object_flag_is_known	reference/src/obj-knowledge.c	773	false	identifier present in port sources but not a top-level decl
UNMATCHED	engine	object_element_is_known	reference/src/obj-knowledge.c	795	false	
MATCH	engine	object_set_base_known	reference/src/obj-knowledge.c	820	false	packages/core/src/obj/known-object.ts:202
MATCH	engine	object_sense	reference/src/obj-knowledge.c	862	false	packages/core/src/obj/known-object.ts:687
MATCH	engine	object_see	reference/src/obj-knowledge.c	903	false	packages/core/src/obj/known-object.ts:704
MATCH	engine	object_touch	reference/src/obj-knowledge.c	960	false	packages/core/src/obj/known-object.ts:616
MATCH	engine	object_grab	reference/src/obj-knowledge.c	978	false	packages/core/src/obj/known-object.ts:637
INLINE?	engine	player_know_object	reference/src/obj-knowledge.c	1022	false	identifier present in port sources but not a top-level decl
MATCH	engine	update_player_object_knowledge	reference/src/obj-knowledge.c	1218	false	packages/core/src/game/known.ts:366
MATCH	engine	player_learn_rune	reference/src/obj-knowledge.c	1264	true	packages/core/src/obj/knowledge.ts:973
UNMATCHED	engine	player_learn_flag	reference/src/obj-knowledge.c	1379	false	
MATCH	engine	player_learn_slay	reference/src/obj-knowledge.c	1388	false	packages/core/src/obj/knowledge.ts:265
MATCH	engine	player_learn_brand	reference/src/obj-knowledge.c	1411	false	packages/core/src/obj/knowledge.ts:245
MATCH	engine	player_learn_curse	reference/src/obj-knowledge.c	1435	false	packages/core/src/obj/knowledge.ts:282
MATCH	engine	player_learn_innate	reference/src/obj-knowledge.c	1449	false	packages/core/src/obj/knowledge.ts:738
MATCH	engine	player_learn_all_runes	reference/src/obj-knowledge.c	1474	false	packages/core/src/obj/knowledge.ts:750
MATCH	engine	mod_message	reference/src/obj-knowledge.c	1492	true	packages/core/src/obj/knowledge.ts:466
MATCH	engine	object_curses_find_to_a	reference/src/obj-knowledge.c	1561	true	packages/core/src/obj/knowledge.ts:378
MATCH	engine	object_curses_find_to_h	reference/src/obj-knowledge.c	1584	true	packages/core/src/obj/knowledge.ts:381
MATCH	engine	object_curses_find_to_d	reference/src/obj-knowledge.c	1607	true	packages/core/src/obj/knowledge.ts:384
MATCH	engine	object_curses_find_flags	reference/src/obj-knowledge.c	1638	true	packages/core/src/obj/knowledge.ts:389
MATCH	engine	object_curses_find_modifiers	reference/src/obj-knowledge.c	1687	true	packages/core/src/obj/knowledge.ts:415
MATCH	engine	object_curses_find_element	reference/src/obj-knowledge.c	1727	true	packages/core/src/obj/knowledge.ts:437
MATCH	engine	object_find_unknown_rune	reference/src/obj-knowledge.c	1770	true	packages/core/src/obj/knowledge.ts:1006
MATCH	engine	object_learn_unknown_rune	reference/src/obj-knowledge.c	1798	false	packages/core/src/obj/knowledge.ts:1036
MATCH	engine	object_learn_on_wield	reference/src/obj-knowledge.c	1820	false	packages/core/src/obj/knowledge.ts:500
MATCH	engine	shape_learn_on_assume	reference/src/obj-knowledge.c	1892	false	packages/core/src/obj/knowledge.ts:680
INLINE?	engine	object_learn_on_use	reference/src/obj-knowledge.c	1925	false	identifier present in port sources but not a top-level decl
MATCH	engine	missile_learn_on_ranged_attack	reference/src/obj-knowledge.c	1945	false	packages/core/src/obj/knowledge.ts:561
MATCH	engine	equip_learn_on_defend	reference/src/obj-knowledge.c	1974	false	packages/core/src/obj/knowledge.ts:578
MATCH	engine	equip_learn_on_ranged_attack	reference/src/obj-knowledge.c	2007	false	packages/core/src/obj/knowledge.ts:601
MATCH	engine	equip_learn_on_melee_attack	reference/src/obj-knowledge.c	2043	false	packages/core/src/obj/knowledge.ts:619
MATCH	engine	equip_learn_flag	reference/src/obj-knowledge.c	2088	false	packages/core/src/obj/knowledge.ts:638
MATCH	engine	equip_learn_element	reference/src/obj-knowledge.c	2130	false	packages/core/src/obj/knowledge.ts:660
MATCH	engine	equip_learn_after_time	reference/src/obj-knowledge.c	2171	false	packages/core/src/obj/knowledge.ts:709
INLINE?	engine	easy_know	reference/src/obj-knowledge.c	2229	false	identifier present in port sources but not a top-level decl
INLINE?	engine	object_flavor_is_aware	reference/src/obj-knowledge.c	2243	false	identifier present in port sources but not a top-level decl
INLINE?	engine	object_flavor_was_tried	reference/src/obj-knowledge.c	2254	false	identifier present in port sources but not a top-level decl
INLINE?	engine	object_flavor_aware	reference/src/obj-knowledge.c	2266	false	identifier present in port sources but not a top-level decl
INLINE?	engine	object_flavor_tried	reference/src/obj-knowledge.c	2320	false	identifier present in port sources but not a top-level decl
MATCH	engine	object_list_new	reference/src/obj-list.c	33	false	packages/core/src/game/obj-list.ts:68
UNMATCHED	engine	object_list_free	reference/src/obj-list.c	56	false	
UNMATCHED	engine	object_list_init	reference/src/obj-list.c	77	false	
UNMATCHED	engine	object_list_finalize	reference/src/obj-list.c	85	false	
UNMATCHED	engine	object_list_shared_instance	reference/src/obj-list.c	93	false	
UNMATCHED	engine	object_list_needs_update	reference/src/obj-list.c	105	true	
INLINE?	engine	object_list_reset	reference/src/obj-list.c	117	false	identifier present in port sources but not a top-level decl
UNMATCHED	engine	object_list_should_ignore_object	reference/src/obj-list.c	136	true	
MATCH	engine	object_list_collect	reference/src/obj-list.c	156	false	packages/core/src/game/obj-list.ts:83
UNMATCHED	engine	object_list_distance_compare	reference/src/obj-list.c	257	true	
MATCH	engine	object_list_standard_compare	reference/src/obj-list.c	275	false	packages/core/src/game/obj-list.ts:194
MATCH	engine	object_list_sort	reference/src/obj-list.c	297	false	packages/core/src/game/obj-list.ts:250
MATCH	engine	object_list_entry_line_attribute	reference/src/obj-list.c	323	false	packages/core/src/game/obj-list.ts:264
INLINE?	engine	object_list_format_name	reference/src/obj-list.c	364	false	identifier present in port sources but not a top-level decl
INLINE?	engine	alloc_init_objects	reference/src/obj-make.c	75	true	identifier present in port sources but not a top-level decl
INLINE?	engine	alloc_init_egos	reference/src/obj-make.c	127	true	identifier present in port sources but not a top-level decl
INLINE?	engine	init_money_svals	reference/src/obj-make.c	185	true	identifier present in port sources but not a top-level decl
INLINE?	engine	init_obj_make	reference/src/obj-make.c	206	true	identifier present in port sources but not a top-level decl
UNMATCHED	engine	cleanup_obj_make	reference/src/obj-make.c	212	true	
MATCH	engine	get_new_attr	reference/src/obj-make.c	233	true	packages/core/src/obj/make.ts:487
MATCH	engine	random_base_resist	reference/src/obj-make.c	254	true	packages/core/src/obj/make.ts:498
MATCH	engine	random_high_resist	reference/src/obj-make.c	283	true	packages/core/src/obj/make.ts:514
INLINE?	engine	binary_search_probtable	reference/src/obj-make.c	315	true	identifier present in port sources but not a top-level decl
INLINE?	engine	ego_find_random	reference/src/obj-make.c	340	true	identifier present in port sources but not a top-level decl
MATCH	engine	ego_apply_magic	reference/src/obj-make.c	391	false	packages/core/src/obj/make.ts:555
MATCH	engine	ego_apply_minima	reference/src/obj-make.c	463	true	packages/core/src/obj/make.ts:633
MATCH	engine	make_ego_item	reference/src/obj-make.c	490	true	packages/core/src/obj/make.ts:651
MATCH	engine	copy_artifact_data	reference/src/obj-make.c	520	false	packages/core/src/obj/make.ts:681
MATCH	engine	make_artifact_special	reference/src/obj-make.c	578	true	packages/core/src/obj/make.ts:846
MATCH	engine	make_artifact	reference/src/obj-make.c	655	true	packages/core/src/obj/make.ts:922
MATCH	engine	make_fake_artifact	reference/src/obj-make.c	728	false	packages/core/src/obj/artifact-fake.ts:43 | packages/cli/src/spoilers.ts:337
MATCH	engine	apply_magic_weapon	reference/src/obj-make.c	753	true	packages/core/src/obj/make.ts:1007
MATCH	engine	apply_magic_armour	reference/src/obj-make.c	803	true	packages/core/src/obj/make.ts:1053
MATCH	engine	object_prep	reference/src/obj-make.c	817	false	packages/core/src/obj/make.ts:110
MATCH	engine	apply_curse	reference/src/obj-make.c	887	true	packages/core/src/obj/make.ts:1068
MATCH	engine	apply_magic	reference/src/obj-make.c	926	false	packages/core/src/obj/make.ts:1149
MATCH	engine	kind_is_good	reference/src/obj-make.c	1016	false	packages/core/src/obj/make.ts:209
INLINE?	engine	get_obj_num_by_kind	reference/src/obj-make.c	1068	true	identifier present in port sources but not a top-level decl
INLINE?	engine	get_obj_num	reference/src/obj-make.c	1114	false	identifier present in port sources but not a top-level decl
MATCH	engine	make_object	reference/src/obj-make.c	1162	false	packages/core/src/obj/make.ts:1241
INLINE?	engine	acquirement	reference/src/obj-make.c	1240	false	identifier present in port sources but not a top-level decl
INLINE?	engine	money_kind	reference/src/obj-make.c	1264	false	identifier present in port sources but not a top-level decl
MATCH	engine	make_gold	reference/src/obj-make.c	1294	false	packages/core/src/obj/make.ts:1335
UNMATCHED	engine	write_pile	reference/src/obj-pile.c	58	true	
UNMATCHED	engine	pile_integrity_fail	reference/src/obj-pile.c	98	true	
UNMATCHED	engine	pile_check_integrity	reference/src/obj-pile.c	124	true	
MATCH	engine	pile_insert	reference/src/obj-pile.c	167	false	packages/core/src/game/floor.ts:66
INLINE?	engine	pile_insert_end	reference/src/obj-pile.c	188	false	identifier present in port sources but not a top-level decl
MATCH	engine	pile_excise	reference/src/obj-pile.c	209	false	packages/core/src/mon/steal.ts:129
UNMATCHED	engine	pile_last_item	reference/src/obj-pile.c	248	false	
UNMATCHED	engine	pile_contains	reference/src/obj-pile.c	268	false	
MATCH	engine	object_new	reference/src/obj-pile.c	284	false	packages/core/src/obj/object.ts:332
UNMATCHED	engine	object_free	reference/src/obj-pile.c	294	false	
INLINE?	engine	object_delete	reference/src/obj-pile.c	308	false	identifier present in port sources but not a top-level decl
UNMATCHED	engine	object_pile_free	reference/src/obj-pile.c	366	false	
MATCH	engine	object_similar	reference/src/obj-pile.c	394	false	packages/core/src/obj/object.ts:884
MATCH	engine	object_stackable	reference/src/obj-pile.c	499	false	packages/core/src/obj/object.ts:1056
MATCH	engine	object_mergeable	reference/src/obj-pile.c	512	false	packages/core/src/obj/object.ts:1068
MATCH	engine	object_origin_combine	reference/src/obj-pile.c	543	false	packages/core/src/obj/object.ts:1101
MATCH	engine	object_absorb_merge	reference/src/obj-pile.c	579	true	packages/core/src/obj/object.ts:1131
MATCH	engine	object_absorb_partial	reference/src/obj-pile.c	624	false	packages/core/src/obj/object.ts:1174
MATCH	engine	object_absorb	reference/src/obj-pile.c	676	false	packages/core/src/obj/object.ts:1159
INLINE?	engine	object_wipe	reference/src/obj-pile.c	698	false	identifier present in port sources but not a top-level decl
MATCH	engine	object_copy	reference/src/obj-pile.c	713	false	packages/core/src/game/gear.ts:127 | packages/core/src/obj/object.ts:386
MATCH	engine	object_copy_amt	reference/src/obj-pile.c	743	false	packages/core/src/game/gear.ts:804
MATCH	engine	object_split	reference/src/obj-pile.c	779	false	packages/core/src/game/gear.ts:148
MATCH	engine	floor_object_for_use	reference/src/obj-pile.c	831	false	packages/core/src/game/floor.ts:285
MATCH	engine	floor_get_oldest_ignored	reference/src/obj-pile.c	886	true	packages/core/src/game/floor.ts:93
MATCH	engine	floor_carry	reference/src/obj-pile.c	905	false	packages/core/src/game/floor.ts:113
UNMATCHED	engine	floor_carry_fail	reference/src/obj-pile.c	992	true	
MATCH	engine	drop_find_grid	reference/src/obj-pile.c	1025	true	packages/core/src/game/floor.ts:158
MATCH	engine	drop_near	reference/src/obj-pile.c	1128	false	packages/core/src/game/floor.ts:256
MATCH	engine	push_object	reference/src/obj-pile.c	1166	false	packages/core/src/game/project-feat.ts:70
INLINE?	engine	floor_item_charges	reference/src/obj-pile.c	1275	false	identifier present in port sources but not a top-level decl
INLINE?	engine	scan_floor	reference/src/obj-pile.c	1295	false	identifier present in port sources but not a top-level decl
UNMATCHED	engine	scan_distant_floor	reference/src/obj-pile.c	1334	false	
UNMATCHED	engine	scan_items	reference/src/obj-pile.c	1376	false	
UNMATCHED	engine	item_is_available	reference/src/obj-pile.c	1426	false	
UNMATCHED	engine	log_obj	reference/src/obj-power.c	142	true	
MATCH	engine	bow_multiplier	reference/src/obj-power.c	161	true	packages/core/src/obj/power.ts:242
MATCH	engine	to_damage_power	reference/src/obj-power.c	177	true	packages/core/src/obj/power.ts:247
MATCH	engine	damage_dice_power	reference/src/obj-power.c	199	true	packages/core/src/obj/power.ts:260
MATCH	engine	ammo_damage_power	reference/src/obj-power.c	224	true	packages/core/src/obj/power.ts:279
MATCH	engine	launcher_ammo_damage_power	reference/src/obj-power.c	249	true	packages/core/src/obj/power.ts:290
MATCH	engine	extra_blows_power	reference/src/obj-power.c	268	true	packages/core/src/obj/power.ts:301
MATCH	engine	extra_shots_power	reference/src/obj-power.c	293	true	packages/core/src/obj/power.ts:311
MATCH	engine	extra_might_power	reference/src/obj-power.c	317	true	packages/core/src/obj/power.ts:322
MATCH	engine	slay_power	reference/src/obj-power.c	335	true	packages/core/src/obj/power.ts:330
MATCH	engine	rescale_bow_power	reference/src/obj-power.c	442	true	packages/core/src/obj/power.ts:389
MATCH	engine	to_hit_power	reference/src/obj-power.c	454	true	packages/core/src/obj/power.ts:394 | packages/core/src/obj/power.ts:48
MATCH	engine	ac_power	reference/src/obj-power.c	466	true	packages/core/src/obj/power.ts:398
MATCH	engine	to_ac_power	reference/src/obj-power.c	500	true	packages/core/src/obj/power.ts:418 | packages/core/src/obj/power.ts:50
MATCH	engine	jewelry_power	reference/src/obj-power.c	530	true	packages/core/src/obj/power.ts:431
MATCH	engine	modifier_power	reference/src/obj-power.c	543	true	packages/core/src/obj/power.ts:436
MATCH	engine	flags_power	reference/src/obj-power.c	581	true	packages/core/src/obj/power.ts:459
MATCH	engine	element_power	reference/src/obj-power.c	638	true	packages/core/src/obj/power.ts:483
MATCH	engine	effects_power	reference/src/obj-power.c	715	true	packages/core/src/obj/power.ts:517
MATCH	engine	curse_power	reference/src/obj-power.c	736	true	packages/core/src/obj/power.ts:531
MATCH	engine	nonstandard_weight_power	reference/src/obj-power.c	906	true	packages/core/src/obj/power.ts:594
MATCH	engine	object_power	reference/src/obj-power.c	1005	false	packages/core/src/obj/power.ts:641
MATCH	engine	object_value_base	reference/src/obj-power.c	1060	true	packages/core/src/obj/value.ts:48
MATCH	engine	object_value_real	reference/src/obj-power.c	1099	false	packages/core/src/obj/value.ts:83
MATCH	engine	object_value	reference/src/obj-power.c	1253	false	packages/core/src/obj/value.ts:195
MATCH	engine	lookup_obj_property	reference/src/obj-properties.c	24	false	packages/core/src/obj/power.ts:219
MATCH	engine	create_obj_flag_mask	reference/src/obj-properties.c	55	false	packages/core/src/obj/make.ts:534
MATCH	engine	flag_message	reference/src/obj-properties.c	86	false	packages/core/src/obj/knowledge.ts:139
MATCH	engine	sustain_flag	reference/src/obj-properties.c	144	false	packages/core/src/obj/knowledge.ts:340
MATCH	engine	artifact_power	reference/src/obj-randart.c	186	true	packages/core/src/obj/randart-data.ts:385
MATCH	engine	store_base_power	reference/src/obj-randart.c	219	true	packages/core/src/obj/randart-data.ts:400
MATCH	engine	count_weapon_abilities	reference/src/obj-randart.c	342	true	packages/core/src/obj/randart-data.ts:506
MATCH	engine	count_bow_abilities	reference/src/obj-randart.c	444	true	packages/core/src/obj/randart-data.ts:588
MATCH	engine	count_nonweapon_abilities	reference/src/obj-randart.c	516	true	packages/core/src/obj/randart-data.ts:649
MATCH	engine	count_modifiers	reference/src/obj-randart.c	630	true	packages/core/src/obj/randart-data.ts:747
MATCH	engine	count_low_resists	reference/src/obj-randart.c	764	true	packages/core/src/obj/randart-data.ts:851
MATCH	engine	count_high_resists	reference/src/obj-randart.c	816	true	packages/core/src/obj/randart-data.ts:891
MATCH	engine	count_abilities	reference/src/obj-randart.c	943	true	packages/core/src/obj/randart-data.ts:966
MATCH	engine	collect_artifact_data	reference/src/obj-randart.c	1059	true	packages/core/src/obj/randart-data.ts:1337
MATCH	engine	rescale_freqs	reference/src/obj-randart.c	1124	true	packages/core/src/obj/randart-data.ts:1147
MATCH	engine	adjust_freqs	reference/src/obj-randart.c	1214	true	packages/core/src/obj/randart-data.ts:1190
MATCH	engine	parse_frequencies	reference/src/obj-randart.c	1273	true	packages/core/src/obj/randart-data.ts:1227
MATCH	engine	get_base_item_tval	reference/src/obj-randart.c	1332	true	packages/core/src/obj/randart-data.ts:1262
MATCH	engine	get_base_item	reference/src/obj-randart.c	1348	true	packages/core/src/obj/randart-build.ts:259
MATCH	engine	artifact_prep	reference/src/obj-randart.c	1383	true	packages/core/src/obj/randart-build.ts:304
MATCH	engine	build_freq_table	reference/src/obj-randart.c	1505	true	packages/core/src/obj/randart-build.ts:394
MATCH	engine	try_supercharge	reference/src/obj-randart.c	1627	true	packages/core/src/obj/randart-build.ts:489
MATCH	engine	add_flag	reference/src/obj-randart.c	1721	true	packages/core/src/obj/randart-build.ts:585
MATCH	engine	add_resist	reference/src/obj-randart.c	1736	true	packages/core/src/obj/randart-build.ts:596
MATCH	engine	add_immunity	reference/src/obj-randart.c	1750	true	packages/core/src/obj/randart-build.ts:608
MATCH	engine	add_mod	reference/src/obj-randart.c	1761	true	packages/core/src/obj/randart-build.ts:622
MATCH	engine	add_stat	reference/src/obj-randart.c	1823	true	packages/core/src/obj/randart-build.ts:671
MATCH	engine	add_sustain	reference/src/obj-randart.c	1831	true	packages/core/src/obj/randart-build.ts:680
MATCH	engine	add_low_resist	reference/src/obj-randart.c	1854	true	packages/core/src/obj/randart-build.ts:710
MATCH	engine	add_high_resist	reference/src/obj-randart.c	1879	true	packages/core/src/obj/randart-build.ts:740
MATCH	engine	add_brand	reference/src/obj-randart.c	1928	true	packages/core/src/obj/randart-build.ts:859
MATCH	engine	add_slay	reference/src/obj-randart.c	1962	true	packages/core/src/obj/randart-build.ts:896
MATCH	engine	add_damage_dice	reference/src/obj-randart.c	1986	true	packages/core/src/obj/randart-build.ts:917
MATCH	engine	add_to_hit	reference/src/obj-randart.c	1997	true	packages/core/src/obj/randart-build.ts:929
MATCH	engine	add_to_dam	reference/src/obj-randart.c	2020	true	packages/core/src/obj/randart-build.ts:952
MATCH	engine	add_to_AC	reference/src/obj-randart.c	2044	true	packages/core/src/obj/randart-build.ts:975
MATCH	engine	add_weight_mod	reference/src/obj-randart.c	2068	true	packages/core/src/obj/randart-build.ts:994
MATCH	engine	add_activation	reference/src/obj-randart.c	2078	true	packages/core/src/obj/randart-build.ts:1008
MATCH	engine	choose_ability	reference/src/obj-randart.c	2121	true	packages/core/src/obj/randart-build.ts:1058
MATCH	engine	add_ability_aux	reference/src/obj-randart.c	2150	true	packages/core/src/obj/randart-build.ts:1074
MATCH	engine	remove_contradictory_activation	reference/src/obj-randart.c	2420	true	packages/core/src/obj/randart-build.ts:1489
MATCH	engine	remove_contradictory	reference/src/obj-randart.c	2530	true	packages/core/src/obj/randart-build.ts:1569
MATCH	engine	add_ability	reference/src/obj-randart.c	2567	true	packages/core/src/obj/randart-build.ts:1607
MATCH	engine	add_curse	reference/src/obj-randart.c	2591	true	packages/core/src/obj/randart-build.ts:1643
MATCH	engine	make_bad	reference/src/obj-randart.c	2613	true	packages/core/src/obj/randart-build.ts:1676
MATCH	engine	copy_artifact	reference/src/obj-randart.c	2676	true	packages/core/src/obj/randart.ts:115
MATCH	engine	artifact_gen_name	reference/src/obj-randart.c	2713	false	packages/core/src/obj/randart.ts:236
MATCH	engine	describe_artifact	reference/src/obj-randart.c	2731	true	packages/core/src/obj/randart.ts:254
MATCH	engine	design_artifact	reference/src/obj-randart.c	2751	true	packages/core/src/obj/randart.ts:274
MATCH	engine	create_artifact_set	reference/src/obj-randart.c	2954	true	packages/core/src/obj/randart.ts:458
MATCH	engine	artifact_set_data_new	reference/src/obj-randart.c	2993	true	packages/core/src/obj/randart-data.ts:1284
UNMATCHED	engine	artifact_set_data_free	reference/src/obj-randart.c	3024	true	
INLINE?	engine	write_randart_entry	reference/src/obj-randart.c	3043	true	identifier present in port sources but not a top-level decl
MATCH	engine	do_randart	reference/src/obj-randart.c	3154	false	packages/core/src/obj/randart.ts:513
MATCH	engine	same_monsters_slain	reference/src/obj-slays.c	40	false	packages/core/src/obj/object.ts:429 | packages/core/src/obj/randart-build.ts:816
MATCH	engine	copy_slays	reference/src/obj-slays.c	56	false	packages/core/src/obj/object.ts:446
MATCH	engine	copy_brands	reference/src/obj-slays.c	91	false	packages/core/src/obj/object.ts:471
MATCH	engine	append_brand	reference/src/obj-slays.c	132	false	packages/core/src/obj/randart-build.ts:791
MATCH	engine	append_slay	reference/src/obj-slays.c	180	false	packages/core/src/obj/randart-build.ts:830
UNMATCHED	engine	brand_count	reference/src/obj-slays.c	223	false	
UNMATCHED	engine	slay_count	reference/src/obj-slays.c	244	false	
MATCH	engine	react_to_specific_slay	reference/src/obj-slays.c	264	true	packages/core/src/combat/brand-slay.ts:106
INLINE?	engine	player_has_temporary_brand	reference/src/obj-slays.c	287	false	identifier present in port sources but not a top-level decl
INLINE?	engine	player_has_temporary_slay	reference/src/obj-slays.c	306	false	identifier present in port sources but not a top-level decl
MATCH	engine	get_monster_brand_multiplier	reference/src/obj-slays.c	323	false	packages/core/src/combat/brand-slay.ts:72
MATCH	engine	improve_attack_modifier	reference/src/obj-slays.c	354	false	packages/core/src/combat/brand-slay.ts:149
MATCH	engine	react_to_slay	reference/src/obj-slays.c	435	false	packages/core/src/combat/brand-slay.ts:121
MATCH	engine	learn_brand_slay_helper	reference/src/obj-slays.c	463	true	packages/core/src/combat/brand-slay.ts:245
MATCH	engine	learn_brand_slay_from_melee	reference/src/obj-slays.c	596	false	packages/core/src/combat/brand-slay.ts:323
MATCH	engine	learn_brand_slay_from_launch	reference/src/obj-slays.c	613	false	packages/core/src/combat/brand-slay.ts:337
MATCH	engine	learn_brand_slay_from_throw	reference/src/obj-slays.c	629	false	packages/core/src/combat/brand-slay.ts:353
MATCH	engine	tval_is_staff	reference/src/obj-tval.c	24	false	packages/core/src/obj/object.ts:60
MATCH	engine	tval_is_wand	reference/src/obj-tval.c	29	false	packages/core/src/obj/object.ts:63
MATCH	engine	tval_is_rod	reference/src/obj-tval.c	34	false	packages/core/src/obj/object.ts:66
MATCH	engine	tval_is_potion	reference/src/obj-tval.c	39	false	packages/core/src/obj/object.ts:69
MATCH	engine	tval_is_scroll	reference/src/obj-tval.c	44	false	packages/core/src/obj/object.ts:72
MATCH	engine	tval_is_food	reference/src/obj-tval.c	49	false	packages/core/src/obj/object.ts:75
INLINE?	engine	tval_is_food_k	reference/src/obj-tval.c	54	false	identifier present in port sources but not a top-level decl
MATCH	engine	tval_is_mushroom	reference/src/obj-tval.c	59	false	packages/core/src/obj/object.ts:78
UNMATCHED	engine	tval_is_mushroom_k	reference/src/obj-tval.c	64	false	
MATCH	engine	tval_is_light	reference/src/obj-tval.c	69	false	packages/core/src/obj/object.ts:81
INLINE?	engine	tval_is_light_k	reference/src/obj-tval.c	74	false	identifier present in port sources but not a top-level decl
MATCH	engine	tval_is_ring	reference/src/obj-tval.c	79	false	packages/core/src/obj/object.ts:84
MATCH	engine	tval_is_chest	reference/src/obj-tval.c	84	false	packages/core/src/obj/object.ts:87
MATCH	engine	tval_is_fuel	reference/src/obj-tval.c	89	false	packages/core/src/obj/object.ts:90
MATCH	engine	tval_is_money	reference/src/obj-tval.c	94	false	packages/core/src/obj/object.ts:93
UNMATCHED	engine	tval_is_money_k	reference/src/obj-tval.c	99	false	
MATCH	engine	tval_is_digger	reference/src/obj-tval.c	104	false	packages/core/src/obj/object.ts:96
MATCH	engine	tval_can_have_nourishment	reference/src/obj-tval.c	109	false	packages/core/src/obj/object.ts:99
MATCH	engine	tval_can_have_charges	reference/src/obj-tval.c	115	false	packages/core/src/obj/object.ts:102
MATCH	engine	tval_can_have_timeout	reference/src/obj-tval.c	120	false	packages/core/src/obj/object.ts:105
MATCH	engine	tval_is_body_armor	reference/src/obj-tval.c	125	false	packages/core/src/obj/object.ts:108
MATCH	engine	tval_is_head_armor	reference/src/obj-tval.c	137	false	packages/core/src/obj/object.ts:113
MATCH	engine	tval_is_ammo	reference/src/obj-tval.c	142	false	packages/core/src/obj/object.ts:116
MATCH	engine	tval_is_sharp_missile	reference/src/obj-tval.c	154	false	packages/core/src/obj/object.ts:119
UNMATCHED	engine	tval_is_bolt	reference/src/obj-tval.c	165	false	
MATCH	engine	tval_is_launcher	reference/src/obj-tval.c	170	false	packages/core/src/obj/object.ts:122
MATCH	engine	tval_is_useable	reference/src/obj-tval.c	175	false	packages/core/src/obj/object.ts:125
MATCH	engine	tval_can_have_failure	reference/src/obj-tval.c	191	false	packages/core/src/obj/object.ts:139
MATCH	engine	tval_is_jewelry	reference/src/obj-tval.c	203	false	packages/core/src/obj/object.ts:142
MATCH	engine	tval_is_weapon	reference/src/obj-tval.c	208	false	packages/core/src/obj/object.ts:177
MATCH	engine	tval_is_armor	reference/src/obj-tval.c	225	false	packages/core/src/obj/object.ts:192
MATCH	engine	tval_is_melee_weapon	reference/src/obj-tval.c	243	false	packages/core/src/obj/object.ts:208
MATCH	engine	tval_has_variable_power	reference/src/obj-tval.c	256	false	packages/core/src/obj/object.ts:150
MATCH	engine	tval_is_wearable	reference/src/obj-tval.c	285	false	packages/core/src/obj/object.ts:216
MATCH	engine	tval_is_edible	reference/src/obj-tval.c	311	false	packages/core/src/obj/object.ts:240
INLINE?	engine	tval_can_have_flavor_k	reference/src/obj-tval.c	322	false	identifier present in port sources but not a top-level decl
UNMATCHED	engine	tval_is_book_k	reference/src/obj-tval.c	339	false	
MATCH	engine	tval_is_zapper	reference/src/obj-tval.c	353	false	packages/core/src/obj/object.ts:270
MATCH	engine	de_armour	reference/src/obj-tval.c	371	true	packages/core/src/obj/bind.ts:259
MATCH	engine	tval_find_idx	reference/src/obj-tval.c	387	false	packages/core/src/obj/bind.ts:269
MATCH	engine	tval_find_name	reference/src/obj-tval.c	413	false	packages/core/src/obj/bind.ts:283
UNMATCHED	engine	tval_sval_count	reference/src/obj-tval.c	429	false	
UNMATCHED	engine	tval_sval_list	reference/src/obj-tval.c	451	false	
INLINE?	engine	flavor_assign_fixed	reference/src/obj-util.c	58	true	identifier present in port sources but not a top-level decl
INLINE?	engine	flavor_assign_random	reference/src/obj-util.c	76	true	identifier present in port sources but not a top-level decl
INLINE?	engine	flavor_reset_fixed	reference/src/obj-util.c	121	true	identifier present in port sources but not a top-level decl
MATCH	engine	flavor_init	reference/src/obj-util.c	154	false	packages/core/src/obj/flavor.ts:112
MATCH	engine	flavor_set_all_aware	reference/src/obj-util.c	252	false	packages/core/src/player/birth.ts:630
MATCH	engine	object_weight_one	reference/src/obj-util.c	276	false	packages/core/src/obj/object.ts:762
MATCH	engine	object_to_hit	reference/src/obj-util.c	296	false	packages/core/src/combat/brand-slay.ts:58 | packages/core/src/obj/desc.ts:112
MATCH	engine	object_to_dam	reference/src/obj-util.c	315	false	packages/core/src/combat/brand-slay.ts:63 | packages/core/src/obj/desc.ts:122
MATCH	engine	object_to_ac	reference/src/obj-util.c	334	false	packages/core/src/obj/desc.ts:132
INLINE?	engine	object_flags	reference/src/obj-util.c	353	false	identifier present in port sources but not a top-level decl
INLINE?	engine	object_flags_known	reference/src/obj-util.c	364	false	identifier present in port sources but not a top-level decl
UNMATCHED	engine	object_test	reference/src/obj-util.c	386	false	
INLINE?	engine	is_unknown	reference/src/obj-util.c	402	false	identifier present in port sources but not a top-level decl
MATCH	engine	check_for_inscrip	reference/src/obj-util.c	425	false	packages/core/src/game/pickup.ts:89 | packages/core/src/obj/ignore.ts:226
MATCH	engine	check_for_inscrip_with_int	reference/src/obj-util.c	456	false	packages/core/src/game/pickup.ts:104
INLINE?	engine	lookup_kind	reference/src/obj-util.c	492	false	identifier present in port sources but not a top-level decl
INLINE?	engine	objkind_byid	reference/src/obj-util.c	508	false	identifier present in port sources but not a top-level decl
UNMATCHED	engine	lookup_artifact_name	reference/src/obj-util.c	520	false	
UNMATCHED	engine	lookup_ego_item	reference/src/obj-util.c	549	false	
INLINE?	engine	lookup_sval	reference/src/obj-util.c	580	false	identifier present in port sources but not a top-level decl
UNMATCHED	engine	object_short_name	reference/src/obj-util.c	607	false	
MATCH	engine	compare_types	reference/src/obj-util.c	629	true	packages/core/src/game/obj-list.ts:183
MATCH	engine	compare_items	reference/src/obj-util.c	646	false	packages/core/src/game/equip-cmp.ts:232
MATCH	engine	convert_depth_to_origin	reference/src/obj-util.c	686	false	packages/core/src/gen/util.ts:1227
INLINE?	engine	obj_has_charges	reference/src/obj-util.c	697	false	identifier present in port sources but not a top-level decl
MATCH	engine	obj_can_zap	reference/src/obj-util.c	709	false	packages/core/src/game/obj-cmd.ts:361
UNMATCHED	engine	obj_is_activatable	reference/src/obj-util.c	721	false	
INLINE?	engine	obj_can_activate	reference/src/obj-util.c	730	false	identifier present in port sources but not a top-level decl
MATCH	engine	obj_can_refill	reference/src/obj-util.c	743	false	packages/core/src/game/obj-cmd.ts:387
INLINE?	engine	obj_kind_can_browse	reference/src/obj-util.c	762	false	identifier present in port sources but not a top-level decl
INLINE?	engine	obj_can_browse	reference/src/obj-util.c	775	false	identifier present in port sources but not a top-level decl
UNMATCHED	engine	obj_can_cast_from	reference/src/obj-util.c	780	false	
UNMATCHED	engine	obj_can_study	reference/src/obj-util.c	786	false	
MATCH	engine	obj_can_takeoff	reference/src/obj-util.c	794	false	packages/core/src/store/transact.ts:74
INLINE?	engine	obj_can_throw	reference/src/obj-util.c	803	false	identifier present in port sources but not a top-level decl
UNMATCHED	engine	obj_can_wear	reference/src/obj-util.c	810	false	
INLINE?	engine	obj_can_fire	reference/src/obj-util.c	816	false	identifier present in port sources but not a top-level decl
UNMATCHED	engine	obj_is_throwing	reference/src/obj-util.c	824	false	
UNMATCHED	engine	obj_is_known_artifact	reference/src/obj-util.c	832	false	
MATCH	engine	obj_has_inscrip	reference/src/obj-util.c	841	false	packages/core/src/game/obj-cmd.ts:370
UNMATCHED	engine	obj_has_flag	reference/src/obj-util.c	846	false	
UNMATCHED	engine	obj_is_useable	reference/src/obj-util.c	867	false	
INLINE?	engine	object_effect	reference/src/obj-util.c	886	false	identifier present in port sources but not a top-level decl
MATCH	engine	obj_needs_aim	reference/src/obj-util.c	899	false	packages/core/src/game/obj-cmd.ts:565
MATCH	engine	obj_can_fail	reference/src/obj-util.c	913	false	packages/web/src/screens.ts:297
MATCH	engine	get_use_device_chance	reference/src/obj-util.c	930	false	packages/core/src/game/obj-cmd.ts:300
MATCH	engine	distribute_charges	reference/src/obj-util.c	960	false	packages/core/src/obj/object.ts:1224
MATCH	engine	number_charging	reference/src/obj-util.c	1020	false	packages/core/src/game/obj-cmd.ts:351 | packages/core/src/obj/desc.ts:146 | packages/core/src/obj/recharge.ts:24
MATCH	engine	recharge_timeout	reference/src/obj-util.c	1045	false	packages/core/src/obj/recharge.ts:47
INLINE?	engine	verify_object	reference/src/obj-util.c	1074	false	identifier present in port sources but not a top-level decl
INLINE?	engine	msg_tag_lookup	reference/src/obj-util.c	1100	true	identifier present in port sources but not a top-level decl
INLINE?	engine	print_custom_message	reference/src/obj-util.c	1118	false	identifier present in port sources but not a top-level decl
INLINE?	engine	is_artifact_created	reference/src/obj-util.c	1190	false	identifier present in port sources but not a top-level decl
INLINE?	engine	is_artifact_seen	reference/src/obj-util.c	1199	false	identifier present in port sources but not a top-level decl
INLINE?	engine	is_artifact_everseen	reference/src/obj-util.c	1208	false	identifier present in port sources but not a top-level decl
INLINE?	engine	mark_artifact_created	reference/src/obj-util.c	1217	false	identifier present in port sources but not a top-level decl
INLINE?	engine	mark_artifact_seen	reference/src/obj-util.c	1226	false	identifier present in port sources but not a top-level decl
INLINE?	engine	mark_artifact_everseen	reference/src/obj-util.c	1235	false	identifier present in port sources but not a top-level decl
UNMATCHED	engine	parse_option	reference/src/option.c	45	true	
UNMATCHED	engine	option_type_name	reference/src/option.c	84	false	
MATCH	engine	option_name	reference/src/option.c	120	false	packages/core/src/player/options.ts:33
UNMATCHED	engine	option_desc	reference/src/option.c	129	false	
UNMATCHED	engine	option_type	reference/src/option.c	138	false	
UNMATCHED	engine	option_is_cheat	reference/src/option.c	145	true	
INLINE?	engine	option_set	reference/src/option.c	153	false	identifier present in port sources but not a top-level decl
MATCH	engine	options_init_cheat	reference/src/option.c	175	false	packages/core/src/player/birth.ts:612
INLINE?	engine	options_init_defaults	reference/src/option.c	190	false	identifier present in port sources but not a top-level decl
UNMATCHED	engine	options_save_custom	reference/src/option.c	213	false	
UNMATCHED	engine	options_restore_custom	reference/src/option.c	267	false	
INLINE?	engine	options_restore_maintainer	reference/src/option.c	321	false	identifier present in port sources but not a top-level decl
INLINE?	engine	init_options	reference/src/option.c	333	false	identifier present in port sources but not a top-level decl
UNMATCHED	engine	clean_options	reference/src/option.c	359	false	
UNMATCHED	engine	parser_new	reference/src/parser.c	99	false	
UNMATCHED	engine	findhook	reference/src/parser.c	104	true	
UNMATCHED	engine	parser_freeold	reference/src/parser.c	114	true	
INLINE?	engine	parse_random	reference/src/parser.c	126	true	identifier present in port sources but not a top-level decl
INLINE?	engine	parser_parse	reference/src/parser.c	221	false	identifier present in port sources but not a top-level decl
UNMATCHED	engine	parser_priv	reference/src/parser.c	364	false	
UNMATCHED	engine	parser_setpriv	reference/src/parser.c	373	false	
UNMATCHED	engine	parse_type	reference/src/parser.c	377	true	
UNMATCHED	engine	clean_specs	reference/src/parser.c	398	true	
UNMATCHED	engine	parser_destroy	reference/src/parser.c	412	false	
INLINE?	engine	parse_specs	reference/src/parser.c	424	true	identifier present in port sources but not a top-level decl
INLINE?	engine	parser_reg	reference/src/parser.c	496	false	identifier present in port sources but not a top-level decl
INLINE?	engine	ignored	reference/src/parser.c	526	false	identifier present in port sources but not a top-level decl
UNMATCHED	engine	parser_hasval	reference/src/parser.c	535	false	
UNMATCHED	engine	parser_getval	reference/src/parser.c	544	true	
UNMATCHED	engine	parser_getsym	reference/src/parser.c	558	false	
UNMATCHED	engine	parser_getint	reference/src/parser.c	567	false	
UNMATCHED	engine	parser_getuint	reference/src/parser.c	576	false	
UNMATCHED	engine	parser_getstr	reference/src/parser.c	585	false	
INLINE?	engine	parser_getrand	reference/src/parser.c	594	false	identifier present in port sources but not a top-level decl
UNMATCHED	engine	parser_getchar	reference/src/parser.c	603	false	
UNMATCHED	engine	parser_getstate	reference/src/parser.c	613	false	
UNMATCHED	engine	parser_setstate	reference/src/parser.c	624	false	
UNMATCHED	engine	get_parser_error_limit	reference/src/parser.c	637	false	
MATCH	engine	breakage_chance	reference/src/player-attack.c	67	false	packages/core/src/combat/ranged.ts:384
MATCH	engine	chance_of_melee_hit_base	reference/src/player-attack.c	88	false	packages/core/src/combat/melee.ts:231
MATCH	engine	chance_of_melee_hit	reference/src/player-attack.c	104	true	packages/core/src/combat/melee.ts:243
MATCH	engine	chance_of_missile_hit_base	reference/src/player-attack.c	121	false	packages/core/src/combat/ranged.ts:79
MATCH	engine	chance_of_missile_hit	reference/src/player-attack.c	156	true	packages/core/src/combat/ranged.ts:108
MATCH	engine	test_hit	reference/src/player-attack.c	174	false	packages/core/src/combat/hit.ts:87
MATCH	engine	hit_chance	reference/src/player-attack.c	196	false	packages/core/src/combat/hit.ts:60
MATCH	engine	apply_deadliness	reference/src/player-attack.c	261	false	packages/core/src/combat/hit.ts:460 | packages/core/src/obj/object-info.ts:790
MATCH	engine	is_debuffed	reference/src/player-attack.c	293	true	packages/core/src/combat/hit.ts:112
MATCH	engine	critical_shot	reference/src/player-attack.c	306	true	packages/core/src/combat/hit.ts:263
MATCH	engine	o_critical_shot	reference/src/player-attack.c	351	true	packages/core/src/combat/hit.ts:409
MATCH	engine	critical_melee	reference/src/player-attack.c	399	true	packages/core/src/combat/hit.ts:230
MATCH	engine	o_critical_melee	reference/src/player-attack.c	439	true	packages/core/src/combat/hit.ts:385
MATCH	engine	melee_damage	reference/src/player-attack.c	480	true	packages/core/src/combat/melee.ts:256
MATCH	engine	o_melee_damage	reference/src/player-attack.c	501	true	packages/core/src/combat/melee.ts:297
MATCH	engine	ranged_damage	reference/src/player-attack.c	554	true	packages/core/src/combat/ranged.ts:123
MATCH	engine	o_ranged_damage	reference/src/player-attack.c	590	true	packages/core/src/combat/ranged.ts:172
INLINE?	engine	player_damage_bonus	reference/src/player-attack.c	657	true	identifier present in port sources but not a top-level decl
INLINE?	engine	blow_side_effects	reference/src/player-attack.c	669	true	identifier present in port sources but not a top-level decl
INLINE?	engine	blow_after_effects	reference/src/player-attack.c	683	true	identifier present in port sources but not a top-level decl
MATCH	engine	py_attack_real	reference/src/player-attack.c	717	false	packages/core/src/combat/melee.ts:358
MATCH	engine	attempt_shield_bash	reference/src/player-attack.c	897	true	packages/core/src/combat/melee.ts:556
MATCH	engine	py_attack	reference/src/player-attack.c	988	false	packages/core/src/combat/melee.ts:663
MATCH	engine	ranged_helper	reference/src/player-attack.c	1048	true	packages/core/src/game/ranged-cmd.ts:58
MATCH	engine	make_ranged_shot	reference/src/player-attack.c	1229	false	packages/core/src/combat/ranged.ts:255
MATCH	engine	make_ranged_throw	reference/src/player-attack.c	1268	false	packages/core/src/combat/ranged.ts:320
INLINE?	engine	do_cmd_fire	reference/src/player-attack.c	1308	false	identifier present in port sources but not a top-level decl
INLINE?	engine	do_cmd_throw	reference/src/player-attack.c	1363	false	identifier present in port sources but not a top-level decl
INLINE?	engine	do_cmd_fire_at_nearest	reference/src/player-attack.c	1412	false	identifier present in port sources but not a top-level decl
INLINE?	engine	save_roller_data	reference/src/player-birth.c	146	true	identifier present in port sources but not a top-level decl
INLINE?	engine	load_roller_data	reference/src/player-birth.c	179	true	identifier present in port sources but not a top-level decl
INLINE?	engine	get_stats	reference/src/player-birth.c	231	true	identifier present in port sources but not a top-level decl
MATCH	engine	roll_hp	reference/src/player-birth.c	279	true	packages/core/src/player/exp.ts:70
INLINE?	engine	get_bonuses	reference/src/player-birth.c	311	true	identifier present in port sources but not a top-level decl
INLINE?	engine	get_history	reference/src/player-birth.c	330	false	identifier present in port sources but not a top-level decl
INLINE?	engine	get_ahw	reference/src/player-birth.c	353	true	identifier present in port sources but not a top-level decl
INLINE?	engine	player_embody	reference/src/player-birth.c	369	true	identifier present in port sources but not a top-level decl
INLINE?	engine	get_money	reference/src/player-birth.c	390	true	identifier present in port sources but not a top-level decl
INLINE?	engine	player_init	reference/src/player-birth.c	395	false	identifier present in port sources but not a top-level decl
MATCH	engine	wield_all	reference/src/player-birth.c	462	false	packages/core/src/game/gear.ts:940
UNMATCHED	engine	player_make_simple	reference/src/player-birth.c	522	false	
INLINE?	engine	player_outfit	reference/src/player-birth.c	584	true	identifier present in port sources but not a top-level decl
INLINE?	engine	recalculate_stats	reference/src/player-birth.c	681	true	identifier present in port sources but not a top-level decl
MATCH	engine	reset_stats	reference/src/player-birth.c	705	true	packages/core/src/player/birth.ts:85
MATCH	engine	buy_stat	reference/src/player-birth.c	732	true	packages/core/src/player/birth.ts:102
MATCH	engine	sell_stat	reference/src/player-birth.c	770	true	packages/core/src/player/birth.ts:118
MATCH	engine	generate_stats	reference/src/player-birth.c	816	true	packages/core/src/player/birth.ts:167
INLINE?	engine	player_generate	reference/src/player-birth.c	979	false	identifier present in port sources but not a top-level decl
UNMATCHED	engine	do_birth_reset	reference/src/player-birth.c	1034	true	
INLINE?	engine	do_cmd_birth_init	reference/src/player-birth.c	1049	false	identifier present in port sources but not a top-level decl
UNMATCHED	engine	do_cmd_birth_reset	reference/src/player-birth.c	1086	false	
INLINE?	engine	do_cmd_choose_race	reference/src/player-birth.c	1094	false	identifier present in port sources but not a top-level decl
UNMATCHED	engine	do_cmd_choose_class	reference/src/player-birth.c	1105	false	
UNMATCHED	engine	do_cmd_buy_stat	reference/src/player-birth.c	1116	false	
UNMATCHED	engine	do_cmd_sell_stat	reference/src/player-birth.c	1127	false	
UNMATCHED	engine	do_cmd_reset_stats	reference/src/player-birth.c	1138	false	
UNMATCHED	engine	do_cmd_refresh_stats	reference/src/player-birth.c	1152	false	
INLINE?	engine	do_cmd_roll_stats	reference/src/player-birth.c	1159	false	identifier present in port sources but not a top-level decl
INLINE?	engine	do_cmd_prev_stats	reference/src/player-birth.c	1195	false	identifier present in port sources but not a top-level decl
UNMATCHED	engine	do_cmd_choose_name	reference/src/player-birth.c	1210	false	
INLINE?	engine	do_cmd_choose_history	reference/src/player-birth.c	1219	false	identifier present in port sources but not a top-level decl
INLINE?	engine	do_cmd_accept_character	reference/src/player-birth.c	1232	false	identifier present in port sources but not a top-level decl
MATCH	engine	find_roman_suffix_start	reference/src/player-birth.c	1336	false	packages/core/src/player/birth.ts:729
MATCH	engine	int_to_roman	reference/src/player-birth.c	1368	true	packages/core/src/player/birth.ts:675
MATCH	engine	roman_to_int	reference/src/player-birth.c	1428	true	packages/core/src/player/birth.ts:699
MATCH	engine	earlier_object	reference/src/player-calcs.c	939	false	packages/core/src/player/calcs.ts:1328
INLINE?	engine	equipped_item_slot	reference/src/player-calcs.c	1005	false	identifier present in port sources but not a top-level decl
MATCH	engine	calc_inventory	reference/src/player-calcs.c	1023	false	packages/core/src/game/gear.ts:613
MATCH	engine	average_spell_stat	reference/src/player-calcs.c	1247	true	packages/core/src/player/spell.ts:253
MATCH	engine	calc_spells	reference/src/player-calcs.c	1268	true	packages/core/src/player/spell.ts:377
MATCH	engine	calc_mana	reference/src/player-calcs.c	1480	true	packages/core/src/player/spell.ts:480
MATCH	engine	calc_hitpoints	reference/src/player-calcs.c	1562	true	packages/core/src/player/calcs.ts:287
MATCH	engine	calc_light	reference/src/player-calcs.c	1598	true	packages/core/src/player/calcs.ts:628
MATCH	engine	calc_digging_chances	reference/src/player-calcs.c	1651	false	packages/core/src/game/cave-cmd.ts:236
MATCH	engine	calc_unlocking_chance	reference/src/player-calcs.c	1676	false	packages/core/src/game/trap.ts:648
MATCH	engine	calc_blows	reference/src/player-calcs.c	1703	false	packages/core/src/player/calcs.ts:512
MATCH	engine	weight_limit	reference/src/player-calcs.c	1741	true	packages/core/src/player/calcs.ts:493
INLINE?	engine	weight_remaining	reference/src/player-calcs.c	1756	false	identifier present in port sources but not a top-level decl
MATCH	engine	adjust_skill_scale	reference/src/player-calcs.c	1781	true	packages/core/src/player/calcs.ts:476
INLINE?	engine	calc_shapechange	reference/src/player-calcs.c	1798	true	identifier present in port sources but not a top-level decl
MATCH	engine	calc_bonuses	reference/src/player-calcs.c	1877	false	packages/core/src/player/calcs.ts:709
INLINE?	engine	update_bonuses	reference/src/player-calcs.c	2336	true	identifier present in port sources but not a top-level decl
INLINE?	engine	health_track	reference/src/player-calcs.c	2470	false	identifier present in port sources but not a top-level decl
INLINE?	engine	monster_race_track	reference/src/player-calcs.c	2479	false	identifier present in port sources but not a top-level decl
UNMATCHED	engine	track_object	reference/src/player-calcs.c	2491	false	
UNMATCHED	engine	track_object_kind	reference/src/player-calcs.c	2501	false	
UNMATCHED	engine	track_object_cancel	reference/src/player-calcs.c	2511	false	
UNMATCHED	engine	tracked_object_is	reference/src/player-calcs.c	2521	false	
INLINE?	engine	notice_stuff	reference/src/player-calcs.c	2536	false	identifier present in port sources but not a top-level decl
INLINE?	engine	update_stuff	reference/src/player-calcs.c	2565	false	identifier present in port sources but not a top-level decl
UNMATCHED	engine	redraw_stuff	reference/src/player-calcs.c	2678	false	
INLINE?	engine	handle_stuff	reference/src/player-calcs.c	2728	false	identifier present in port sources but not a top-level decl
INLINE?	engine	player_id2class	reference/src/player-class.c	22	false	identifier present in port sources but not a top-level decl
INLINE?	engine	history_init	reference/src/player-history.c	36	true	identifier present in port sources but not a top-level decl
INLINE?	engine	history_realloc	reference/src/player-history.c	46	true	identifier present in port sources but not a top-level decl
MATCH	engine	history_clear	reference/src/player-history.c	56	false	packages/core/src/player/history.ts:60
MATCH	engine	history_add_full	reference/src/player-history.c	76	false	packages/core/src/player/history.ts:70
INLINE?	engine	history_add_with_flags	reference/src/player-history.c	110	true	identifier present in port sources but not a top-level decl
MATCH	engine	history_add	reference/src/player-history.c	127	false	packages/core/src/player/history.ts:89
MATCH	engine	history_is_artifact_known	reference/src/player-history.c	139	false	packages/core/src/player/history.ts:104
MATCH	engine	history_mark_artifact_known	reference/src/player-history.c	158	true	packages/core/src/player/history.ts:120
MATCH	engine	history_mark_artifact_lost	reference/src/player-history.c	178	true	packages/core/src/player/history.ts:136
INLINE?	engine	get_artifact_name	reference/src/player-history.c	197	true	identifier present in port sources but not a top-level decl
MATCH	engine	history_find_artifact	reference/src/player-history.c	223	false	packages/core/src/player/history.ts:158
MATCH	engine	history_lose_artifact	reference/src/player-history.c	246	false	packages/core/src/player/history.ts:176
MATCH	engine	history_unmask_unknown	reference/src/player-history.c	272	false	packages/core/src/player/history.ts:198
MATCH	engine	history_get_list	reference/src/player-history.c	288	false	packages/core/src/player/history.ts:209
MATCH	engine	is_valid_pf	reference/src/player-path.c	80	true	packages/core/src/game/player-path.ts:349
UNMATCHED	engine	convert_turn_penalty	reference/src/player-path.c	125	true	
UNMATCHED	engine	compute_unlocked_penalty	reference/src/player-path.c	161	true	
INLINE?	engine	compute_locked_penalty	reference/src/player-path.c	177	true	identifier present in port sources but not a top-level decl
INLINE?	engine	compute_rubble_penalty	reference/src/player-path.c	219	true	identifier present in port sources but not a top-level decl
MATCH	engine	prepare_pfdistances	reference/src/player-path.c	307	false	packages/core/src/game/player-path.ts:407
INLINE?	engine	pfdistances_to_turncount	reference/src/player-path.c	479	false	identifier present in port sources but not a top-level decl
INLINE?	engine	pfdistances_to_path	reference/src/player-path.c	506	false	identifier present in port sources but not a top-level decl
UNMATCHED	engine	release_pfdistances	reference/src/player-path.c	595	false	
UNMATCHED	engine	initialize_patched_distances	reference/src/player-path.c	604	true	
UNMATCHED	engine	release_patched_distances	reference/src/player-path.c	631	true	
UNMATCHED	engine	clear_patched_distances	reference/src/player-path.c	649	true	
UNMATCHED	engine	initialize_patch	reference/src/player-path.c	666	true	
UNMATCHED	engine	has_patched_distance	reference/src/player-path.c	698	true	
UNMATCHED	engine	get_patched_distance	reference/src/player-path.c	712	true	
UNMATCHED	engine	set_patched_distance	reference/src/player-path.c	731	true	
UNMATCHED	engine	patched_distances_to_path	reference/src/player-path.c	750	true	
MATCH	engine	path_nearest_known	reference/src/player-path.c	834	false	packages/core/src/game/player-path.ts:588
MATCH	engine	path_nearest_unknown	reference/src/player-path.c	932	false	packages/core/src/game/player-path.ts:669
MATCH	engine	find_path	reference/src/player-path.c	1069	false	packages/core/src/game/player-path.ts:549
MATCH	engine	pathfind_direction_to	reference/src/player-path.c	1347	false	packages/core/src/game/player-path.ts:737
MATCH	engine	see_wall	reference/src/player-path.c	1568	true	packages/core/src/game/player-path.ts:110
MATCH	engine	run_init	reference/src/player-path.c	1606	true	packages/core/src/game/player-path.ts:129
MATCH	engine	run_test	reference/src/player-path.c	1688	true	packages/core/src/game/player-path.ts:205
MATCH	engine	run_step	reference/src/player-path.c	1878	false	packages/core/src/game/player-path.ts:832
MATCH	engine	class_has_ability	reference/src/player-properties.c	28	false	packages/core/src/player/abilities.ts:65
MATCH	engine	race_has_ability	reference/src/player-properties.c	41	false	packages/core/src/player/abilities.ts:76
INLINE?	engine	view_abilities	reference/src/player-properties.c	62	true	identifier present in port sources but not a top-level decl
INLINE?	engine	do_cmd_abilities	reference/src/player-properties.c	96	false	identifier present in port sources but not a top-level decl
UNMATCHED	engine	parse_quest_name	reference/src/player-quest.c	36	true	
UNMATCHED	engine	parse_quest_level	reference/src/player-quest.c	48	true	
UNMATCHED	engine	parse_quest_race	reference/src/player-quest.c	56	true	
UNMATCHED	engine	parse_quest_number	reference/src/player-quest.c	68	true	
UNMATCHED	engine	init_parse_quest	reference/src/player-quest.c	76	false	
UNMATCHED	engine	run_parse_quest	reference/src/player-quest.c	86	true	
INLINE?	engine	finish_parse_quest	reference/src/player-quest.c	90	true	identifier present in port sources but not a top-level decl
UNMATCHED	engine	cleanup_quest	reference/src/player-quest.c	121	true	
MATCH	engine	is_quest	reference/src/player-quest.c	140	false	packages/core/src/game/quest.ts:100
MATCH	engine	player_quests_reset	reference/src/player-quest.c	157	false	packages/core/src/game/quest.ts:85
INLINE?	engine	player_quests_free	reference/src/player-quest.c	176	false	identifier present in port sources but not a top-level decl
MATCH	engine	build_quest_stairs	reference/src/player-quest.c	188	true	packages/core/src/game/quest.ts:135
MATCH	engine	quest_check	reference/src/player-quest.c	219	false	packages/core/src/game/quest.ts:174
INLINE?	engine	player_id2race	reference/src/player-race.c	21	false	identifier present in port sources but not a top-level decl
MATCH	engine	player_spells_init	reference/src/player-spell.c	139	false	packages/core/src/player/spell.ts:164
UNMATCHED	engine	player_spells_free	reference/src/player-spell.c	158	false	
MATCH	engine	class_magic_realms	reference/src/player-spell.c	167	false	packages/core/src/player/spell.ts:172
INLINE?	engine	object_kind_to_book	reference/src/player-spell.c	216	false	identifier present in port sources but not a top-level decl
MATCH	engine	player_object_to_book	reference/src/player-spell.c	237	false	packages/core/src/player/spell.ts:184
MATCH	engine	spell_by_index	reference/src/player-spell.c	250	false	packages/core/src/player/spell.ts:195
MATCH	engine	spell_collect_from_book	reference/src/player-spell.c	271	false	packages/core/src/player/spell.ts:211
MATCH	engine	spell_book_count_spells	reference/src/player-spell.c	299	false	packages/core/src/player/spell.ts:221
UNMATCHED	engine	spell_okay_list	reference/src/player-spell.c	320	false	
MATCH	engine	spell_okay_to_cast	reference/src/player-spell.c	337	false	packages/core/src/player/spell.ts:232
MATCH	engine	spell_okay_to_study	reference/src/player-spell.c	345	false	packages/core/src/player/spell.ts:237
MATCH	engine	spell_okay_to_browse	reference/src/player-spell.c	355	false	packages/core/src/player/spell.ts:247
UNMATCHED	engine	fail_adjust	reference/src/player-spell.c	364	true	
INLINE?	engine	min_fail	reference/src/player-spell.c	373	true	identifier present in port sources but not a top-level decl
MATCH	engine	spell_chance	reference/src/player-spell.c	382	false	packages/core/src/player/spell.ts:284
MATCH	engine	spell_learn	reference/src/player-spell.c	455	false	packages/core/src/player/spell.ts:340
MATCH	engine	beam_chance	reference/src/player-spell.c	486	true	packages/core/src/game/obj-cmd.ts:283
MATCH	engine	spell_cast	reference/src/player-spell.c	495	false	packages/core/src/game/spell-cmd.ts:143
MATCH	engine	spell_needs_aim	reference/src/player-spell.c	563	false	packages/core/src/game/spell-cmd.ts:94
MATCH	engine	append_random_value_string	reference/src/player-spell.c	570	true	packages/core/src/effects/effect-info.ts:683
MATCH	engine	spell_effect_append_value_info	reference/src/player-spell.c	593	true	packages/core/src/effects/effect-info.ts:715
MATCH	engine	get_spell_info	reference/src/player-spell.c	708	false	packages/core/src/effects/effect-info.ts:809
MATCH	engine	timed_name_to_idx	reference/src/player-timed.c	69	false	packages/core/src/effects/effect.ts:175
UNMATCHED	engine	parse_player_timed_name	reference/src/player-timed.c	90	true	
UNMATCHED	engine	parse_player_timed_desc	reference/src/player-timed.c	113	true	
UNMATCHED	engine	parse_player_timed_end_message	reference/src/player-timed.c	126	true	
UNMATCHED	engine	parse_player_timed_increase_message	reference/src/player-timed.c	139	true	
UNMATCHED	engine	parse_player_timed_decrease_message	reference/src/player-timed.c	153	true	
UNMATCHED	engine	parse_player_timed_message_type	reference/src/player-timed.c	167	true	
UNMATCHED	engine	parse_player_timed_fail	reference/src/player-timed.c	181	true	
INLINE?	engine	parse_player_timed_grade	reference/src/player-timed.c	244	true	identifier present in port sources but not a top-level decl
INLINE?	engine	parse_player_timed_resist	reference/src/player-timed.c	343	true	identifier present in port sources but not a top-level decl
UNMATCHED	engine	parse_player_timed_brand	reference/src/player-timed.c	361	true	
UNMATCHED	engine	parse_player_timed_slay	reference/src/player-timed.c	384	true	
INLINE?	engine	parse_player_timed_flag_synonym	reference/src/player-timed.c	407	true	identifier present in port sources but not a top-level decl
UNMATCHED	engine	parse_player_timed_on_begin_effect	reference/src/player-timed.c	427	true	
UNMATCHED	engine	parse_player_timed_on_end_effect	reference/src/player-timed.c	450	true	
UNMATCHED	engine	parse_player_timed_effect_yx	reference/src/player-timed.c	473	true	
UNMATCHED	engine	parse_player_timed_effect_dice	reference/src/player-timed.c	487	true	
UNMATCHED	engine	parse_player_timed_effect_expr	reference/src/player-timed.c	513	true	
UNMATCHED	engine	parse_player_timed_effect_msg	reference/src/player-timed.c	550	true	
UNMATCHED	engine	parse_player_timed_effect_flags	reference/src/player-timed.c	563	true	
UNMATCHED	engine	parse_player_timed_effect_lower_bound	reference/src/player-timed.c	591	true	
UNMATCHED	engine	init_parse_player_timed	reference/src/player-timed.c	614	true	
UNMATCHED	engine	run_parse_player_timed	reference/src/player-timed.c	650	true	
UNMATCHED	engine	finish_parse_player_timed	reference/src/player-timed.c	655	true	
UNMATCHED	engine	cleanup_player_timed	reference/src/player-timed.c	665	true	
MATCH	engine	player_timed_grade_eq	reference/src/player-timed.c	734	false	packages/core/src/player/timed.ts:196
INLINE?	engine	player_of_has_not_timed	reference/src/player-timed.c	747	true	identifier present in port sources but not a top-level decl
MATCH	engine	player_set_timed	reference/src/player-timed.c	787	false	packages/core/src/player/timed.ts:279
MATCH	engine	player_inc_check	reference/src/player-timed.c	923	false	packages/core/src/player/timed.ts:235
MATCH	engine	player_inc_timed	reference/src/player-timed.c	1050	false	packages/core/src/player/timed.ts:379
MATCH	engine	player_dec_timed	reference/src/player-timed.c	1093	false	packages/core/src/player/timed.ts:406
MATCH	engine	player_clear_timed	reference/src/player-timed.c	1123	false	packages/core/src/player/timed.ts:422
INLINE?	engine	dungeon_get_next_level	reference/src/player-util.c	54	false	identifier present in port sources but not a top-level decl
INLINE?	engine	player_set_recall_depth	reference/src/player-util.c	79	false	identifier present in port sources but not a top-level decl
UNMATCHED	engine	player_get_recall_depth	reference/src/player-util.c	100	false	
INLINE?	engine	dungeon_change_level	reference/src/player-util.c	141	false	identifier present in port sources but not a top-level decl
MATCH	engine	player_apply_damage_reduction	reference/src/player-util.c	167	false	packages/core/src/player/take-hit.ts:56
MATCH	engine	take_hit	reference/src/player-util.c	197	false	packages/core/src/player/take-hit.ts:110
INLINE?	engine	death_knowledge	reference/src/player-util.c	281	false	identifier present in port sources but not a top-level decl
MATCH	engine	energy_per_move	reference/src/player-util.c	323	false	packages/core/src/game/player-turn.ts:303
MATCH	engine	modify_stat_value	reference/src/player-util.c	339	false	packages/core/src/player/calcs.ts:230
MATCH	engine	player_scramble_stats	reference/src/player-util.c	375	false	packages/core/src/player/exp.ts:236
MATCH	engine	player_fix_scramble	reference/src/player-util.c	409	false	packages/core/src/player/exp.ts:258
MATCH	engine	player_regen_hp	reference/src/player-util.c	436	false	packages/core/src/game/loop.ts:189
MATCH	engine	player_regen_mana	reference/src/player-util.c	487	false	packages/core/src/game/loop.ts:231
MATCH	engine	player_adjust_hp_precise	reference/src/player-util.c	532	false	packages/core/src/game/loop.ts:92
MATCH	engine	player_adjust_mana_precise	reference/src/player-util.c	585	false	packages/core/src/game/loop.ts:123
MATCH	engine	convert_mana_to_hp	reference/src/player-util.c	655	false	packages/core/src/player/combat-regen.ts:16
MATCH	engine	player_update_light	reference/src/player-util.c	682	false	packages/core/src/game/world.ts:508
INLINE?	engine	player_best_digger	reference/src/player-util.c	744	false	identifier present in port sources but not a top-level decl
MATCH	engine	player_attack_random_monster	reference/src/player-util.c	794	false	packages/core/src/game/player-turn.ts:316
MATCH	engine	player_over_exert	reference/src/player-util.c	820	false	packages/core/src/game/world.ts:246
MATCH	engine	player_check_terrain_damage	reference/src/player-util.c	913	false	packages/core/src/game/world.ts:189
MATCH	engine	player_take_terrain_damage	reference/src/player-util.c	940	false	packages/core/src/game/world.ts:222
UNMATCHED	engine	lookup_player_shape	reference/src/player-util.c	971	false	
INLINE?	engine	shape_name_to_idx	reference/src/player-util.c	987	false	identifier present in port sources but not a top-level decl
UNMATCHED	engine	player_shape_by_idx	reference/src/player-util.c	1000	false	
MATCH	engine	player_get_resume_normal_shape	reference/src/player-util.c	1022	false	packages/core/src/game/obj-cmd.ts:600
MATCH	engine	player_resume_normal_shape	reference/src/player-util.c	1048	false	packages/core/src/game/obj-cmd.ts:583
MATCH	engine	player_is_shapechanged	reference/src/player-util.c	1065	false	packages/core/src/game/display.ts:262 | packages/core/src/game/obj-cmd.ts:575
MATCH	engine	player_is_trapsafe	reference/src/player-util.c	1073	false	packages/core/src/game/trap.ts:87
MATCH	engine	player_can_cast	reference/src/player-util.c	1087	false	packages/core/src/game/spell-cmd.ts:101
INLINE?	engine	player_can_study	reference/src/player-util.c	1120	false	identifier present in port sources but not a top-level decl
UNMATCHED	engine	player_can_read	reference/src/player-util.c	1166	false	
UNMATCHED	engine	player_can_fire	reference/src/player-util.c	1206	false	
UNMATCHED	engine	player_can_refuel	reference/src/player-util.c	1227	false	
UNMATCHED	engine	player_can_cast_prereq	reference/src/player-util.c	1246	false	
UNMATCHED	engine	player_can_study_prereq	reference/src/player-util.c	1255	false	
UNMATCHED	engine	player_can_read_prereq	reference/src/player-util.c	1264	false	
UNMATCHED	engine	player_can_fire_prereq	reference/src/player-util.c	1278	false	
UNMATCHED	engine	player_can_refuel_prereq	reference/src/player-util.c	1287	false	
INLINE?	engine	player_can_debug_prereq	reference/src/player-util.c	1296	false	identifier present in port sources but not a top-level decl
INLINE?	engine	player_book_has_unlearned_spells	reference/src/player-util.c	1315	false	identifier present in port sources but not a top-level decl
MATCH	engine	player_confuse_dir	reference/src/player-util.c	1353	false	packages/core/src/game/obj-cmd.ts:619
MATCH	engine	player_resting_is_special	reference/src/player-util.c	1382	false	packages/core/src/game/loop.ts:157
MATCH	engine	player_is_resting	reference/src/player-util.c	1397	false	packages/core/src/game/loop.ts:177
INLINE?	engine	player_resting_count	reference/src/player-util.c	1406	false	identifier present in port sources but not a top-level decl
INLINE?	engine	player_resting_set_count	reference/src/player-util.c	1425	false	identifier present in port sources but not a top-level decl
INLINE?	engine	player_resting_cancel	reference/src/player-util.c	1450	false	identifier present in port sources but not a top-level decl
MATCH	engine	player_resting_can_regenerate	reference/src/player-util.c	1461	false	packages/core/src/game/loop.ts:167
INLINE?	engine	player_resting_step_turn	reference/src/player-util.c	1472	false	identifier present in port sources but not a top-level decl
INLINE?	engine	player_resting_complete_special	reference/src/player-util.c	1495	false	identifier present in port sources but not a top-level decl
UNMATCHED	engine	player_get_resting_repeat_count	reference/src/player-util.c	1530	false	
UNMATCHED	engine	player_set_resting_repeat_count	reference/src/player-util.c	1541	false	
MATCH	engine	player_of_has	reference/src/player-util.c	1549	false	packages/core/src/game/effect-general.ts:123 | packages/core/src/game/mon-side.ts:103 | packages/core/src/game/player-side.ts:125
INLINE?	engine	player_resists	reference/src/player-util.c	1558	false	identifier present in port sources but not a top-level decl
INLINE?	engine	player_is_immune	reference/src/player-util.c	1566	false	identifier present in port sources but not a top-level decl
INLINE?	engine	player_place	reference/src/player-util.c	1574	false	identifier present in port sources but not a top-level decl
INLINE?	engine	player_handle_post_move	reference/src/player-util.c	1598	false	identifier present in port sources but not a top-level decl
MATCH	engine	disturb	reference/src/player-util.c	1645	false	packages/core/src/game/player-path.ts:93
INLINE?	engine	search	reference/src/player-util.c	1680	false	identifier present in port sources but not a top-level decl
UNMATCHED	engine	player_has_monster_in_view	reference/src/player-util.c	1721	false	
MATCH	engine	stat_name_to_idx	reference/src/player.c	111	false	packages/core/src/effects/effect.ts:193 | packages/core/src/player/bind.ts:332
UNMATCHED	engine	stat_idx_to_name	reference/src/player.c	122	false	
INLINE?	engine	lookup_realm	reference/src/player.c	130	false	identifier present in port sources but not a top-level decl
MATCH	engine	player_stat_inc	reference/src/player.c	145	false	packages/core/src/player/exp.ts:180
MATCH	engine	player_stat_dec	reference/src/player.c	171	false	packages/core/src/player/exp.ts:205
MATCH	engine	adjust_level	reference/src/player.c	208	true	packages/core/src/player/exp.ts:92
MATCH	engine	player_exp_gain	reference/src/player.c	269	false	packages/core/src/player/exp.ts:137
MATCH	engine	player_exp_lose	reference/src/player.c	277	false	packages/core/src/player/exp.ts:144
MATCH	engine	player_flags	reference/src/player.c	290	false	packages/core/src/player/calcs.ts:427
INLINE?	engine	player_flags_timed	reference/src/player.c	310	false	identifier present in port sources but not a top-level decl
MATCH	engine	player_hp_attr	reference/src/player.c	323	false	packages/core/src/player/calcs.ts:448
MATCH	engine	player_sp_attr	reference/src/player.c	337	false	packages/core/src/player/calcs.ts:461
UNMATCHED	engine	player_restore_mana	reference/src/player.c	351	false	
UNMATCHED	engine	player_random_name	reference/src/player.c	375	false	
INLINE?	engine	player_safe_name	reference/src/player.c	389	false	identifier present in port sources but not a top-level decl
UNMATCHED	engine	player_cleanup_members	reference/src/player.c	430	false	
UNMATCHED	engine	init_player	reference/src/player.c	476	true	
UNMATCHED	engine	cleanup_player	reference/src/player.c	497	true	
UNMATCHED	engine	project_feature_handler_LIGHT_WEAK	reference/src/project-feat.c	49	true	
UNMATCHED	engine	project_feature_handler_DARK_WEAK	reference/src/project-feat.c	69	true	
UNMATCHED	engine	project_feature_handler_KILL_WALL	reference/src/project-feat.c	89	true	
UNMATCHED	engine	project_feature_handler_KILL_DOOR	reference/src/project-feat.c	188	true	
UNMATCHED	engine	project_feature_handler_KILL_TRAP	reference/src/project-feat.c	216	true	
UNMATCHED	engine	project_feature_handler_MAKE_DOOR	reference/src/project-feat.c	252	true	
UNMATCHED	engine	project_feature_handler_MAKE_TRAP	reference/src/project-feat.c	278	true	
UNMATCHED	engine	project_feature_handler_ACID	reference/src/project-feat.c	294	true	
UNMATCHED	engine	project_feature_handler_ELEC	reference/src/project-feat.c	303	true	
UNMATCHED	engine	project_feature_handler_FIRE	reference/src/project-feat.c	312	true	
UNMATCHED	engine	project_feature_handler_COLD	reference/src/project-feat.c	342	true	
UNMATCHED	engine	project_feature_handler_POIS	reference/src/project-feat.c	368	true	
UNMATCHED	engine	project_feature_handler_LIGHT	reference/src/project-feat.c	378	true	
UNMATCHED	engine	project_feature_handler_DARK	reference/src/project-feat.c	384	true	
UNMATCHED	engine	project_feature_handler_SOUND	reference/src/project-feat.c	389	true	
UNMATCHED	engine	project_feature_handler_SHARD	reference/src/project-feat.c	398	true	
UNMATCHED	engine	project_feature_handler_NEXUS	reference/src/project-feat.c	407	true	
UNMATCHED	engine	project_feature_handler_NETHER	reference/src/project-feat.c	416	true	
UNMATCHED	engine	project_feature_handler_CHAOS	reference/src/project-feat.c	425	true	
UNMATCHED	engine	project_feature_handler_DISEN	reference/src/project-feat.c	434	true	
UNMATCHED	engine	project_feature_handler_WATER	reference/src/project-feat.c	443	true	
UNMATCHED	engine	project_feature_handler_ICE	reference/src/project-feat.c	452	true	
UNMATCHED	engine	project_feature_handler_GRAVITY	reference/src/project-feat.c	478	true	
UNMATCHED	engine	project_feature_handler_INERTIA	reference/src/project-feat.c	487	true	
UNMATCHED	engine	project_feature_handler_FORCE	reference/src/project-feat.c	496	true	
UNMATCHED	engine	project_feature_handler_TIME	reference/src/project-feat.c	505	true	
UNMATCHED	engine	project_feature_handler_PLASMA	reference/src/project-feat.c	514	true	
UNMATCHED	engine	project_feature_handler_METEOR	reference/src/project-feat.c	536	true	
UNMATCHED	engine	project_feature_handler_MISSILE	reference/src/project-feat.c	545	true	
UNMATCHED	engine	project_feature_handler_MANA	reference/src/project-feat.c	554	true	
UNMATCHED	engine	project_feature_handler_HOLY_ORB	reference/src/project-feat.c	563	true	
UNMATCHED	engine	project_feature_handler_ARROW	reference/src/project-feat.c	572	true	
UNMATCHED	engine	project_feature_handler_AWAY_UNDEAD	reference/src/project-feat.c	581	true	
UNMATCHED	engine	project_feature_handler_AWAY_EVIL	reference/src/project-feat.c	585	true	
UNMATCHED	engine	project_feature_handler_AWAY_SPIRIT	reference/src/project-feat.c	589	true	
UNMATCHED	engine	project_feature_handler_AWAY_ALL	reference/src/project-feat.c	593	true	
UNMATCHED	engine	project_feature_handler_TURN_UNDEAD	reference/src/project-feat.c	597	true	
UNMATCHED	engine	project_feature_handler_TURN_EVIL	reference/src/project-feat.c	601	true	
UNMATCHED	engine	project_feature_handler_TURN_LIVING	reference/src/project-feat.c	605	true	
UNMATCHED	engine	project_feature_handler_TURN_ALL	reference/src/project-feat.c	609	true	
UNMATCHED	engine	project_feature_handler_DISP_UNDEAD	reference/src/project-feat.c	613	true	
UNMATCHED	engine	project_feature_handler_DISP_EVIL	reference/src/project-feat.c	617	true	
UNMATCHED	engine	project_feature_handler_DISP_ALL	reference/src/project-feat.c	621	true	
UNMATCHED	engine	project_feature_handler_SLEEP_UNDEAD	reference/src/project-feat.c	625	true	
UNMATCHED	engine	project_feature_handler_SLEEP_EVIL	reference/src/project-feat.c	629	true	
UNMATCHED	engine	project_feature_handler_SLEEP_ALL	reference/src/project-feat.c	633	true	
UNMATCHED	engine	project_feature_handler_MON_CLONE	reference/src/project-feat.c	637	true	
UNMATCHED	engine	project_feature_handler_MON_POLY	reference/src/project-feat.c	641	true	
UNMATCHED	engine	project_feature_handler_MON_HEAL	reference/src/project-feat.c	645	true	
UNMATCHED	engine	project_feature_handler_MON_SPEED	reference/src/project-feat.c	649	true	
UNMATCHED	engine	project_feature_handler_MON_SLOW	reference/src/project-feat.c	653	true	
UNMATCHED	engine	project_feature_handler_MON_CONF	reference/src/project-feat.c	657	true	
UNMATCHED	engine	project_feature_handler_MON_HOLD	reference/src/project-feat.c	661	true	
UNMATCHED	engine	project_feature_handler_MON_STUN	reference/src/project-feat.c	665	true	
UNMATCHED	engine	project_feature_handler_MON_DRAIN	reference/src/project-feat.c	669	true	
UNMATCHED	engine	project_feature_handler_MON_CRUSH	reference/src/project-feat.c	673	true	
INLINE?	engine	project_f	reference/src/project-feat.c	705	false	identifier present in port sources but not a top-level decl
INLINE?	engine	poly_race	reference/src/project-mon.c	45	true	identifier present in port sources but not a top-level decl
MATCH	engine	thrust_away	reference/src/project-mon.c	87	false	packages/core/src/game/thrust.ts:78
MATCH	engine	adjust_radius	reference/src/project-mon.c	261	true	packages/core/src/mon/project-mon.ts:145
INLINE?	engine	project_monster_resist_element	reference/src/project-mon.c	276	true	identifier present in port sources but not a top-level decl
INLINE?	engine	project_monster_resist_other	reference/src/project-mon.c	299	true	identifier present in port sources but not a top-level decl
INLINE?	engine	project_monster_hurt_immune	reference/src/project-mon.c	326	true	identifier present in port sources but not a top-level decl
INLINE?	engine	project_monster_hurt_only	reference/src/project-mon.c	355	true	identifier present in port sources but not a top-level decl
INLINE?	engine	project_monster_breath	reference/src/project-mon.c	379	true	identifier present in port sources but not a top-level decl
INLINE?	engine	project_monster_teleport_away	reference/src/project-mon.c	401	true	identifier present in port sources but not a top-level decl
INLINE?	engine	project_monster_scare	reference/src/project-mon.c	427	true	identifier present in port sources but not a top-level decl
INLINE?	engine	project_monster_dispel	reference/src/project-mon.c	454	true	identifier present in port sources but not a top-level decl
INLINE?	engine	project_monster_sleep	reference/src/project-mon.c	480	true	identifier present in port sources but not a top-level decl
UNMATCHED	engine	project_monster_handler_ACID	reference/src/project-mon.c	499	true	
UNMATCHED	engine	project_monster_handler_ELEC	reference/src/project-mon.c	505	true	
UNMATCHED	engine	project_monster_handler_FIRE	reference/src/project-mon.c	511	true	
UNMATCHED	engine	project_monster_handler_COLD	reference/src/project-mon.c	517	true	
UNMATCHED	engine	project_monster_handler_POIS	reference/src/project-mon.c	523	true	
UNMATCHED	engine	project_monster_handler_LIGHT	reference/src/project-mon.c	529	true	
UNMATCHED	engine	project_monster_handler_DARK	reference/src/project-mon.c	549	true	
UNMATCHED	engine	project_monster_handler_SOUND	reference/src/project-mon.c	555	true	
UNMATCHED	engine	project_monster_handler_SHARD	reference/src/project-mon.c	565	true	
UNMATCHED	engine	project_monster_handler_NEXUS	reference/src/project-mon.c	571	true	
UNMATCHED	engine	project_monster_handler_NETHER	reference/src/project-mon.c	585	true	
UNMATCHED	engine	project_monster_handler_CHAOS	reference/src/project-mon.c	623	true	
UNMATCHED	engine	project_monster_handler_DISEN	reference/src/project-mon.c	638	true	
UNMATCHED	engine	project_monster_handler_WATER	reference/src/project-mon.c	651	true	
UNMATCHED	engine	project_monster_handler_ICE	reference/src/project-mon.c	658	true	
UNMATCHED	engine	project_monster_handler_GRAVITY	reference/src/project-mon.c	668	true	
UNMATCHED	engine	project_monster_handler_INERTIA	reference/src/project-mon.c	682	true	
UNMATCHED	engine	project_monster_handler_FORCE	reference/src/project-mon.c	688	true	
UNMATCHED	engine	project_monster_handler_TIME	reference/src/project-mon.c	708	true	
UNMATCHED	engine	project_monster_handler_PLASMA	reference/src/project-mon.c	714	true	
UNMATCHED	engine	project_monster_handler_METEOR	reference/src/project-mon.c	719	true	
UNMATCHED	engine	project_monster_handler_MISSILE	reference/src/project-mon.c	723	true	
UNMATCHED	engine	project_monster_handler_MANA	reference/src/project-mon.c	727	true	
UNMATCHED	engine	project_monster_handler_HOLY_ORB	reference/src/project-mon.c	732	true	
UNMATCHED	engine	project_monster_handler_ARROW	reference/src/project-mon.c	737	true	
UNMATCHED	engine	project_monster_handler_LIGHT_WEAK	reference/src/project-mon.c	742	true	
UNMATCHED	engine	project_monster_handler_DARK_WEAK	reference/src/project-mon.c	747	true	
UNMATCHED	engine	project_monster_handler_KILL_WALL	reference/src/project-mon.c	754	true	
UNMATCHED	engine	project_monster_handler_KILL_DOOR	reference/src/project-mon.c	759	true	
UNMATCHED	engine	project_monster_handler_KILL_TRAP	reference/src/project-mon.c	765	true	
UNMATCHED	engine	project_monster_handler_MAKE_DOOR	reference/src/project-mon.c	771	true	
UNMATCHED	engine	project_monster_handler_MAKE_TRAP	reference/src/project-mon.c	777	true	
UNMATCHED	engine	project_monster_handler_AWAY_UNDEAD	reference/src/project-mon.c	784	true	
UNMATCHED	engine	project_monster_handler_AWAY_EVIL	reference/src/project-mon.c	790	true	
UNMATCHED	engine	project_monster_handler_AWAY_SPIRIT	reference/src/project-mon.c	796	true	
UNMATCHED	engine	project_monster_handler_AWAY_ALL	reference/src/project-mon.c	802	true	
UNMATCHED	engine	project_monster_handler_TURN_UNDEAD	reference/src/project-mon.c	813	true	
UNMATCHED	engine	project_monster_handler_TURN_EVIL	reference/src/project-mon.c	819	true	
UNMATCHED	engine	project_monster_handler_TURN_LIVING	reference/src/project-mon.c	825	true	
UNMATCHED	engine	project_monster_handler_TURN_ALL	reference/src/project-mon.c	844	true	
UNMATCHED	engine	project_monster_handler_DISP_UNDEAD	reference/src/project-mon.c	851	true	
UNMATCHED	engine	project_monster_handler_DISP_EVIL	reference/src/project-mon.c	857	true	
UNMATCHED	engine	project_monster_handler_DISP_ALL	reference/src/project-mon.c	863	true	
UNMATCHED	engine	project_monster_handler_SLEEP_UNDEAD	reference/src/project-mon.c	870	true	
UNMATCHED	engine	project_monster_handler_SLEEP_EVIL	reference/src/project-mon.c	876	true	
UNMATCHED	engine	project_monster_handler_SLEEP_ALL	reference/src/project-mon.c	882	true	
UNMATCHED	engine	project_monster_handler_MON_CLONE	reference/src/project-mon.c	888	true	
UNMATCHED	engine	project_monster_handler_MON_POLY	reference/src/project-mon.c	906	true	
UNMATCHED	engine	project_monster_handler_MON_HEAL	reference/src/project-mon.c	919	true	
UNMATCHED	engine	project_monster_handler_MON_SPEED	reference/src/project-mon.c	940	true	
UNMATCHED	engine	project_monster_handler_MON_SLOW	reference/src/project-mon.c	947	true	
UNMATCHED	engine	project_monster_handler_MON_CONF	reference/src/project-mon.c	957	true	
UNMATCHED	engine	project_monster_handler_MON_HOLD	reference/src/project-mon.c	967	true	
UNMATCHED	engine	project_monster_handler_MON_STUN	reference/src/project-mon.c	977	true	
UNMATCHED	engine	project_monster_handler_MON_DRAIN	reference/src/project-mon.c	987	true	
UNMATCHED	engine	project_monster_handler_MON_CRUSH	reference/src/project-mon.c	1001	true	
INLINE?	engine	project_m_monster_attack	reference/src/project-mon.c	1034	true	identifier present in port sources but not a top-level decl
INLINE?	engine	project_m_player_attack	reference/src/project-mon.c	1102	true	identifier present in port sources but not a top-level decl
INLINE?	engine	project_m_apply_side_effects	reference/src/project-mon.c	1177	true	identifier present in port sources but not a top-level decl
INLINE?	engine	project_m	reference/src/project-mon.c	1328	false	identifier present in port sources but not a top-level decl
MATCH	engine	inven_damage	reference/src/project-obj.c	42	false	packages/core/src/game/project-obj.ts:231
INLINE?	engine	project_object_elemental	reference/src/project-obj.c	199	true	identifier present in port sources but not a top-level decl
UNMATCHED	engine	project_object_handler_ACID	reference/src/project-obj.c	213	true	
UNMATCHED	engine	project_object_handler_ELEC	reference/src/project-obj.c	219	true	
UNMATCHED	engine	project_object_handler_FIRE	reference/src/project-obj.c	225	true	
UNMATCHED	engine	project_object_handler_COLD	reference/src/project-obj.c	231	true	
UNMATCHED	engine	project_object_handler_POIS	reference/src/project-obj.c	236	true	
UNMATCHED	engine	project_object_handler_LIGHT	reference/src/project-obj.c	240	true	
UNMATCHED	engine	project_object_handler_DARK	reference/src/project-obj.c	244	true	
UNMATCHED	engine	project_object_handler_SOUND	reference/src/project-obj.c	249	true	
UNMATCHED	engine	project_object_handler_SHARD	reference/src/project-obj.c	255	true	
UNMATCHED	engine	project_object_handler_NEXUS	reference/src/project-obj.c	260	true	
UNMATCHED	engine	project_object_handler_NETHER	reference/src/project-obj.c	264	true	
UNMATCHED	engine	project_object_handler_CHAOS	reference/src/project-obj.c	268	true	
UNMATCHED	engine	project_object_handler_DISEN	reference/src/project-obj.c	272	true	
UNMATCHED	engine	project_object_handler_WATER	reference/src/project-obj.c	276	true	
UNMATCHED	engine	project_object_handler_ICE	reference/src/project-obj.c	281	true	
UNMATCHED	engine	project_object_handler_GRAVITY	reference/src/project-obj.c	286	true	
UNMATCHED	engine	project_object_handler_INERTIA	reference/src/project-obj.c	290	true	
UNMATCHED	engine	project_object_handler_FORCE	reference/src/project-obj.c	295	true	
UNMATCHED	engine	project_object_handler_TIME	reference/src/project-obj.c	300	true	
UNMATCHED	engine	project_object_handler_PLASMA	reference/src/project-obj.c	305	true	
UNMATCHED	engine	project_object_handler_METEOR	reference/src/project-obj.c	312	true	
UNMATCHED	engine	project_object_handler_MISSILE	reference/src/project-obj.c	318	true	
UNMATCHED	engine	project_object_handler_MANA	reference/src/project-obj.c	323	true	
UNMATCHED	engine	project_object_handler_HOLY_ORB	reference/src/project-obj.c	330	true	
UNMATCHED	engine	project_object_handler_ARROW	reference/src/project-obj.c	334	true	
UNMATCHED	engine	project_object_handler_LIGHT_WEAK	reference/src/project-obj.c	338	true	
UNMATCHED	engine	project_object_handler_DARK_WEAK	reference/src/project-obj.c	342	true	
UNMATCHED	engine	project_object_handler_KILL_WALL	reference/src/project-obj.c	346	true	
UNMATCHED	engine	project_object_handler_KILL_DOOR	reference/src/project-obj.c	350	true	
INLINE?	engine	project_object_handler_KILL_TRAP	reference/src/project-obj.c	355	true	identifier present in port sources but not a top-level decl
UNMATCHED	engine	project_object_handler_MAKE_DOOR	reference/src/project-obj.c	372	true	
UNMATCHED	engine	project_object_handler_MAKE_TRAP	reference/src/project-obj.c	376	true	
UNMATCHED	engine	project_object_handler_AWAY_UNDEAD	reference/src/project-obj.c	380	true	
UNMATCHED	engine	project_object_handler_AWAY_EVIL	reference/src/project-obj.c	384	true	
UNMATCHED	engine	project_object_handler_AWAY_SPIRIT	reference/src/project-obj.c	388	true	
UNMATCHED	engine	project_object_handler_AWAY_ALL	reference/src/project-obj.c	392	true	
UNMATCHED	engine	project_object_handler_TURN_UNDEAD	reference/src/project-obj.c	396	true	
UNMATCHED	engine	project_object_handler_TURN_EVIL	reference/src/project-obj.c	400	true	
UNMATCHED	engine	project_object_handler_TURN_LIVING	reference/src/project-obj.c	404	true	
UNMATCHED	engine	project_object_handler_TURN_ALL	reference/src/project-obj.c	408	true	
UNMATCHED	engine	project_object_handler_DISP_UNDEAD	reference/src/project-obj.c	412	true	
UNMATCHED	engine	project_object_handler_DISP_EVIL	reference/src/project-obj.c	416	true	
UNMATCHED	engine	project_object_handler_DISP_ALL	reference/src/project-obj.c	420	true	
UNMATCHED	engine	project_object_handler_SLEEP_UNDEAD	reference/src/project-obj.c	424	true	
UNMATCHED	engine	project_object_handler_SLEEP_EVIL	reference/src/project-obj.c	428	true	
UNMATCHED	engine	project_object_handler_SLEEP_ALL	reference/src/project-obj.c	432	true	
UNMATCHED	engine	project_object_handler_MON_CLONE	reference/src/project-obj.c	436	true	
UNMATCHED	engine	project_object_handler_MON_POLY	reference/src/project-obj.c	440	true	
UNMATCHED	engine	project_object_handler_MON_HEAL	reference/src/project-obj.c	444	true	
UNMATCHED	engine	project_object_handler_MON_SPEED	reference/src/project-obj.c	448	true	
UNMATCHED	engine	project_object_handler_MON_SLOW	reference/src/project-obj.c	452	true	
UNMATCHED	engine	project_object_handler_MON_CONF	reference/src/project-obj.c	456	true	
UNMATCHED	engine	project_object_handler_MON_HOLD	reference/src/project-obj.c	460	true	
UNMATCHED	engine	project_object_handler_MON_STUN	reference/src/project-obj.c	464	true	
UNMATCHED	engine	project_object_handler_MON_DRAIN	reference/src/project-obj.c	468	true	
UNMATCHED	engine	project_object_handler_MON_CRUSH	reference/src/project-obj.c	472	true	
INLINE?	engine	project_o	reference/src/project-obj.c	506	false	identifier present in port sources but not a top-level decl
MATCH	engine	adjust_dam	reference/src/project-player.c	48	false	packages/core/src/world/projection.ts:156
INLINE?	engine	project_player_drain_stats	reference/src/project-player.c	111	true	identifier present in port sources but not a top-level decl
UNMATCHED	engine	project_player_handler_ACID	reference/src/project-player.c	147	true	
UNMATCHED	engine	project_player_handler_ELEC	reference/src/project-player.c	154	true	
UNMATCHED	engine	project_player_handler_FIRE	reference/src/project-player.c	161	true	
UNMATCHED	engine	project_player_handler_COLD	reference/src/project-player.c	191	true	
UNMATCHED	engine	project_player_handler_POIS	reference/src/project-player.c	216	true	
UNMATCHED	engine	project_player_handler_LIGHT	reference/src/project-player.c	246	true	
UNMATCHED	engine	project_player_handler_DARK	reference/src/project-player.c	268	true	
UNMATCHED	engine	project_player_handler_SOUND	reference/src/project-player.c	308	true	
UNMATCHED	engine	project_player_handler_SHARD	reference/src/project-player.c	337	true	
UNMATCHED	engine	project_player_handler_NEXUS	reference/src/project-player.c	350	true	
UNMATCHED	engine	project_player_handler_NETHER	reference/src/project-player.c	387	true	
UNMATCHED	engine	project_player_handler_CHAOS	reference/src/project-player.c	420	true	
UNMATCHED	engine	project_player_handler_DISEN	reference/src/project-player.c	446	true	
UNMATCHED	engine	project_player_handler_WATER	reference/src/project-player.c	458	true	
UNMATCHED	engine	project_player_handler_ICE	reference/src/project-player.c	470	true	
UNMATCHED	engine	project_player_handler_GRAVITY	reference/src/project-player.c	489	true	
UNMATCHED	engine	project_player_handler_INERTIA	reference/src/project-player.c	515	true	
UNMATCHED	engine	project_player_handler_FORCE	reference/src/project-player.c	523	true	
UNMATCHED	engine	project_player_handler_TIME	reference/src/project-player.c	542	true	
UNMATCHED	engine	project_player_handler_PLASMA	reference/src/project-player.c	563	true	
UNMATCHED	engine	project_player_handler_METEOR	reference/src/project-player.c	577	true	
UNMATCHED	engine	project_player_handler_MISSILE	reference/src/project-player.c	582	true	
UNMATCHED	engine	project_player_handler_MANA	reference/src/project-player.c	587	true	
UNMATCHED	engine	project_player_handler_HOLY_ORB	reference/src/project-player.c	592	true	
UNMATCHED	engine	project_player_handler_ARROW	reference/src/project-player.c	597	true	
UNMATCHED	engine	project_player_handler_LIGHT_WEAK	reference/src/project-player.c	602	true	
INLINE?	engine	project_player_handler_DARK_WEAK	reference/src/project-player.c	607	true	identifier present in port sources but not a top-level decl
UNMATCHED	engine	project_player_handler_KILL_WALL	reference/src/project-player.c	621	true	
UNMATCHED	engine	project_player_handler_KILL_DOOR	reference/src/project-player.c	626	true	
UNMATCHED	engine	project_player_handler_KILL_TRAP	reference/src/project-player.c	631	true	
UNMATCHED	engine	project_player_handler_MAKE_DOOR	reference/src/project-player.c	636	true	
UNMATCHED	engine	project_player_handler_MAKE_TRAP	reference/src/project-player.c	641	true	
UNMATCHED	engine	project_player_handler_AWAY_UNDEAD	reference/src/project-player.c	646	true	
UNMATCHED	engine	project_player_handler_AWAY_EVIL	reference/src/project-player.c	651	true	
UNMATCHED	engine	project_player_handler_AWAY_SPIRIT	reference/src/project-player.c	656	true	
UNMATCHED	engine	project_player_handler_AWAY_ALL	reference/src/project-player.c	661	true	
UNMATCHED	engine	project_player_handler_TURN_UNDEAD	reference/src/project-player.c	666	true	
UNMATCHED	engine	project_player_handler_TURN_EVIL	reference/src/project-player.c	671	true	
UNMATCHED	engine	project_player_handler_TURN_LIVING	reference/src/project-player.c	676	true	
UNMATCHED	engine	project_player_handler_TURN_ALL	reference/src/project-player.c	681	true	
UNMATCHED	engine	project_player_handler_DISP_UNDEAD	reference/src/project-player.c	686	true	
UNMATCHED	engine	project_player_handler_DISP_EVIL	reference/src/project-player.c	691	true	
UNMATCHED	engine	project_player_handler_DISP_ALL	reference/src/project-player.c	696	true	
UNMATCHED	engine	project_player_handler_SLEEP_UNDEAD	reference/src/project-player.c	701	true	
UNMATCHED	engine	project_player_handler_SLEEP_EVIL	reference/src/project-player.c	706	true	
UNMATCHED	engine	project_player_handler_SLEEP_ALL	reference/src/project-player.c	711	true	
UNMATCHED	engine	project_player_handler_MON_CLONE	reference/src/project-player.c	716	true	
UNMATCHED	engine	project_player_handler_MON_POLY	reference/src/project-player.c	721	true	
UNMATCHED	engine	project_player_handler_MON_HEAL	reference/src/project-player.c	726	true	
UNMATCHED	engine	project_player_handler_MON_SPEED	reference/src/project-player.c	731	true	
UNMATCHED	engine	project_player_handler_MON_SLOW	reference/src/project-player.c	736	true	
UNMATCHED	engine	project_player_handler_MON_CONF	reference/src/project-player.c	741	true	
UNMATCHED	engine	project_player_handler_MON_HOLD	reference/src/project-player.c	746	true	
UNMATCHED	engine	project_player_handler_MON_STUN	reference/src/project-player.c	751	true	
UNMATCHED	engine	project_player_handler_MON_DRAIN	reference/src/project-player.c	756	true	
UNMATCHED	engine	project_player_handler_MON_CRUSH	reference/src/project-player.c	761	true	
INLINE?	engine	project_p	reference/src/project-player.c	800	false	identifier present in port sources but not a top-level decl
MATCH	engine	proj_name_to_idx	reference/src/project.c	60	false	packages/core/src/effects/effect.ts:167
UNMATCHED	engine	proj_idx_to_name	reference/src/project.c	71	false	
MATCH	engine	project_path	reference/src/project.c	123	false	packages/core/src/world/project.ts:58
MATCH	engine	projectable	reference/src/project.c	366	false	packages/core/src/world/project.ts:180
INLINE?	engine	origin_get_loc	reference/src/project.c	406	false	identifier present in port sources but not a top-level decl
MATCH	engine	project	reference/src/project.c	576	false	packages/core/src/world/project.ts:593 | packages/core/src/world/project.ts:29
MATCH	engine	build_prob	reference/src/randname.c	41	true	packages/core/src/obj/randname.ts:51
MATCH	engine	randname_make	reference/src/randname.c	77	false	packages/core/src/obj/randname.ts:80
MATCH	engine	is_a_vowel	reference/src/randname.c	178	false	packages/core/src/game/target-loop.ts:86 | packages/core/src/mon/desc.ts:64 | packages/core/src/obj/desc.ts:103 | packages/core/src/obj/object-info.ts:260 | packages/core/src/obj/randname.ts:39
UNMATCHED	engine	save_charoutput	reference/src/save-charoutput.c	25	false	
UNMATCHED	engine	wr_description	reference/src/save.c	49	false	
INLINE?	engine	wr_item	reference/src/save.c	72	true	identifier present in port sources but not a top-level decl
INLINE?	engine	wr_monster	reference/src/save.c	204	true	identifier present in port sources but not a top-level decl
UNMATCHED	engine	wr_trap	reference/src/save.c	261	true	
INLINE?	engine	wr_randomizer	reference/src/save.c	286	false	identifier present in port sources but not a top-level decl
UNMATCHED	engine	wr_options	reference/src/save.c	314	false	
INLINE?	engine	wr_messages	reference/src/save.c	339	false	identifier present in port sources but not a top-level decl
UNMATCHED	engine	wr_monster_memory	reference/src/save.c	356	false	
UNMATCHED	engine	wr_object_memory	reference/src/save.c	377	false	
UNMATCHED	engine	wr_quests	reference/src/save.c	405	false	
INLINE?	engine	wr_player	reference/src/save.c	418	false	identifier present in port sources but not a top-level decl
UNMATCHED	engine	wr_ignore	reference/src/save.c	514	false	
UNMATCHED	engine	wr_misc	reference/src/save.c	610	false	
UNMATCHED	engine	wr_artifacts	reference/src/save.c	674	false	
UNMATCHED	engine	wr_player_hp	reference/src/save.c	692	false	
UNMATCHED	engine	wr_player_spells	reference/src/save.c	702	false	
UNMATCHED	engine	wr_gear_aux	reference/src/save.c	715	true	
UNMATCHED	engine	wr_gear	reference/src/save.c	737	false	
INLINE?	engine	wr_stores	reference/src/save.c	744	false	identifier present in port sources but not a top-level decl
UNMATCHED	engine	wr_dungeon_aux	reference/src/save.c	774	true	
UNMATCHED	engine	wr_objects_aux	reference/src/save.c	873	true	
UNMATCHED	engine	wr_monsters_aux	reference/src/save.c	915	true	
UNMATCHED	engine	wr_traps_aux	reference/src/save.c	933	true	
UNMATCHED	engine	wr_dungeon	reference/src/save.c	959	false	
UNMATCHED	engine	wr_objects	reference/src/save.c	980	false	
UNMATCHED	engine	wr_monsters	reference/src/save.c	986	false	
UNMATCHED	engine	wr_traps	reference/src/save.c	992	false	
INLINE?	engine	wr_chunks	reference/src/save.c	1001	false	identifier present in port sources but not a top-level decl
UNMATCHED	engine	wr_history	reference/src/save.c	1048	false	
INLINE?	engine	note	reference/src/savefile.c	179	false	identifier present in port sources but not a top-level decl
INLINE?	engine	sf_put	reference/src/savefile.c	190	true	identifier present in port sources but not a top-level decl
INLINE?	engine	sf_get	reference/src/savefile.c	207	true	identifier present in port sources but not a top-level decl
INLINE?	engine	wr_byte	reference/src/savefile.c	223	false	identifier present in port sources but not a top-level decl
INLINE?	engine	wr_u16b	reference/src/savefile.c	228	false	identifier present in port sources but not a top-level decl
INLINE?	engine	wr_s16b	reference/src/savefile.c	234	false	identifier present in port sources but not a top-level decl
INLINE?	engine	wr_u32b	reference/src/savefile.c	239	false	identifier present in port sources but not a top-level decl
INLINE?	engine	wr_s32b	reference/src/savefile.c	247	false	identifier present in port sources but not a top-level decl
INLINE?	engine	wr_string	reference/src/savefile.c	252	false	identifier present in port sources but not a top-level decl
INLINE?	engine	rd_byte	reference/src/savefile.c	263	false	identifier present in port sources but not a top-level decl
INLINE?	engine	rd_u16b	reference/src/savefile.c	268	false	identifier present in port sources but not a top-level decl
INLINE?	engine	rd_s16b	reference/src/savefile.c	274	false	identifier present in port sources but not a top-level decl
INLINE?	engine	rd_u32b	reference/src/savefile.c	279	false	identifier present in port sources but not a top-level decl
INLINE?	engine	rd_s32b	reference/src/savefile.c	287	false	identifier present in port sources but not a top-level decl
INLINE?	engine	rd_string	reference/src/savefile.c	292	false	identifier present in port sources but not a top-level decl
INLINE?	engine	strip_bytes	reference/src/savefile.c	307	false	identifier present in port sources but not a top-level decl
INLINE?	engine	pad_bytes	reference/src/savefile.c	313	false	identifier present in port sources but not a top-level decl
INLINE?	engine	try_save	reference/src/savefile.c	325	true	identifier present in port sources but not a top-level decl
UNMATCHED	engine	savefile_save	reference/src/savefile.c	384	false	
UNMATCHED	engine	check_header	reference/src/savefile.c	460	true	
UNMATCHED	engine	next_blockheader	reference/src/savefile.c	474	true	
UNMATCHED	engine	find_loader	reference/src/savefile.c	506	true	
UNMATCHED	engine	load_block	reference/src/savefile.c	525	true	
UNMATCHED	engine	skip_block	reference/src/savefile.c	546	true	
UNMATCHED	engine	try_load	reference/src/savefile.c	554	true	
UNMATCHED	engine	get_desc	reference/src/savefile.c	590	true	
UNMATCHED	engine	savefile_get_description	reference/src/savefile.c	598	false	
INLINE?	engine	savefile_load	reference/src/savefile.c	631	false	identifier present in port sources but not a top-level decl
UNMATCHED	engine	savefile_get_panic_name	reference/src/savefile.c	671	false	
MATCH	engine	highscore_cmp	reference/src/score-util.c	43	true	packages/core/src/score/score.ts:132
MATCH	engine	highscore_valid	reference/src/score-util.c	95	false	packages/core/src/score/score.ts:108
MATCH	engine	highscore_regularize	reference/src/score-util.c	199	false	packages/core/src/score/score.ts:206
MATCH	engine	highscore_where	reference/src/score-util.c	276	false	packages/core/src/score/score.ts:153
MATCH	engine	total_points	reference/src/score.c	28	true	packages/core/src/score/score.ts:31
INLINE?	engine	highscore_read	reference/src/score.c	37	false	identifier present in port sources but not a top-level decl
MATCH	engine	highscore_add	reference/src/score.c	72	false	packages/core/src/score/score.ts:183
MATCH	engine	highscore_count	reference/src/score.c	84	true	packages/core/src/score/score.ts:191
INLINE?	engine	highscore_write	reference/src/score.c	98	true	identifier present in port sources but not a top-level decl
MATCH	engine	build_score	reference/src/score.c	216	false	packages/core/src/score/score.ts:77
MATCH	engine	enter_score	reference/src/score.c	272	false	packages/core/src/score/score.ts:264
UNMATCHED	engine	open_audio_sdl	reference/src/snd-sdl.c	65	true	
UNMATCHED	engine	load_sample_sdl	reference/src/snd-sdl.c	122	true	
UNMATCHED	engine	load_sound_sdl	reference/src/snd-sdl.c	153	true	
UNMATCHED	engine	play_sound_sdl	reference/src/snd-sdl.c	177	true	
UNMATCHED	engine	unload_sound_sdl	reference/src/snd-sdl.c	204	true	
UNMATCHED	engine	close_audio_sdl	reference/src/snd-sdl.c	237	true	
UNMATCHED	engine	supported_files_sdl	reference/src/snd-sdl.c	251	true	
UNMATCHED	engine	init_sound_sdl	reference/src/snd-sdl.c	259	false	
INLINE?	engine	grow_sound_list	reference/src/sound-core.c	96	true	identifier present in port sources but not a top-level decl
INLINE?	engine	load_sound	reference/src/sound-core.c	127	true	identifier present in port sources but not a top-level decl
INLINE?	engine	message_sound_define	reference/src/sound-core.c	179	true	identifier present in port sources but not a top-level decl
INLINE?	engine	parse_prefs_sound	reference/src/sound-core.c	273	true	identifier present in port sources but not a top-level decl
INLINE?	engine	register_sound_pref_parser	reference/src/sound-core.c	297	false	identifier present in port sources but not a top-level decl
INLINE?	engine	play_sound	reference/src/sound-core.c	309	true	identifier present in port sources but not a top-level decl
INLINE?	engine	set_preloaded_sounds	reference/src/sound-core.c	345	false	identifier present in port sources but not a top-level decl
INLINE?	engine	init_sound	reference/src/sound-core.c	356	false	identifier present in port sources but not a top-level decl
INLINE?	engine	close_sound	reference/src/sound-core.c	392	false	identifier present in port sources but not a top-level decl
INLINE?	engine	is_sound_inited	reference/src/sound-core.c	423	false	identifier present in port sources but not a top-level decl
UNMATCHED	engine	print_sound_help	reference/src/sound-core.c	431	false	
MATCH	engine	source_none	reference/src/source.c	21	false	packages/core/src/effects/interpreter.ts:45
MATCH	engine	source_trap	reference/src/source.c	28	false	packages/core/src/effects/interpreter.ts:57
MATCH	engine	source_monster	reference/src/source.c	36	false	packages/core/src/effects/interpreter.ts:53
MATCH	engine	source_player	reference/src/source.c	44	false	packages/core/src/effects/interpreter.ts:49
MATCH	engine	source_object	reference/src/source.c	51	false	packages/core/src/effects/interpreter.ts:61
MATCH	engine	source_chest_trap	reference/src/source.c	59	false	packages/core/src/effects/interpreter.ts:65
UNMATCHED	oracle	stats_make_output_dir	reference/src/stats/db.c	39	true	
UNMATCHED	oracle	stats_db_open	reference/src/stats/db.c	60	false	
UNMATCHED	oracle	stats_db_close	reference/src/stats/db.c	95	false	
UNMATCHED	oracle	stats_db_exec	reference/src/stats/db.c	111	false	
UNMATCHED	oracle	stats_db_stmt_prep	reference/src/stats/db.c	125	false	
UNMATCHED	oracle	stats_db_bind_ints	reference/src/stats/db.c	139	false	
UNMATCHED	oracle	stats_db_bind_rv	reference/src/stats/db.c	162	false	
INLINE?	engine	store_at	reference/src/store.c	77	false	identifier present in port sources but not a top-level decl
UNMATCHED	engine	cleanup_stores	reference/src/store.c	89	true	
UNMATCHED	engine	parse_store	reference/src/store.c	132	true	
UNMATCHED	engine	parse_slots	reference/src/store.c	149	true	
UNMATCHED	engine	parse_turnover	reference/src/store.c	156	true	
UNMATCHED	engine	parse_normal	reference/src/store.c	162	true	
INLINE?	engine	parse_always	reference/src/store.c	185	true	identifier present in port sources but not a top-level decl
UNMATCHED	engine	parse_owner	reference/src/store.c	236	true	
UNMATCHED	engine	parse_buy	reference/src/store.c	254	true	
UNMATCHED	engine	parse_buy_flag	reference/src/store.c	268	true	
INLINE?	engine	init_parse_stores	reference/src/store.c	291	false	identifier present in port sources but not a top-level decl
UNMATCHED	engine	run_parse_stores	reference/src/store.c	310	true	
UNMATCHED	engine	finish_parse_stores	reference/src/store.c	314	true	
INLINE?	engine	store_init	reference/src/store.c	334	false	identifier present in port sources but not a top-level decl
MATCH	engine	store_reset	reference/src/store.c	340	false	packages/core/src/store/store.ts:689
MATCH	engine	store_is_staple	reference/src/store.c	373	true	packages/core/src/store/store.ts:197
MATCH	engine	store_can_carry	reference/src/store.c	391	true	packages/core/src/store/store.ts:202
MATCH	engine	store_sale_should_reduce_stock	reference/src/store.c	405	true	packages/core/src/store/store.ts:207
MATCH	engine	purchase_analyze	reference/src/store.c	491	true	packages/core/src/store/transact.ts:288
MATCH	engine	store_will_buy	reference/src/store.c	524	true	packages/core/src/store/store.ts:229
MATCH	engine	price_item	reference/src/store.c	579	false	packages/core/src/store/price.ts:27
MATCH	engine	mass_roll	reference/src/store.c	680	true	packages/core/src/store/store.ts:268
MATCH	engine	mass_produce	reference/src/store.c	696	true	packages/core/src/store/store.ts:275
INLINE?	engine	store_stock_list	reference/src/store.c	779	false	identifier present in port sources but not a top-level decl
MATCH	engine	store_object_absorb	reference/src/store.c	813	true	packages/core/src/store/store.ts:337
MATCH	engine	store_check_num	reference/src/store.c	836	false	packages/core/src/store/store.ts:349
MATCH	engine	home_carry	reference/src/store.c	870	false	packages/core/src/store/transact.ts:486
MATCH	engine	store_carry	reference/src/store.c	912	false	packages/core/src/store/store.ts:365
MATCH	engine	store_delete	reference/src/store.c	989	true	packages/core/src/store/store.ts:422
MATCH	engine	store_find_kind	reference/src/store.c	1011	true	packages/core/src/store/store.ts:432
MATCH	engine	store_delete_random	reference/src/store.c	1040	true	packages/core/src/store/store.ts:444
MATCH	engine	black_market_ok	reference/src/store.c	1105	true	packages/core/src/store/store.ts:477
MATCH	engine	store_get_choice	reference/src/store.c	1146	true	packages/core/src/store/store.ts:498
MATCH	engine	store_create_random	reference/src/store.c	1156	true	packages/core/src/store/store.ts:505
MATCH	engine	store_create_item	reference/src/store.c	1262	true	packages/core/src/store/store.ts:574
MATCH	engine	store_maint	reference/src/store.c	1294	true	packages/core/src/store/store.ts:593
MATCH	engine	store_update	reference/src/store.c	1422	false	packages/core/src/store/store.ts:660
UNMATCHED	engine	store_ownerbyidx	reference/src/store.c	1467	false	
MATCH	engine	store_choose_owner	reference/src/store.c	1478	true	packages/core/src/store/store.ts:90
MATCH	engine	store_shuffle	reference/src/store.c	1493	false	packages/core/src/store/store.ts:108
MATCH	engine	find_inven	reference/src/store.c	1515	false	packages/web/src/shop.ts:57
INLINE?	engine	do_cmd_buy	reference/src/store.c	1650	false	identifier present in port sources but not a top-level decl
INLINE?	engine	do_cmd_retrieve	reference/src/store.c	1783	false	identifier present in port sources but not a top-level decl
INLINE?	engine	store_will_buy_tester	reference/src/store.c	1858	false	identifier present in port sources but not a top-level decl
INLINE?	engine	do_cmd_sell	reference/src/store.c	1869	false	identifier present in port sources but not a top-level decl
INLINE?	engine	do_cmd_stash	reference/src/store.c	2009	false	identifier present in port sources but not a top-level decl
MATCH	engine	look_mon_desc	reference/src/target.c	56	false	packages/core/src/game/target.ts:86
MATCH	engine	target_able	reference/src/target.c	110	false	packages/core/src/game/target.ts:115
MATCH	engine	target_okay	reference/src/target.c	124	false	packages/core/src/game/target.ts:135
MATCH	engine	target_set_monster	reference/src/target.c	152	false	packages/core/src/game/target.ts:159
MATCH	engine	target_set_location	reference/src/target.c	180	false	packages/core/src/game/target.ts:181
MATCH	engine	target_is_set	reference/src/target.c	203	false	packages/core/src/game/target.ts:195
MATCH	engine	target_fix	reference/src/target.c	211	false	packages/core/src/game/target.ts:200
MATCH	engine	target_release	reference/src/target.c	220	false	packages/core/src/game/target.ts:211
INLINE?	engine	cmp_distance	reference/src/target.c	240	false	identifier present in port sources but not a top-level decl
MATCH	engine	target_pick	reference/src/target.c	276	false	packages/core/src/game/target.ts:234
MATCH	engine	target_accept	reference/src/target.c	325	false	packages/core/src/game/target.ts:280
MATCH	engine	coords_desc	reference/src/target.c	370	false	packages/core/src/game/target.ts:307
MATCH	engine	target_get	reference/src/target.c	395	false	packages/core/src/game/target.ts:315
MATCH	engine	target_get_monster	reference/src/target.c	405	false	packages/core/src/game/target.ts:320
MATCH	engine	target_sighted	reference/src/target.c	414	false	packages/core/src/game/target.ts:329
MATCH	engine	target_get_monsters	reference/src/target.c	437	false	packages/core/src/game/target.ts:350
MATCH	engine	target_set_closest	reference/src/target.c	493	false	packages/core/src/game/target.ts:391
MATCH	engine	lookup_trap	reference/src/trap.c	41	false	packages/core/src/world/trap.ts:137
MATCH	engine	square_trap_specific	reference/src/trap.c	68	false	packages/core/src/game/trap.ts:215
MATCH	engine	square_trap_flag	reference/src/trap.c	91	false	packages/core/src/game/trap.ts:131
UNMATCHED	engine	square_free_trap	reference/src/trap.c	114	false	
MATCH	engine	square_remove_trap	reference/src/trap.c	136	false	packages/core/src/game/trap.ts:224
MATCH	engine	square_remove_all_traps	reference/src/trap.c	179	false	packages/core/src/game/trap.ts:240
INLINE?	engine	square_remove_all_traps_of_type	reference/src/trap.c	207	false	identifier present in port sources but not a top-level decl
MATCH	engine	square_player_trap_allowed	reference/src/trap.c	255	false	packages/core/src/game/trap.ts:263
MATCH	engine	pick_trap	reference/src/trap.c	275	true	packages/core/src/game/trap.ts:338
MATCH	engine	place_trap	reference/src/trap.c	356	false	packages/core/src/game/trap.ts:358 | packages/core/src/gen/util.ts:1179
MATCH	engine	square_reveal_trap	reference/src/trap.c	399	false	packages/core/src/game/trap.ts:412
INLINE?	engine	square_memorize_traps	reference/src/trap.c	459	false	identifier present in port sources but not a top-level decl
MATCH	engine	hit_trap	reference/src/trap.c	494	false	packages/core/src/game/trap.ts:458
MATCH	engine	square_set_trap_timeout	reference/src/trap.c	625	false	packages/core/src/game/trap.ts:581
MATCH	engine	square_trap_timeout	reference/src/trap.c	674	false	packages/core/src/game/trap.ts:597
MATCH	engine	square_set_door_lock	reference/src/trap.c	706	false	packages/core/src/game/trap.ts:614
MATCH	engine	square_door_power	reference/src/trap.c	731	false	packages/core/src/game/trap.ts:631
INLINE?	ui	birthmenu_display	reference/src/ui-birth.c	202	true	identifier present in port sources but not a top-level decl
INLINE?	ui	skill_help	reference/src/ui-birth.c	218	true	identifier present in port sources but not a top-level decl
INLINE?	ui	race_help	reference/src/ui-birth.c	241	true	identifier present in port sources but not a top-level decl
INLINE?	ui	class_help	reference/src/ui-birth.c	304	true	identifier present in port sources but not a top-level decl
UNMATCHED	ui	use_context_menu_birth	reference/src/ui-birth.c	410	true	
UNMATCHED	ui	init_birth_menu	reference/src/ui-birth.c	496	true	
INLINE?	ui	setup_menus	reference/src/ui-birth.c	541	true	identifier present in port sources but not a top-level decl
UNMATCHED	ui	free_birth_menu	reference/src/ui-birth.c	592	true	
UNMATCHED	ui	free_birth_menus	reference/src/ui-birth.c	602	true	
UNMATCHED	ui	clear_question	reference/src/ui-birth.c	613	true	
INLINE?	ui	print_menu_instructions	reference/src/ui-birth.c	635	true	identifier present in port sources but not a top-level decl
INLINE?	ui	finish_with_random_choices	reference/src/ui-birth.c	660	true	identifier present in port sources but not a top-level decl
INLINE?	ui	menu_question	reference/src/ui-birth.c	784	true	identifier present in port sources but not a top-level decl
INLINE?	ui	roller_command	reference/src/ui-birth.c	872	true	identifier present in port sources but not a top-level decl
UNMATCHED	ui	point_based_stats	reference/src/ui-birth.c	1021	true	
UNMATCHED	ui	point_based_misc	reference/src/ui-birth.c	1032	true	
UNMATCHED	ui	point_based_points	reference/src/ui-birth.c	1044	true	
INLINE?	ui	point_based_start	reference/src/ui-birth.c	1074	true	identifier present in port sources but not a top-level decl
UNMATCHED	ui	point_based_stop	reference/src/ui-birth.c	1099	true	
INLINE?	ui	point_based_command	reference/src/ui-birth.c	1106	true	identifier present in port sources but not a top-level decl
UNMATCHED	ui	get_name_command	reference/src/ui-birth.c	1271	true	
UNMATCHED	ui	get_screen_loc	reference/src/ui-birth.c	1304	true	
INLINE?	ui	edit_text	reference/src/ui-birth.c	1325	true	identifier present in port sources but not a top-level decl
INLINE?	ui	get_history_command	reference/src/ui-birth.c	1498	true	identifier present in port sources but not a top-level decl
INLINE?	ui	get_confirm_command	reference/src/ui-birth.c	1546	true	identifier present in port sources but not a top-level decl
UNMATCHED	ui	textui_do_birth	reference/src/ui-birth.c	1599	false	
UNMATCHED	ui	ui_enter_birthscreen	reference/src/ui-birth.c	1765	true	
UNMATCHED	ui	ui_leave_birthscreen	reference/src/ui-birth.c	1774	true	
UNMATCHED	ui	ui_init_birthstate_handlers	reference/src/ui-birth.c	1785	false	
INLINE?	ui	do_cmd_redraw	reference/src/ui-command.c	64	false	identifier present in port sources but not a top-level decl
UNMATCHED	ui	do_cmd_xxx_options	reference/src/ui-command.c	124	false	
UNMATCHED	ui	do_cmd_unknown	reference/src/ui-command.c	134	false	
INLINE?	ui	do_cmd_version	reference/src/ui-command.c	143	false	identifier present in port sources but not a top-level decl
INLINE?	ui	textui_cmd_retire	reference/src/ui-command.c	162	false	identifier present in port sources but not a top-level decl
INLINE?	ui	textui_cmd_rest	reference/src/ui-command.c	191	false	identifier present in port sources but not a top-level decl
INLINE?	ui	textui_quit	reference/src/ui-command.c	228	false	identifier present in port sources but not a top-level decl
UNMATCHED	ui	write_html_escape_char	reference/src/ui-command.c	239	true	
UNMATCHED	ui	screenshot_term_query	reference/src/ui-command.c	269	true	
INLINE?	ui	html_screenshot	reference/src/ui-command.c	295	false	identifier present in port sources but not a top-level decl
UNMATCHED	ui	do_cmd_save_screen_html	reference/src/ui-command.c	488	true	
INLINE?	ui	do_cmd_save_screen	reference/src/ui-command.c	540	false	identifier present in port sources but not a top-level decl
INLINE?	ui	context_menu_player_2	reference/src/ui-context.c	84	true	identifier present in port sources but not a top-level decl
UNMATCHED	ui	context_menu_player_display_floor	reference/src/ui-context.c	217	true	
INLINE?	ui	context_menu_player	reference/src/ui-context.c	248	false	identifier present in port sources but not a top-level decl
INLINE?	ui	context_menu_cave	reference/src/ui-context.c	426	false	identifier present in port sources but not a top-level decl
INLINE?	ui	context_menu_object	reference/src/ui-context.c	654	false	identifier present in port sources but not a top-level decl
UNMATCHED	ui	show_command_list	reference/src/ui-context.c	904	true	
UNMATCHED	ui	context_menu_command	reference/src/ui-context.c	953	false	
INLINE?	ui	textui_process_click	reference/src/ui-context.c	998	false	identifier present in port sources but not a top-level decl
UNMATCHED	ui	cmd_sub_entry	reference/src/ui-context.c	1127	true	
UNMATCHED	ui	cmd_menu	reference/src/ui-context.c	1159	true	
UNMATCHED	ui	cmd_list_action	reference/src/ui-context.c	1244	true	
UNMATCHED	ui	cmd_list_entry	reference/src/ui-context.c	1252	true	
UNMATCHED	ui	textui_action_menu_choose	reference/src/ui-context.c	1272	false	
INLINE?	ui	get_curse_display	reference/src/ui-curse.c	38	true	identifier present in port sources but not a top-level decl
UNMATCHED	ui	get_curse_action	reference/src/ui-curse.c	54	true	
INLINE?	ui	curse_menu_browser	reference/src/ui-curse.c	67	true	identifier present in port sources but not a top-level decl
INLINE?	ui	curse_menu	reference/src/ui-curse.c	91	true	identifier present in port sources but not a top-level decl
UNMATCHED	ui	textui_get_curse	reference/src/ui-curse.c	156	false	
INLINE?	ui	put_str_centred	reference/src/ui-death.c	40	true	identifier present in port sources but not a top-level decl
INLINE?	ui	display_exit_screen	reference/src/ui-death.c	63	true	identifier present in port sources but not a top-level decl
INLINE?	ui	display_winner	reference/src/ui-death.c	119	true	identifier present in port sources but not a top-level decl
INLINE?	ui	death_file	reference/src/ui-death.c	162	true	identifier present in port sources but not a top-level decl
INLINE?	ui	death_info	reference/src/ui-death.c	193	true	identifier present in port sources but not a top-level decl
UNMATCHED	ui	death_messages	reference/src/ui-death.c	283	true	
UNMATCHED	ui	death_scores	reference/src/ui-death.c	293	true	
UNMATCHED	ui	death_examine	reference/src/ui-death.c	303	true	
INLINE?	ui	death_history	reference/src/ui-death.c	331	true	identifier present in port sources but not a top-level decl
UNMATCHED	ui	death_spoilers	reference/src/ui-death.c	339	true	
INLINE?	ui	death_new_game	reference/src/ui-death.c	347	true	identifier present in port sources but not a top-level decl
INLINE?	ui	death_screen	reference/src/ui-death.c	374	false	identifier present in port sources but not a top-level decl
MATCH	ui	cnv_stat	reference/src/ui-display.c	115	false	packages/core/src/game/display.ts:238
INLINE?	ui	prt_field	reference/src/ui-display.c	140	true	identifier present in port sources but not a top-level decl
INLINE?	ui	prt_stat	reference/src/ui-display.c	153	true	identifier present in port sources but not a top-level decl
MATCH	ui	fmt_title	reference/src/ui-display.c	173	true	packages/core/src/game/display.ts:253
UNMATCHED	ui	prt_title	reference/src/ui-display.c	195	true	
INLINE?	ui	prt_level	reference/src/ui-display.c	207	true	identifier present in port sources but not a top-level decl
INLINE?	ui	prt_exp	reference/src/ui-display.c	226	true	identifier present in port sources but not a top-level decl
INLINE?	ui	prt_gold	reference/src/ui-display.c	256	true	identifier present in port sources but not a top-level decl
INLINE?	ui	prt_equippy	reference/src/ui-display.c	269	true	identifier present in port sources but not a top-level decl
INLINE?	ui	prt_ac	reference/src/ui-display.c	301	true	identifier present in port sources but not a top-level decl
INLINE?	ui	prt_hp	reference/src/ui-display.c	314	true	identifier present in port sources but not a top-level decl
INLINE?	ui	prt_sp	reference/src/ui-display.c	332	true	identifier present in port sources but not a top-level decl
MATCH	ui	monster_health_attr	reference/src/ui-display.c	365	false	packages/core/src/game/display.ts:311
INLINE?	ui	prt_health_aux	reference/src/ui-display.c	425	true	identifier present in port sources but not a top-level decl
INLINE?	ui	prt_health	reference/src/ui-display.c	470	true	identifier present in port sources but not a top-level decl
MATCH	ui	prt_speed_aux	reference/src/ui-display.c	475	true	packages/core/src/game/display.ts:281
INLINE?	ui	prt_speed	reference/src/ui-display.c	508	true	identifier present in port sources but not a top-level decl
MATCH	ui	fmt_depth	reference/src/ui-display.c	519	true	packages/core/src/game/display.ts:271
INLINE?	ui	prt_depth	reference/src/ui-display.c	532	true	identifier present in port sources but not a top-level decl
UNMATCHED	ui	prt_str	reference/src/ui-display.c	548	true	
UNMATCHED	ui	prt_dex	reference/src/ui-display.c	549	true	
UNMATCHED	ui	prt_wis	reference/src/ui-display.c	550	true	
UNMATCHED	ui	prt_int	reference/src/ui-display.c	551	true	
UNMATCHED	ui	prt_con	reference/src/ui-display.c	552	true	
UNMATCHED	ui	prt_race	reference/src/ui-display.c	553	true	
UNMATCHED	ui	prt_race_class_short	reference/src/ui-display.c	561	true	
UNMATCHED	ui	prt_class	reference/src/ui-display.c	576	true	
UNMATCHED	ui	prt_level_short	reference/src/ui-display.c	587	true	
UNMATCHED	ui	prt_stat_short	reference/src/ui-display.c	604	true	
UNMATCHED	ui	prt_exp_short	reference/src/ui-display.c	631	true	
UNMATCHED	ui	prt_ac_short	reference/src/ui-display.c	657	true	
UNMATCHED	ui	prt_gold_short	reference/src/ui-display.c	668	true	
UNMATCHED	ui	prt_hp_short	reference/src/ui-display.c	678	true	
UNMATCHED	ui	prt_sp_short	reference/src/ui-display.c	697	true	
UNMATCHED	ui	prt_health_short	reference/src/ui-display.c	722	true	
UNMATCHED	ui	prt_speed_short	reference/src/ui-display.c	731	true	
UNMATCHED	ui	prt_depth_short	reference/src/ui-display.c	744	true	
UNMATCHED	ui	prt_title_short	reference/src/ui-display.c	753	true	
UNMATCHED	ui	update_topbar	reference/src/ui-display.c	765	true	
INLINE?	ui	update_sidebar	reference/src/ui-display.c	844	true	identifier present in port sources but not a top-level decl
UNMATCHED	ui	hp_colour_change	reference/src/ui-display.c	897	true	
INLINE?	ui	prt_recall	reference/src/ui-display.c	925	true	identifier present in port sources but not a top-level decl
INLINE?	ui	prt_descent	reference/src/ui-display.c	939	true	identifier present in port sources but not a top-level decl
INLINE?	ui	prt_state	reference/src/ui-display.c	957	true	identifier present in port sources but not a top-level decl
INLINE?	ui	prt_level_feeling	reference/src/ui-display.c	1053	true	identifier present in port sources but not a top-level decl
INLINE?	ui	prt_light	reference/src/ui-display.c	1129	true	identifier present in port sources but not a top-level decl
INLINE?	ui	prt_moves	reference/src/ui-display.c	1145	true	identifier present in port sources but not a top-level decl
UNMATCHED	ui	longest_terrain_name	reference/src/ui-display.c	1165	true	
INLINE?	ui	prt_terrain	reference/src/ui-display.c	1184	true	identifier present in port sources but not a top-level decl
INLINE?	ui	prt_dtrap	reference/src/ui-display.c	1207	true	identifier present in port sources but not a top-level decl
INLINE?	ui	prt_study	reference/src/ui-display.c	1226	true	identifier present in port sources but not a top-level decl
INLINE?	ui	prt_tmd	reference/src/ui-display.c	1251	true	identifier present in port sources but not a top-level decl
INLINE?	ui	prt_unignore	reference/src/ui-display.c	1280	true	identifier present in port sources but not a top-level decl
INLINE?	ui	update_statusline_aux	reference/src/ui-display.c	1301	true	identifier present in port sources but not a top-level decl
UNMATCHED	ui	update_statusline	reference/src/ui-display.c	1316	true	
UNMATCHED	ui	trace_map_updates	reference/src/ui-display.c	1334	true	
UNMATCHED	ui	update_maps	reference/src/ui-display.c	1347	true	
INLINE?	ui	do_animation	reference/src/ui-display.c	1435	true	identifier present in port sources but not a top-level decl
UNMATCHED	ui	allow_animations	reference/src/ui-display.c	1476	false	
UNMATCHED	ui	disallow_animations	reference/src/ui-display.c	1484	false	
INLINE?	ui	animate	reference/src/ui-display.c	1492	true	identifier present in port sources but not a top-level decl
UNMATCHED	ui	idle_update	reference/src/ui-display.c	1501	false	
UNMATCHED	ui	bolt_pict	reference/src/ui-display.c	1524	true	
UNMATCHED	ui	display_explosion	reference/src/ui-display.c	1559	true	
UNMATCHED	ui	display_bolt	reference/src/ui-display.c	1645	true	
UNMATCHED	ui	display_missile	reference/src/ui-display.c	1696	true	
UNMATCHED	ui	update_inven_subwindow	reference/src/ui-display.c	1732	true	
UNMATCHED	ui	update_equip_subwindow	reference/src/ui-display.c	1752	true	
UNMATCHED	ui	toggle_inven_equip	reference/src/ui-display.c	1775	false	
UNMATCHED	ui	update_itemlist_subwindow	reference/src/ui-display.c	1810	true	
UNMATCHED	ui	update_monlist_subwindow	reference/src/ui-display.c	1827	true	
UNMATCHED	ui	update_monster_subwindow	reference/src/ui-display.c	1845	true	
UNMATCHED	ui	update_object_subwindow	reference/src/ui-display.c	1866	true	
UNMATCHED	ui	update_messages_subwindow	reference/src/ui-display.c	1886	true	
UNMATCHED	ui	update_minimap_subwindow	reference/src/ui-display.c	1950	true	
UNMATCHED	ui	update_player0_subwindow	reference/src/ui-display.c	1995	true	
UNMATCHED	ui	update_player1_subwindow	reference/src/ui-display.c	2016	true	
UNMATCHED	ui	update_topbar_subwindow	reference/src/ui-display.c	2034	true	
UNMATCHED	ui	update_player_compact_subwindow	reference/src/ui-display.c	2059	true	
UNMATCHED	ui	flush_subwindow	reference/src/ui-display.c	2114	true	
UNMATCHED	ui	subwindow_flag_changed	reference/src/ui-display.c	2178	true	
UNMATCHED	ui	subwindow_set_flags	reference/src/ui-display.c	2333	true	
UNMATCHED	ui	subwindows_set_flags	reference/src/ui-display.c	2371	false	
UNMATCHED	ui	init_angband_aux	reference/src/ui-display.c	2392	true	
UNMATCHED	ui	splashscreen_note	reference/src/ui-display.c	2403	true	
UNMATCHED	ui	show_splashscreen	reference/src/ui-display.c	2425	true	
INLINE?	ui	refresh	reference/src/ui-display.c	2483	true	identifier present in port sources but not a top-level decl
UNMATCHED	ui	repeated_command_display	reference/src/ui-display.c	2495	true	
UNMATCHED	ui	new_level_display_update	reference/src/ui-display.c	2508	true	
INLINE?	ui	cheat_death	reference/src/ui-display.c	2568	true	identifier present in port sources but not a top-level decl
UNMATCHED	ui	check_panel	reference/src/ui-display.c	2576	true	
MATCH	ui	see_floor_items	reference/src/ui-display.c	2581	true	packages/web/src/main.ts:4163
UNMATCHED	ui	process_character_pref_files	reference/src/ui-display.c	2661	true	
UNMATCHED	ui	ui_enter_init	reference/src/ui-display.c	2690	true	
UNMATCHED	ui	ui_leave_init	reference/src/ui-display.c	2699	true	
UNMATCHED	ui	ui_enter_world	reference/src/ui-display.c	2718	true	
UNMATCHED	ui	ui_leave_world	reference/src/ui-display.c	2787	true	
UNMATCHED	ui	ui_enter_game	reference/src/ui-display.c	2855	true	
UNMATCHED	ui	ui_leave_game	reference/src/ui-display.c	2871	true	
UNMATCHED	ui	init_display	reference/src/ui-display.c	2887	false	
UNMATCHED	ui	effect_menu_new	reference/src/ui-effect.c	34	true	
UNMATCHED	ui	effect_menu_select	reference/src/ui-effect.c	102	true	
UNMATCHED	ui	effect_menu_destroy	reference/src/ui-effect.c	133	true	
UNMATCHED	ui	textui_get_effect_from_list	reference/src/ui-effect.c	162	false	
INLINE?	ui	ui_entry_combiner_lookup	reference/src/ui-entry-combiner.c	111	false	identifier present in port sources but not a top-level decl
UNMATCHED	ui	ui_entry_combiner_get_funcs	reference/src/ui-entry-combiner.c	140	false	
UNMATCHED	ui	simple_combine_init	reference/src/ui-entry-combiner.c	150	true	
UNMATCHED	ui	dummy_combine_accum	reference/src/ui-entry-combiner.c	159	true	
UNMATCHED	ui	dummy_combine_finish	reference/src/ui-entry-combiner.c	166	true	
UNMATCHED	ui	add_combine_accum_help	reference/src/ui-entry-combiner.c	172	true	
UNMATCHED	ui	add_combine_accum	reference/src/ui-entry-combiner.c	209	true	
UNMATCHED	ui	add_vec	reference/src/ui-entry-combiner.c	217	true	
UNMATCHED	ui	bitwise_or_combine_accum_help	reference/src/ui-entry-combiner.c	234	true	
UNMATCHED	ui	bitwise_or_combine_accum	reference/src/ui-entry-combiner.c	254	true	
UNMATCHED	ui	bitwise_or_vec	reference/src/ui-entry-combiner.c	262	true	
UNMATCHED	ui	first_vec	reference/src/ui-entry-combiner.c	279	true	
UNMATCHED	ui	largest_combine_accum_help	reference/src/ui-entry-combiner.c	292	true	
UNMATCHED	ui	largest_combine_accum	reference/src/ui-entry-combiner.c	310	true	
UNMATCHED	ui	largest_vec	reference/src/ui-entry-combiner.c	318	true	
UNMATCHED	ui	last_combine_accum	reference/src/ui-entry-combiner.c	335	true	
UNMATCHED	ui	last_vec	reference/src/ui-entry-combiner.c	343	true	
UNMATCHED	ui	logical_combine_init	reference/src/ui-entry-combiner.c	356	true	
UNMATCHED	ui	logical_or_combine_accum_help	reference/src/ui-entry-combiner.c	373	true	
UNMATCHED	ui	logical_or_combine_accum	reference/src/ui-entry-combiner.c	393	true	
UNMATCHED	ui	logical_or_vec	reference/src/ui-entry-combiner.c	401	true	
UNMATCHED	ui	logical_or_with_cancel_combine_init	reference/src/ui-entry-combiner.c	424	true	
UNMATCHED	ui	logical_or_with_cancel_combine_accum_help	reference/src/ui-entry-combiner.c	441	true	
UNMATCHED	ui	logical_or_with_cancel_combine_accum	reference/src/ui-entry-combiner.c	463	true	
UNMATCHED	ui	logical_or_with_cancel_combine_finish	reference/src/ui-entry-combiner.c	471	true	
UNMATCHED	ui	logical_or_with_cancel_vec	reference/src/ui-entry-combiner.c	499	true	
UNMATCHED	ui	resist_0_combine_init	reference/src/ui-entry-combiner.c	532	true	
UNMATCHED	ui	resist_0_combine_accum_help	reference/src/ui-entry-combiner.c	571	true	
UNMATCHED	ui	resist_0_combine_accum	reference/src/ui-entry-combiner.c	618	true	
UNMATCHED	ui	resist_0_combine_finish	reference/src/ui-entry-combiner.c	628	true	
UNMATCHED	ui	resist_0_vec	reference/src/ui-entry-combiner.c	661	true	
UNMATCHED	ui	smallest_combine_accum_help	reference/src/ui-entry-combiner.c	703	true	
UNMATCHED	ui	smallest_combine_accum	reference/src/ui-entry-combiner.c	721	true	
UNMATCHED	ui	smallest_vec	reference/src/ui-entry-combiner.c	729	true	
UNMATCHED	ui	ui_entry_renderer_get_min_index	reference/src/ui-entry-renderers.c	188	false	
UNMATCHED	ui	ui_entry_renderer_get_index_limit	reference/src/ui-entry-renderers.c	201	false	
UNMATCHED	ui	ui_entry_renderer_get_name	reference/src/ui-entry-renderers.c	212	false	
INLINE?	ui	ui_entry_renderer_lookup	reference/src/ui-entry-renderers.c	224	false	identifier present in port sources but not a top-level decl
UNMATCHED	ui	ui_entry_renderer_query_value_width	reference/src/ui-entry-renderers.c	246	false	
UNMATCHED	ui	ui_entry_renderer_query_combined_width	reference/src/ui-entry-renderers.c	265	false	
UNMATCHED	ui	ui_entry_renderer_query_combiner	reference/src/ui-entry-renderers.c	288	false	
INLINE?	ui	ui_entry_renderer_apply	reference/src/ui-entry-renderers.c	309	false	identifier present in port sources but not a top-level decl
UNMATCHED	ui	ui_entry_renderer_customize	reference/src/ui-entry-renderers.c	331	false	
UNMATCHED	ui	ui_entry_renderer_get_colors	reference/src/ui-entry-renderers.c	381	false	
UNMATCHED	ui	ui_entry_renderer_get_label_colors	reference/src/ui-entry-renderers.c	401	false	
UNMATCHED	ui	ui_entry_renderer_get_symbols	reference/src/ui-entry-renderers.c	420	false	
UNMATCHED	ui	safe_queue_chars	reference/src/ui-entry-renderers.c	447	true	
MATCH	ui	format_int	reference/src/ui-entry-renderers.c	462	true	packages/core/src/game/ui-entry.ts:1466
UNMATCHED	ui	show_combined_generic	reference/src/ui-entry-renderers.c	527	true	
MATCH	ui	convert_vanilla_res_level	reference/src/ui-entry-renderers.c	549	true	packages/core/src/game/ui-entry.ts:1432
UNMATCHED	ui	renderer_COMPACT_RESIST_RENDERER_WITH_COMBINED_AUX	reference/src/ui-entry-renderers.c	572	true	
UNMATCHED	ui	valuewidth_COMPACT_RESIST_RENDERER_WITH_COMBINED_AUX	reference/src/ui-entry-renderers.c	689	true	
UNMATCHED	ui	renderer_COMPACT_FLAG_RENDERER_WITH_COMBINED_AUX	reference/src/ui-entry-renderers.c	696	true	
UNMATCHED	ui	valuewidth_COMPACT_FLAG_RENDERER_WITH_COMBINED_AUX	reference/src/ui-entry-renderers.c	779	true	
UNMATCHED	ui	renderer_COMPACT_FLAG_WITH_CANCEL_RENDERER_WITH_COMBINED_AUX	reference/src/ui-entry-renderers.c	786	true	
UNMATCHED	ui	valuewidth_COMPACT_FLAG_WITH_CANCEL_RENDERER_WITH_COMBINED_AUX	reference/src/ui-entry-renderers.c	904	true	
UNMATCHED	ui	renderer_NUMERIC_AS_SIGN_RENDERER_WITH_COMBINED_AUX	reference/src/ui-entry-renderers.c	911	true	
UNMATCHED	ui	valuewidth_NUMERIC_AS_SIGN_RENDERER_WITH_COMBINED_AUX	reference/src/ui-entry-renderers.c	1008	true	
UNMATCHED	ui	renderer_NUMERIC_RENDERER_WITH_COMBINED_AUX	reference/src/ui-entry-renderers.c	1015	true	
UNMATCHED	ui	valuewidth_NUMERIC_RENDERER_WITH_COMBINED_AUX	reference/src/ui-entry-renderers.c	1152	true	
UNMATCHED	ui	renderer_NUMERIC_RENDERER_WITH_BOOL_AUX	reference/src/ui-entry-renderers.c	1160	true	
UNMATCHED	ui	valuewidth_NUMERIC_RENDERER_WITH_BOOL_AUX	reference/src/ui-entry-renderers.c	1304	true	
UNMATCHED	ui	lookup_backend_by_name	reference/src/ui-entry-renderers.c	1312	true	
UNMATCHED	ui	convert_attrs_to_chars	reference/src/ui-entry-renderers.c	1327	true	
UNMATCHED	ui	convert_chars_to_attrs	reference/src/ui-entry-renderers.c	1354	true	
MATCH	ui	augment_colors	reference/src/ui-entry-renderers.c	1364	true	packages/core/src/game/ui-entry.ts:544
MATCH	ui	augment_symbols	reference/src/ui-entry-renderers.c	1384	true	packages/core/src/game/ui-entry.ts:553
UNMATCHED	ui	parse_renderer_name	reference/src/ui-entry-renderers.c	1411	true	
UNMATCHED	ui	parse_renderer_code	reference/src/ui-entry-renderers.c	1452	true	
UNMATCHED	ui	parse_renderer_combine	reference/src/ui-entry-renderers.c	1471	true	
UNMATCHED	ui	parse_renderer_colors	reference/src/ui-entry-renderers.c	1486	true	
UNMATCHED	ui	parse_renderer_labelcolors	reference/src/ui-entry-renderers.c	1506	true	
UNMATCHED	ui	parse_renderer_symbols	reference/src/ui-entry-renderers.c	1527	true	
UNMATCHED	ui	parse_renderer_combined_renderer	reference/src/ui-entry-renderers.c	1553	true	
UNMATCHED	ui	parse_renderer_ndigit	reference/src/ui-entry-renderers.c	1568	true	
UNMATCHED	ui	parse_renderer_sign	reference/src/ui-entry-renderers.c	1585	true	
UNMATCHED	ui	parse_renderer_units	reference/src/ui-entry-renderers.c	1607	true	
INLINE?	ui	init_parse_ui_entry_renderer	reference/src/ui-entry-renderers.c	1634	true	identifier present in port sources but not a top-level decl
UNMATCHED	ui	run_parse_ui_entry_renderer	reference/src/ui-entry-renderers.c	1654	true	
UNMATCHED	ui	finish_parse_ui_entry_renderer	reference/src/ui-entry-renderers.c	1660	true	
UNMATCHED	ui	cleanup_parse_ui_entry_renderer	reference/src/ui-entry-renderers.c	1709	true	
UNMATCHED	ui	bind_object_property_to_ui_entry_by_name	reference/src/ui-entry.c	212	false	
UNMATCHED	ui	bind_player_ability_to_ui_entry_by_name	reference/src/ui-entry.c	269	false	
UNMATCHED	ui	ui_entry_has_category	reference/src/ui-entry.c	315	false	
MATCH	ui	get_ui_entry_label	reference/src/ui-entry.c	337	false	packages/core/src/game/ui-entry.ts:726
INLINE?	ui	cmp_desc_prio	reference/src/ui-entry.c	389	true	identifier present in port sources but not a top-level decl
UNMATCHED	ui	initialize_ui_entry_iterator_const	reference/src/ui-entry.c	459	false	
INLINE?	ui	initialize_ui_entry_iterator	reference/src/ui-entry.c	501	false	identifier present in port sources but not a top-level decl
UNMATCHED	ui	release_ui_entry_iterator	reference/src/ui-entry.c	528	false	
UNMATCHED	ui	reset_ui_entry_iterator	reference/src/ui-entry.c	539	false	
UNMATCHED	ui	count_ui_entry_iterator	reference/src/ui-entry.c	549	false	
UNMATCHED	ui	advance_ui_entry_iterator	reference/src/ui-entry.c	559	false	
UNMATCHED	ui	get_ui_entry_combiner_index	reference/src/ui-entry.c	571	false	
UNMATCHED	ui	get_ui_entry_renderer_index	reference/src/ui-entry.c	581	false	
MATCH	ui	is_ui_entry_for_known_rune	reference/src/ui-entry.c	591	false	packages/core/src/game/ui-entry.ts:1104
INLINE?	ui	compute_ui_entry_values_for_object	reference/src/ui-entry.c	708	false	identifier present in port sources but not a top-level decl
INLINE?	ui	compute_ui_entry_values_for_player	reference/src/ui-entry.c	910	false	identifier present in port sources but not a top-level decl
UNMATCHED	ui	release_cached_object_data	reference/src/ui-entry.c	1179	false	
UNMATCHED	ui	release_cached_player_data	reference/src/ui-entry.c	1188	false	
INLINE?	ui	ui_entry_search	reference/src/ui-entry.c	1200	true	identifier present in port sources but not a top-level decl
UNMATCHED	ui	ui_entry_lookup	reference/src/ui-entry.c	1233	true	
UNMATCHED	ui	ui_entry_insert	reference/src/ui-entry.c	1244	true	
UNMATCHED	ui	ui_entry_search_categories	reference/src/ui-entry.c	1289	true	
MATCH	ui	modifier_to_skill	reference/src/ui-entry.c	1317	true	packages/core/src/game/ui-entry.ts:1167
INLINE?	ui	get_timed_element_effect	reference/src/ui-entry.c	1357	true	identifier present in port sources but not a top-level decl
MATCH	ui	get_timed_modifier_effect	reference/src/ui-entry.c	1370	true	packages/core/src/game/ui-entry.ts:1146
UNMATCHED	ui	search_embryo_categories	reference/src/ui-entry.c	1416	true	
INLINE?	ui	search_categories	reference/src/ui-entry.c	1456	true	identifier present in port sources but not a top-level decl
UNMATCHED	ui	insert_embryo_category	reference/src/ui-entry.c	1486	true	
UNMATCHED	ui	get_dummy_param_count	reference/src/ui-entry.c	1604	true	
UNMATCHED	ui	get_dummy_param_name	reference/src/ui-entry.c	1611	true	
UNMATCHED	ui	get_element_count	reference/src/ui-entry.c	1627	true	
UNMATCHED	ui	get_element_name	reference/src/ui-entry.c	1634	true	
UNMATCHED	ui	get_stat_count	reference/src/ui-entry.c	1650	true	
UNMATCHED	ui	get_stat_name	reference/src/ui-entry.c	1657	true	
UNMATCHED	ui	get_dummy_priority	reference/src/ui-entry.c	1668	true	
UNMATCHED	ui	get_priority_from_index	reference/src/ui-entry.c	1678	true	
UNMATCHED	ui	get_priority_from_negative_index	reference/src/ui-entry.c	1688	true	
UNMATCHED	ui	parameterize_category_list	reference/src/ui-entry.c	1695	true	
UNMATCHED	ui	initialize_shortened	reference/src/ui-entry.c	1721	true	
UNMATCHED	ui	copy_shortened_labels	reference/src/ui-entry.c	1737	true	
MATCH	ui	fill_out_shortened	reference/src/ui-entry.c	1756	true	packages/core/src/game/ui-entry.ts:697
INLINE?	ui	hatch_embryo	reference/src/ui-entry.c	1794	true	identifier present in port sources but not a top-level decl
UNMATCHED	ui	hatch_last_embryo	reference/src/ui-entry.c	1906	true	
UNMATCHED	ui	parse_entry_name	reference/src/ui-entry.c	1922	true	
UNMATCHED	ui	parse_entry_template	reference/src/ui-entry.c	1986	true	
UNMATCHED	ui	parse_entry_parameter	reference/src/ui-entry.c	2023	true	
UNMATCHED	ui	parse_entry_renderer	reference/src/ui-entry.c	2055	true	
UNMATCHED	ui	parse_entry_combine	reference/src/ui-entry.c	2070	true	
UNMATCHED	ui	parse_entry_label	reference/src/ui-entry.c	2085	true	
UNMATCHED	ui	parse_entry_shortened_label	reference/src/ui-entry.c	2115	true	
UNMATCHED	ui	parse_entry_category	reference/src/ui-entry.c	2154	true	
UNMATCHED	ui	parse_entry_priority	reference/src/ui-entry.c	2173	true	
UNMATCHED	ui	parse_entry_flags	reference/src/ui-entry.c	2228	true	
UNMATCHED	ui	parse_entry_desc	reference/src/ui-entry.c	2265	true	
INLINE?	ui	init_parse_ui_entry	reference/src/ui-entry.c	2277	true	identifier present in port sources but not a top-level decl
INLINE?	ui	run_parse_ui_entry	reference/src/ui-entry.c	2301	true	identifier present in port sources but not a top-level decl
UNMATCHED	ui	finish_parse_ui_entry	reference/src/ui-entry.c	2322	true	
UNMATCHED	ui	cleanup_parse_ui_entry	reference/src/ui-entry.c	2403	true	
INLINE?	ui	equip_cmp_display	reference/src/ui-equip-cmp.c	305	false	identifier present in port sources but not a top-level decl
UNMATCHED	ui	display_equip_cmp_help	reference/src/ui-equip-cmp.c	377	true	
UNMATCHED	ui	get_expected_easy_filter_count	reference/src/ui-equip-cmp.c	418	true	
UNMATCHED	ui	handle_input_bail	reference/src/ui-equip-cmp.c	438	true	
UNMATCHED	ui	handle_input_equip_cmp_general	reference/src/ui-equip-cmp.c	445	true	
UNMATCHED	ui	display_equip_cmp_sel_help	reference/src/ui-equip-cmp.c	894	true	
UNMATCHED	ui	handle_input_equip_cmp_select	reference/src/ui-equip-cmp.c	921	true	
INLINE?	ui	prompt_for_easy_filter	reference/src/ui-equip-cmp.c	1229	true	identifier present in port sources but not a top-level decl
INLINE?	ui	display_object_comparison	reference/src/ui-equip-cmp.c	1440	true	identifier present in port sources but not a top-level decl
UNMATCHED	ui	dump_to_file	reference/src/ui-equip-cmp.c	1474	true	
UNMATCHED	ui	append_to_file	reference/src/ui-equip-cmp.c	1484	true	
INLINE?	ui	set_short_name	reference/src/ui-equip-cmp.c	1601	true	identifier present in port sources but not a top-level decl
UNMATCHED	ui	sel_better_than	reference/src/ui-equip-cmp.c	1635	true	
UNMATCHED	ui	sel_at_least_resists	reference/src/ui-equip-cmp.c	1643	true	
UNMATCHED	ui	sel_does_not_resist	reference/src/ui-equip-cmp.c	1650	true	
UNMATCHED	ui	sel_has_flag	reference/src/ui-equip-cmp.c	1657	true	
UNMATCHED	ui	sel_does_not_have_flag	reference/src/ui-equip-cmp.c	1664	true	
UNMATCHED	ui	sel_has_pos_mod	reference/src/ui-equip-cmp.c	1671	true	
UNMATCHED	ui	sel_has_nonpos_mod	reference/src/ui-equip-cmp.c	1678	true	
UNMATCHED	ui	sel_exclude_slot	reference/src/ui-equip-cmp.c	1686	true	
UNMATCHED	ui	sel_only_slot	reference/src/ui-equip-cmp.c	1693	true	
INLINE?	ui	sel_exclude_src	reference/src/ui-equip-cmp.c	1701	true	identifier present in port sources but not a top-level decl
INLINE?	ui	sel_only_src	reference/src/ui-equip-cmp.c	1708	true	identifier present in port sources but not a top-level decl
UNMATCHED	ui	apply_simple_filter	reference/src/ui-equip-cmp.c	1715	true	
UNMATCHED	ui	apply_complex_filter	reference/src/ui-equip-cmp.c	1774	true	
INLINE?	ui	filter_items	reference/src/ui-equip-cmp.c	1836	true	identifier present in port sources but not a top-level decl
INLINE?	ui	cmp_by_location	reference/src/ui-equip-cmp.c	1868	true	identifier present in port sources but not a top-level decl
INLINE?	ui	cmp_by_quality	reference/src/ui-equip-cmp.c	1876	true	identifier present in port sources but not a top-level decl
INLINE?	ui	cmp_by_short_name	reference/src/ui-equip-cmp.c	1884	true	identifier present in port sources but not a top-level decl
INLINE?	ui	cmp_by_slot	reference/src/ui-equip-cmp.c	1892	true	identifier present in port sources but not a top-level decl
UNMATCHED	ui	cmp_for_sort_items	reference/src/ui-equip-cmp.c	1900	true	
INLINE?	ui	sort_items	reference/src/ui-equip-cmp.c	1922	true	identifier present in port sources but not a top-level decl
INLINE?	ui	select_any	reference/src/ui-equip-cmp.c	1951	true	identifier present in port sources but not a top-level decl
INLINE?	ui	select_nonequipped_wearable	reference/src/ui-equip-cmp.c	1965	true	identifier present in port sources but not a top-level decl
UNMATCHED	ui	select_wearable	reference/src/ui-equip-cmp.c	1982	true	
INLINE?	ui	select_seen_wearable	reference/src/ui-equip-cmp.c	1997	true	identifier present in port sources but not a top-level decl
UNMATCHED	ui	count_objects	reference/src/ui-equip-cmp.c	2014	true	
INLINE?	ui	add_obj_to_summary	reference/src/ui-equip-cmp.c	2038	true	identifier present in port sources but not a top-level decl
UNMATCHED	ui	apply_visitor_to_pile	reference/src/ui-equip-cmp.c	2117	true	
INLINE?	ui	apply_visitor_to_equipped	reference/src/ui-equip-cmp.c	2133	true	identifier present in port sources but not a top-level decl
INLINE?	ui	reconfigure_for_term_if_necessary	reference/src/ui-equip-cmp.c	2149	true	identifier present in port sources but not a top-level decl
INLINE?	ui	compute_player_and_equipment_values	reference/src/ui-equip-cmp.c	2279	true	identifier present in port sources but not a top-level decl
UNMATCHED	ui	check_for_two_categories	reference/src/ui-equip-cmp.c	2376	true	
INLINE?	ui	initialize_summary	reference/src/ui-equip-cmp.c	2386	true	identifier present in port sources but not a top-level decl
UNMATCHED	ui	cleanup_summary	reference/src/ui-equip-cmp.c	2655	true	
UNMATCHED	ui	cleanup_summary_items	reference/src/ui-equip-cmp.c	2681	true	
UNMATCHED	ui	source_to_char	reference/src/ui-equip-cmp.c	2693	true	
UNMATCHED	ui	display_page	reference/src/ui-equip-cmp.c	2736	true	
UNMATCHED	ui	init_ui_equip_cmp	reference/src/ui-equip-cmp.c	2862	true	
UNMATCHED	ui	cleanup_ui_equip_cmp	reference/src/ui-equip-cmp.c	2868	true	
UNMATCHED	ui	keycode_find_code	reference/src/ui-event.c	67	false	
UNMATCHED	ui	keycode_find_desc	reference/src/ui-event.c	81	false	
UNMATCHED	ui	keycode_isprint	reference/src/ui-event.c	95	false	
UNMATCHED	ui	dehex	reference/src/ui-event.c	108	true	
UNMATCHED	ui	keypress_from_text	reference/src/ui-event.c	118	false	
UNMATCHED	ui	keypress_to_text	reference/src/ui-event.c	233	false	
UNMATCHED	ui	keypress_to_readable	reference/src/ui-event.c	302	false	
INLINE?	ui	char_matches_key	reference/src/ui-event.c	350	false	identifier present in port sources but not a top-level decl
UNMATCHED	ui	event_is_key	reference/src/ui-event.c	364	false	
UNMATCHED	ui	event_is_mouse	reference/src/ui-event.c	372	false	
UNMATCHED	ui	event_is_mouse_m	reference/src/ui-event.c	381	false	
UNMATCHED	ui	cmd_init	reference/src/ui-game.c	374	false	
INLINE?	ui	cmd_lookup_key	reference/src/ui-game.c	445	false	identifier present in port sources but not a top-level decl
UNMATCHED	ui	cmd_lookup_key_unktrl	reference/src/ui-game.c	461	false	
INLINE?	ui	cmd_lookup	reference/src/ui-game.c	475	false	identifier present in port sources but not a top-level decl
UNMATCHED	ui	cmd_list_lookup_by_name	reference/src/ui-game.c	489	false	
UNMATCHED	ui	textui_process_command	reference/src/ui-game.c	515	false	
UNMATCHED	ui	textui_get_cmd	reference/src/ui-game.c	630	false	
UNMATCHED	ui	check_for_player_interrupt	reference/src/ui-game.c	645	false	
UNMATCHED	ui	pre_turn_refresh	reference/src/ui-game.c	668	true	
MATCH	ui	start_game	reference/src/ui-game.c	700	true	packages/core/src/session/game.ts:2252
UNMATCHED	ui	cleanup_savefile_selection_strings	reference/src/ui-game.c	769	true	
UNMATCHED	ui	select_savefile	reference/src/ui-game.c	788	true	
UNMATCHED	ui	play_game	reference/src/ui-game.c	922	false	
UNMATCHED	ui	savefile_set_name	reference/src/ui-game.c	985	false	
UNMATCHED	ui	savefile_name_already_used	reference/src/ui-game.c	1016	false	
MATCH	ui	save_game	reference/src/ui-game.c	1034	false	packages/core/src/session/game.ts:2883
UNMATCHED	ui	save_game_checked	reference/src/ui-game.c	1046	false	
INLINE?	ui	close_game	reference/src/ui-game.c	1116	false	identifier present in port sources but not a top-level decl
UNMATCHED	ui	got_savefile	reference/src/ui-game.c	1203	false	
UNMATCHED	ui	got_savefile_dir	reference/src/ui-game.c	1278	false	
UNMATCHED	ui	get_savefile_details	reference/src/ui-game.c	1291	false	
UNMATCHED	ui	cleanup_savefile_getter	reference/src/ui-game.c	1300	false	
UNMATCHED	ui	string_lower	reference/src/ui-help.c	29	true	
INLINE?	ui	show_file	reference/src/ui-help.c	47	false	identifier present in port sources but not a top-level decl
INLINE?	ui	do_cmd_help	reference/src/ui-help.c	470	false	identifier present in port sources but not a top-level decl
UNMATCHED	ui	print_history_header	reference/src/ui-history.c	28	true	
INLINE?	ui	history_display	reference/src/ui-history.c	38	false	identifier present in port sources but not a top-level decl
INLINE?	ui	dump_history	reference/src/ui-history.c	128	false	identifier present in port sources but not a top-level decl
UNMATCHED	data-init	textui_init	reference/src/ui-init.c	44	false	
UNMATCHED	data-init	textui_cleanup	reference/src/ui-init.c	113	false	
INLINE?	ui	flush	reference/src/ui-input.c	65	false	identifier present in port sources but not a top-level decl
UNMATCHED	ui	inkey_aux	reference/src/ui-input.c	75	true	
UNMATCHED	ui	inkey_ex	reference/src/ui-input.c	166	false	
INLINE?	ui	anykey	reference/src/ui-input.c	311	false	identifier present in port sources but not a top-level decl
INLINE?	ui	inkey	reference/src/ui-input.c	325	false	identifier present in port sources but not a top-level decl
UNMATCHED	ui	inkey_m	reference/src/ui-input.c	357	false	
INLINE?	ui	msg_flush	reference/src/ui-input.c	388	true	identifier present in port sources but not a top-level decl
UNMATCHED	ui	msg_flush_split_existing	reference/src/ui-input.c	410	true	
INLINE?	ui	display_message	reference/src/ui-input.c	487	false	identifier present in port sources but not a top-level decl
UNMATCHED	ui	bell_message	reference/src/ui-input.c	600	false	
UNMATCHED	ui	message_flush	reference/src/ui-input.c	612	false	
UNMATCHED	ui	clear_from	reference/src/ui-input.c	644	false	
UNMATCHED	ui	askfor_aux_keypress	reference/src/ui-input.c	662	false	
UNMATCHED	ui	askfor_aux_mouse	reference/src/ui-input.c	831	false	
UNMATCHED	ui	askfor_aux	reference/src/ui-input.c	860	false	
UNMATCHED	ui	askfor_aux_ext	reference/src/ui-input.c	949	false	
UNMATCHED	ui	get_name_keypress	reference/src/ui-input.c	1028	true	
UNMATCHED	ui	handle_name_mouse	reference/src/ui-input.c	1073	true	
UNMATCHED	ui	get_character_name	reference/src/ui-input.c	1145	false	
UNMATCHED	ui	textui_get_string	reference/src/ui-input.c	1181	true	
INLINE?	ui	textui_get_quantity	reference/src/ui-input.c	1206	true	identifier present in port sources but not a top-level decl
INLINE?	ui	textui_get_check	reference/src/ui-input.c	1255	true	identifier present in port sources but not a top-level decl
UNMATCHED	ui	get_char	reference/src/ui-input.c	1300	false	
UNMATCHED	ui	get_file_text	reference/src/ui-input.c	1335	true	
UNMATCHED	ui	textui_get_com	reference/src/ui-input.c	1407	true	
INLINE?	ui	get_com_ex	reference/src/ui-input.c	1419	false	identifier present in port sources but not a top-level decl
UNMATCHED	ui	pause_line	reference/src/ui-input.c	1452	false	
INLINE?	ui	textui_get_rep_dir	reference/src/ui-input.c	1487	true	identifier present in port sources but not a top-level decl
INLINE?	ui	textui_get_aim_dir	reference/src/ui-input.c	1608	true	identifier present in port sources but not a top-level decl
UNMATCHED	ui	textui_get_point	reference/src/ui-input.c	1730	true	
UNMATCHED	ui	textui_check_break	reference/src/ui-input.c	1753	true	
UNMATCHED	ui	textui_input_init	reference/src/ui-input.c	1789	false	
UNMATCHED	ui	textui_get_count	reference/src/ui-input.c	1817	true	
INLINE?	ui	textui_get_command	reference/src/ui-input.c	1874	false	identifier present in port sources but not a top-level decl
UNMATCHED	ui	key_confirm_command	reference/src/ui-input.c	1995	false	
UNMATCHED	ui	textui_process_key	reference/src/ui-input.c	2026	false	
MATCH	ui	keymap_find	reference/src/ui-keymap.c	60	false	packages/web/src/keymap-store.ts:30
UNMATCHED	ui	keymap_make	reference/src/ui-keymap.c	76	true	
MATCH	ui	keymap_add	reference/src/ui-keymap.c	99	false	packages/web/src/keymap-store.ts:35
MATCH	ui	keymap_remove	reference/src/ui-keymap.c	120	false	packages/web/src/keymap-store.ts:40
UNMATCHED	ui	keymap_free	reference/src/ui-keymap.c	147	false	
UNMATCHED	ui	keymap_dump	reference/src/ui-keymap.c	166	false	
UNMATCHED	ui	default_item_id	reference/src/ui-knowledge.c	165	true	
UNMATCHED	ui	default_group_id	reference/src/ui-knowledge.c	170	true	
MATCH	ui	feat_order	reference/src/ui-knowledge.c	178	true	packages/web/src/knowledge.ts:323
UNMATCHED	ui	actual_width	reference/src/ui-knowledge.c	198	true	
UNMATCHED	ui	actual_height	reference/src/ui-knowledge.c	206	true	
UNMATCHED	ui	logical_width	reference/src/ui-knowledge.c	215	true	
UNMATCHED	ui	logical_height	reference/src/ui-knowledge.c	223	true	
UNMATCHED	ui	display_tiles	reference/src/ui-knowledge.c	232	true	
UNMATCHED	ui	place_tile_cursor	reference/src/ui-knowledge.c	270	true	
UNMATCHED	ui	remove_tiles	reference/src/ui-knowledge.c	287	true	
UNMATCHED	ui	tile_picker_command	reference/src/ui-knowledge.c	307	true	
UNMATCHED	ui	display_glyphs	reference/src/ui-knowledge.c	575	true	
UNMATCHED	ui	glyph_command	reference/src/ui-knowledge.c	597	true	
UNMATCHED	ui	display_group_member	reference/src/ui-knowledge.c	754	true	
UNMATCHED	ui	recall_prompt	reference/src/ui-knowledge.c	780	true	
INLINE?	ui	display_knowledge	reference/src/ui-knowledge.c	795	true	identifier present in port sources but not a top-level decl
INLINE?	ui	display_monster	reference/src/ui-knowledge.c	1170	true	identifier present in port sources but not a top-level decl
INLINE?	ui	m_cmp_race	reference/src/ui-knowledge.c	1216	true	identifier present in port sources but not a top-level decl
UNMATCHED	ui	m_xchar	reference/src/ui-knowledge.c	1265	true	
INLINE?	ui	m_xattr	reference/src/ui-knowledge.c	1270	true	identifier present in port sources but not a top-level decl
INLINE?	ui	race_name	reference/src/ui-knowledge.c	1275	true	identifier present in port sources but not a top-level decl
UNMATCHED	ui	mon_lore	reference/src/ui-knowledge.c	1280	true	
INLINE?	ui	mon_summary	reference/src/ui-knowledge.c	1303	true	identifier present in port sources but not a top-level decl
UNMATCHED	ui	count_known_monsters	reference/src/ui-knowledge.c	1330	true	
INLINE?	ui	do_cmd_knowledge_monsters	reference/src/ui-knowledge.c	1382	true	identifier present in port sources but not a top-level decl
UNMATCHED	ui	get_artifact_display_name	reference/src/ui-knowledge.c	1506	true	
UNMATCHED	ui	display_artifact	reference/src/ui-knowledge.c	1524	true	
MATCH	ui	find_artifact	reference/src/ui-knowledge.c	1537	true	packages/core/src/obj/artifact-known.ts:48
INLINE?	ui	desc_art_fake	reference/src/ui-knowledge.c	1610	true	identifier present in port sources but not a top-level decl
INLINE?	ui	a_cmp_tval	reference/src/ui-knowledge.c	1656	true	identifier present in port sources but not a top-level decl
INLINE?	ui	kind_name	reference/src/ui-knowledge.c	1675	true	identifier present in port sources but not a top-level decl
UNMATCHED	ui	art2gid	reference/src/ui-knowledge.c	1680	true	
MATCH	ui	artifact_is_known	reference/src/ui-knowledge.c	1688	true	packages/core/src/obj/artifact-known.ts:62 | packages/web/src/knowledge.ts:438
UNMATCHED	ui	collect_known_artifacts	reference/src/ui-knowledge.c	1714	true	
INLINE?	ui	do_cmd_knowledge_artifacts	reference/src/ui-knowledge.c	1740	true	identifier present in port sources but not a top-level decl
UNMATCHED	ui	ego_grp_name	reference/src/ui-knowledge.c	1771	true	
UNMATCHED	ui	display_ego_item	reference/src/ui-knowledge.c	1776	true	
INLINE?	ui	desc_ego_fake	reference/src/ui-knowledge.c	1791	true	identifier present in port sources but not a top-level decl
INLINE?	ui	e_cmp_tval	reference/src/ui-knowledge.c	1809	true	identifier present in port sources but not a top-level decl
INLINE?	ui	do_cmd_knowledge_ego_items	reference/src/ui-knowledge.c	1827	true	identifier present in port sources but not a top-level decl
INLINE?	ui	display_object	reference/src/ui-knowledge.c	1895	true	identifier present in port sources but not a top-level decl
INLINE?	ui	desc_obj_fake	reference/src/ui-knowledge.c	1939	true	identifier present in port sources but not a top-level decl
INLINE?	ui	o_cmp_tval	reference/src/ui-knowledge.c	1984	true	identifier present in port sources but not a top-level decl
UNMATCHED	ui	obj2gid	reference/src/ui-knowledge.c	2027	true	
UNMATCHED	ui	o_xchar	reference/src/ui-knowledge.c	2032	true	
UNMATCHED	ui	o_xattr	reference/src/ui-knowledge.c	2043	true	
UNMATCHED	ui	o_xtra_prompt	reference/src/ui-knowledge.c	2057	true	
UNMATCHED	ui	o_xtra_act	reference/src/ui-knowledge.c	2076	true	
INLINE?	ui	textui_browse_object_knowledge	reference/src/ui-knowledge.c	2139	false	identifier present in port sources but not a top-level decl
UNMATCHED	ui	display_rune	reference/src/ui-knowledge.c	2193	true	
UNMATCHED	ui	rune_var_name	reference/src/ui-knowledge.c	2206	true	
INLINE?	ui	rune_var	reference/src/ui-knowledge.c	2211	true	identifier present in port sources but not a top-level decl
INLINE?	ui	rune_lore	reference/src/ui-knowledge.c	2216	true	identifier present in port sources but not a top-level decl
UNMATCHED	ui	rune_xtra_prompt	reference/src/ui-knowledge.c	2235	true	
UNMATCHED	ui	rune_xtra_act	reference/src/ui-knowledge.c	2247	true	
INLINE?	ui	do_cmd_knowledge_runes	reference/src/ui-knowledge.c	2291	true	identifier present in port sources but not a top-level decl
UNMATCHED	ui	display_feature	reference/src/ui-knowledge.c	2346	true	
INLINE?	ui	f_cmp_fkind	reference/src/ui-knowledge.c	2368	true	identifier present in port sources but not a top-level decl
UNMATCHED	ui	fkind_name	reference/src/ui-knowledge.c	2383	true	
UNMATCHED	ui	f_xattr	reference/src/ui-knowledge.c	2395	true	
UNMATCHED	ui	f_xchar	reference/src/ui-knowledge.c	2399	true	
UNMATCHED	ui	feat_lore	reference/src/ui-knowledge.c	2403	true	
UNMATCHED	ui	feat_prompt	reference/src/ui-knowledge.c	2421	true	
UNMATCHED	ui	f_xtra_act	reference/src/ui-knowledge.c	2435	true	
INLINE?	ui	do_cmd_knowledge_features	reference/src/ui-knowledge.c	2460	true	identifier present in port sources but not a top-level decl
UNMATCHED	ui	display_trap	reference/src/ui-knowledge.c	2509	true	
MATCH	ui	trap_order	reference/src/ui-knowledge.c	2530	true	packages/web/src/knowledge.ts:379
INLINE?	ui	t_cmp_tkind	reference/src/ui-knowledge.c	2544	true	identifier present in port sources but not a top-level decl
UNMATCHED	ui	tkind_name	reference/src/ui-knowledge.c	2568	true	
UNMATCHED	ui	t_xattr	reference/src/ui-knowledge.c	2580	true	
UNMATCHED	ui	t_xchar	reference/src/ui-knowledge.c	2584	true	
INLINE?	ui	trap_lore	reference/src/ui-knowledge.c	2588	true	identifier present in port sources but not a top-level decl
UNMATCHED	ui	trap_prompt	reference/src/ui-knowledge.c	2607	true	
UNMATCHED	ui	t_xtra_act	reference/src/ui-knowledge.c	2616	true	
INLINE?	ui	do_cmd_knowledge_traps	reference/src/ui-knowledge.c	2641	true	identifier present in port sources but not a top-level decl
INLINE?	ui	count_interesting_shapes	reference/src/ui-knowledge.c	2675	true	identifier present in port sources but not a top-level decl
INLINE?	ui	compare_shape_names	reference/src/ui-knowledge.c	2695	true	identifier present in port sources but not a top-level decl
UNMATCHED	ui	shape_lore_helper_append_to_list	reference/src/ui-knowledge.c	2704	true	
MATCH	ui	skill_index_to_name	reference/src/ui-knowledge.c	2721	true	packages/core/src/player/shape-lore.ts:70
INLINE?	ui	shape_lore_append_list	reference/src/ui-knowledge.c	2771	true	identifier present in port sources but not a top-level decl
INLINE?	ui	shape_lore_append_basic_combat	reference/src/ui-knowledge.c	2786	true	identifier present in port sources but not a top-level decl
INLINE?	ui	shape_lore_append_skills	reference/src/ui-knowledge.c	2818	true	identifier present in port sources but not a top-level decl
INLINE?	ui	shape_lore_append_non_stat_modifiers	reference/src/ui-knowledge.c	2847	true	identifier present in port sources but not a top-level decl
UNMATCHED	ui	shape_lore_append_stat_modifiers	reference/src/ui-knowledge.c	2877	true	
INLINE?	ui	shape_lore_append_resistances	reference/src/ui-knowledge.c	2907	true	identifier present in port sources but not a top-level decl
INLINE?	ui	shape_lore_append_protection_flags	reference/src/ui-knowledge.c	2949	true	identifier present in port sources but not a top-level decl
INLINE?	ui	shape_lore_append_sustains	reference/src/ui-knowledge.c	2980	true	identifier present in port sources but not a top-level decl
INLINE?	ui	shape_lore_append_misc_flags	reference/src/ui-knowledge.c	3010	true	identifier present in port sources but not a top-level decl
INLINE?	ui	shape_lore_append_change_effects	reference/src/ui-knowledge.c	3045	true	identifier present in port sources but not a top-level decl
INLINE?	ui	shape_lore_append_triggering_spells	reference/src/ui-knowledge.c	3059	true	identifier present in port sources but not a top-level decl
INLINE?	ui	shape_lore	reference/src/ui-knowledge.c	3112	true	identifier present in port sources but not a top-level decl
INLINE?	ui	do_cmd_knowledge_shapechange	reference/src/ui-knowledge.c	3140	true	identifier present in port sources but not a top-level decl
UNMATCHED	ui	parse_monster_category	reference/src/ui-knowledge.c	3280	true	
UNMATCHED	ui	parse_mcat_include_base	reference/src/ui-knowledge.c	3294	true	
UNMATCHED	ui	parse_mcat_include_flag	reference/src/ui-knowledge.c	3328	true	
UNMATCHED	ui	parse_mcat_include_other	reference/src/ui-knowledge.c	3357	true	
INLINE?	ui	init_ui_knowledge_parser	reference/src/ui-knowledge.c	3380	true	identifier present in port sources but not a top-level decl
UNMATCHED	ui	run_ui_knowledge_parser	reference/src/ui-knowledge.c	3394	true	
INLINE?	ui	finish_ui_knowledge_parser	reference/src/ui-knowledge.c	3399	true	identifier present in port sources but not a top-level decl
UNMATCHED	ui	cleanup_ui_knowledge_parsed_data	reference/src/ui-knowledge.c	3476	true	
INLINE?	ui	do_cmd_knowledge_store	reference/src/ui-knowledge.c	3522	true	identifier present in port sources but not a top-level decl
UNMATCHED	ui	do_cmd_knowledge_scores	reference/src/ui-knowledge.c	3527	true	
UNMATCHED	ui	do_cmd_knowledge_history	reference/src/ui-knowledge.c	3532	true	
UNMATCHED	ui	do_cmd_knowledge_equip_cmp	reference/src/ui-knowledge.c	3537	true	
UNMATCHED	ui	handle_store_shortcuts	reference/src/ui-knowledge.c	3542	true	
UNMATCHED	ui	cleanup_main_knowledge_menu	reference/src/ui-knowledge.c	3566	true	
INLINE?	ui	reset_main_knowledge_menu	reference/src/ui-knowledge.c	3593	true	identifier present in port sources but not a top-level decl
UNMATCHED	ui	textui_knowledge_init	reference/src/ui-knowledge.c	3710	false	
UNMATCHED	ui	textui_knowledge_cleanup	reference/src/ui-knowledge.c	3739	false	
UNMATCHED	ui	textui_browse_knowledge	reference/src/ui-knowledge.c	3751	false	
INLINE?	ui	do_cmd_message_one	reference/src/ui-knowledge.c	3819	false	identifier present in port sources but not a top-level decl
INLINE?	ui	do_cmd_messages	reference/src/ui-knowledge.c	3841	false	identifier present in port sources but not a top-level decl
INLINE?	ui	do_cmd_inven	reference/src/ui-knowledge.c	4025	false	identifier present in port sources but not a top-level decl
INLINE?	ui	do_cmd_equip	reference/src/ui-knowledge.c	4071	false	identifier present in port sources but not a top-level decl
INLINE?	ui	do_cmd_quiver	reference/src/ui-knowledge.c	4120	false	identifier present in port sources but not a top-level decl
INLINE?	ui	do_cmd_look	reference/src/ui-knowledge.c	4169	false	identifier present in port sources but not a top-level decl
INLINE?	ui	do_cmd_locate	reference/src/ui-knowledge.c	4182	false	identifier present in port sources but not a top-level decl
INLINE?	ui	cmp_mexp	reference/src/ui-knowledge.c	4308	true	identifier present in port sources but not a top-level decl
INLINE?	ui	cmp_level	reference/src/ui-knowledge.c	4319	true	identifier present in port sources but not a top-level decl
UNMATCHED	ui	cmp_tkill	reference/src/ui-knowledge.c	4330	true	
UNMATCHED	ui	cmp_pkill	reference/src/ui-knowledge.c	4341	true	
INLINE?	ui	cmp_monsters	reference/src/ui-knowledge.c	4352	false	identifier present in port sources but not a top-level decl
UNMATCHED	ui	lookup_symbol	reference/src/ui-knowledge.c	4372	true	
INLINE?	ui	do_cmd_query_symbol	reference/src/ui-knowledge.c	4467	false	identifier present in port sources but not a top-level decl
INLINE?	ui	do_cmd_center_map	reference/src/ui-knowledge.c	4631	false	identifier present in port sources but not a top-level decl
INLINE?	ui	do_cmd_monlist	reference/src/ui-knowledge.c	4641	false	identifier present in port sources but not a top-level decl
UNMATCHED	ui	do_cmd_itemlist	reference/src/ui-knowledge.c	4656	false	
UNMATCHED	ui	hallucinatory_monster	reference/src/ui-map.c	41	true	
UNMATCHED	ui	hallucinatory_object	reference/src/ui-map.c	61	true	
UNMATCHED	ui	get_trap_graphics	reference/src/ui-map.c	90	true	
INLINE?	ui	grid_get_attr	reference/src/ui-map.c	108	true	identifier present in port sources but not a top-level decl
INLINE?	ui	grid_data_as_text	reference/src/ui-map.c	175	false	identifier present in port sources but not a top-level decl
UNMATCHED	ui	get_minimap_dimensions	reference/src/ui-map.c	348	true	
UNMATCHED	ui	move_cursor_relative_map	reference/src/ui-map.c	390	true	
UNMATCHED	ui	move_cursor_relative	reference/src/ui-map.c	456	false	
UNMATCHED	ui	print_rel_map	reference/src/ui-map.c	500	true	
UNMATCHED	ui	print_rel	reference/src/ui-map.c	581	false	
UNMATCHED	ui	prt_map_aux	reference/src/ui-map.c	615	true	
UNMATCHED	ui	prt_map	reference/src/ui-map.c	706	false	
INLINE?	ui	display_map	reference/src/ui-map.c	761	false	identifier present in port sources but not a top-level decl
INLINE?	ui	do_cmd_view_map	reference/src/ui-map.c	894	false	identifier present in port sources but not a top-level decl
UNMATCHED	ui	display_action_aux	reference/src/ui-menu.c	56	true	
UNMATCHED	ui	menu_action_tag	reference/src/ui-menu.c	74	true	
UNMATCHED	ui	menu_action_valid	reference/src/ui-menu.c	80	true	
UNMATCHED	ui	menu_action_display	reference/src/ui-menu.c	90	true	
UNMATCHED	ui	menu_action_handle	reference/src/ui-menu.c	98	true	
UNMATCHED	ui	display_string	reference/src/ui-menu.c	135	true	
UNMATCHED	ui	handle_string	reference/src/ui-menu.c	143	true	
UNMATCHED	ui	scrolling_get_cursor	reference/src/ui-menu.c	169	true	
UNMATCHED	ui	display_scrolling	reference/src/ui-menu.c	181	true	
UNMATCHED	ui	scroll_get_tag	reference/src/ui-menu.c	216	true	
UNMATCHED	ui	scroll_process_direction	reference/src/ui-menu.c	224	true	
UNMATCHED	ui	object_skin_get_cursor	reference/src/ui-menu.c	262	true	
UNMATCHED	ui	object_skin_display	reference/src/ui-menu.c	274	true	
UNMATCHED	ui	object_skin_get_tag	reference/src/ui-menu.c	309	true	
UNMATCHED	ui	object_skin_process_direction	reference/src/ui-menu.c	317	true	
UNMATCHED	ui	columns_get_cursor	reference/src/ui-menu.c	353	true	
UNMATCHED	ui	display_columns	reference/src/ui-menu.c	372	true	
UNMATCHED	ui	column_get_tag	reference/src/ui-menu.c	404	true	
UNMATCHED	ui	column_process_direction	reference/src/ui-menu.c	412	true	
UNMATCHED	ui	is_valid_row	reference/src/ui-menu.c	449	true	
UNMATCHED	ui	no_valid_row	reference/src/ui-menu.c	465	true	
UNMATCHED	ui	get_cursor_key	reference/src/ui-menu.c	480	true	
UNMATCHED	ui	menu_row_style_for_validity	reference/src/ui-menu.c	530	true	
UNMATCHED	ui	display_menu_row	reference/src/ui-menu.c	551	true	
UNMATCHED	ui	menu_refresh	reference/src/ui-menu.c	588	false	
UNMATCHED	ui	menu_handle_mouse	reference/src/ui-menu.c	628	false	
UNMATCHED	ui	menu_handle_action	reference/src/ui-menu.c	671	true	
UNMATCHED	ui	menu_handle_keypress	reference/src/ui-menu.c	691	false	
INLINE?	ui	menu_select	reference/src/ui-menu.c	767	false	identifier present in port sources but not a top-level decl
UNMATCHED	ui	menu_find_iter	reference/src/ui-menu.c	845	false	
UNMATCHED	ui	menu_find_skin	reference/src/ui-menu.c	862	true	
UNMATCHED	ui	menu_set_filter	reference/src/ui-menu.c	880	false	
UNMATCHED	ui	menu_release_filter	reference/src/ui-menu.c	888	false	
UNMATCHED	ui	menu_ensure_cursor_valid	reference/src/ui-menu.c	897	false	
UNMATCHED	ui	menu_calc_size	reference/src/ui-menu.c	916	true	
UNMATCHED	ui	menu_layout	reference/src/ui-menu.c	945	false	
UNMATCHED	ui	menu_setpriv	reference/src/ui-menu.c	951	false	
UNMATCHED	ui	menu_priv	reference/src/ui-menu.c	959	false	
UNMATCHED	ui	menu_init	reference/src/ui-menu.c	964	false	
UNMATCHED	ui	menu_new	reference/src/ui-menu.c	980	false	
UNMATCHED	ui	menu_new_action	reference/src/ui-menu.c	987	false	
UNMATCHED	ui	menu_free	reference/src/ui-menu.c	994	false	
UNMATCHED	ui	menu_set_cursor_x_offset	reference/src/ui-menu.c	999	false	
UNMATCHED	ui	dynamic_valid	reference/src/ui-menu.c	1015	true	
UNMATCHED	ui	dynamic_display	reference/src/ui-menu.c	1027	true	
UNMATCHED	ui	menu_dynamic_new	reference/src/ui-menu.c	1056	false	
UNMATCHED	ui	menu_dynamic_add_valid	reference/src/ui-menu.c	1063	false	
UNMATCHED	ui	menu_dynamic_add	reference/src/ui-menu.c	1090	false	
UNMATCHED	ui	menu_dynamic_add_label_valid	reference/src/ui-menu.c	1095	false	
UNMATCHED	ui	menu_dynamic_add_label	reference/src/ui-menu.c	1103	false	
UNMATCHED	ui	menu_dynamic_longest_entry	reference/src/ui-menu.c	1108	false	
UNMATCHED	ui	menu_dynamic_calc_location	reference/src/ui-menu.c	1124	false	
UNMATCHED	ui	menu_dynamic_select	reference/src/ui-menu.c	1151	false	
UNMATCHED	ui	menu_dynamic_free	reference/src/ui-menu.c	1168	false	
INLINE?	ui	monster_list_format_section	reference/src/ui-mon-list.c	57	true	identifier present in port sources but not a top-level decl
INLINE?	ui	monster_list_format_special	reference/src/ui-mon-list.c	209	true	identifier present in port sources but not a top-level decl
INLINE?	ui	monster_list_format_textblock	reference/src/ui-mon-list.c	249	true	identifier present in port sources but not a top-level decl
UNMATCHED	ui	monster_list_get_glyphs	reference/src/ui-mon-list.c	317	true	
UNMATCHED	ui	monster_list_show_subwindow	reference/src/ui-mon-list.c	349	false	
INLINE?	ui	monster_list_show_interactive	reference/src/ui-mon-list.c	388	false	identifier present in port sources but not a top-level decl
UNMATCHED	ui	monster_list_force_subwindow_update	reference/src/ui-mon-list.c	465	false	
MATCH	ui	lore_title	reference/src/ui-mon-lore.c	38	false	packages/core/src/mon/lore-describe.ts:1345
MATCH	ui	lore_description	reference/src/ui-mon-lore.c	89	false	packages/core/src/mon/lore-describe.ts:1361
INLINE?	ui	lore_show_interactive	reference/src/ui-mon-lore.c	162	false	identifier present in port sources but not a top-level decl
UNMATCHED	ui	lore_show_subwindow	reference/src/ui-mon-lore.c	185	false	
INLINE?	ui	object_list_format_section	reference/src/ui-obj-list.c	55	true	identifier present in port sources but not a top-level decl
UNMATCHED	ui	object_list_format_special	reference/src/ui-obj-list.c	200	true	
INLINE?	ui	object_list_format_textblock	reference/src/ui-obj-list.c	227	true	identifier present in port sources but not a top-level decl
UNMATCHED	ui	object_list_show_subwindow	reference/src/ui-obj-list.c	307	false	
INLINE?	ui	object_list_show_interactive	reference/src/ui-obj-list.c	336	false	identifier present in port sources but not a top-level decl
INLINE?	ui	use_flavor_glyph	reference/src/ui-object.c	87	true	identifier present in port sources but not a top-level decl
INLINE?	ui	object_kind_attr	reference/src/ui-object.c	97	false	identifier present in port sources but not a top-level decl
INLINE?	ui	object_kind_char	reference/src/ui-object.c	108	false	identifier present in port sources but not a top-level decl
INLINE?	ui	object_attr	reference/src/ui-object.c	119	false	identifier present in port sources but not a top-level decl
INLINE?	ui	object_char	reference/src/ui-object.c	129	false	identifier present in port sources but not a top-level decl
INLINE?	ui	show_obj	reference/src/ui-object.c	139	true	identifier present in port sources but not a top-level decl
UNMATCHED	ui	wipe_obj_list	reference/src/ui-object.c	249	true	
INLINE?	ui	build_obj_list	reference/src/ui-object.c	273	true	identifier present in port sources but not a top-level decl
UNMATCHED	ui	set_obj_names	reference/src/ui-object.c	341	true	
UNMATCHED	ui	show_obj_list	reference/src/ui-object.c	381	true	
UNMATCHED	ui	show_inven	reference/src/ui-object.c	476	false	
UNMATCHED	ui	show_quiver	reference/src/ui-object.c	519	false	
UNMATCHED	ui	show_equip	reference/src/ui-object.c	544	false	
INLINE?	ui	show_floor	reference/src/ui-object.c	583	false	identifier present in port sources but not a top-level decl
UNMATCHED	ui	get_item_allow	reference/src/ui-object.c	634	false	
UNMATCHED	ui	get_tag	reference/src/ui-object.c	693	true	
INLINE?	ui	menu_header	reference/src/ui-object.c	764	true	identifier present in port sources but not a top-level decl
UNMATCHED	ui	get_item_tag	reference/src/ui-object.c	920	true	
UNMATCHED	ui	get_item_validity	reference/src/ui-object.c	930	true	
UNMATCHED	ui	get_item_display	reference/src/ui-object.c	940	true	
UNMATCHED	ui	get_item_action	reference/src/ui-object.c	950	true	
UNMATCHED	ui	item_menu_browser	reference/src/ui-object.c	1008	true	
UNMATCHED	ui	use_context_menu_list_switcher	reference/src/ui-object.c	1073	true	
INLINE?	ui	item_menu	reference/src/ui-object.c	1142	true	identifier present in port sources but not a top-level decl
INLINE?	ui	textui_get_item	reference/src/ui-object.c	1323	false	identifier present in port sources but not a top-level decl
UNMATCHED	ui	display_object_recall	reference/src/ui-object.c	1613	false	
UNMATCHED	ui	display_object_kind_recall	reference/src/ui-object.c	1631	false	
UNMATCHED	ui	display_object_recall_interactive	reference/src/ui-object.c	1652	false	
INLINE?	ui	textui_obj_examine	reference/src/ui-object.c	1669	false	identifier present in port sources but not a top-level decl
INLINE?	ui	textui_cmd_ignore_menu	reference/src/ui-object.c	1711	false	identifier present in port sources but not a top-level decl
INLINE?	ui	textui_cmd_ignore	reference/src/ui-object.c	1825	false	identifier present in port sources but not a top-level decl
INLINE?	ui	textui_cmd_toggle_ignore	reference/src/ui-object.c	1839	false	identifier present in port sources but not a top-level decl
UNMATCHED	ui	get_pref_path	reference/src/ui-options.c	44	true	
UNMATCHED	ui	dump_pref_file	reference/src/ui-options.c	82	true	
INLINE?	ui	option_toggle_display	reference/src/ui-options.c	117	true	identifier present in port sources but not a top-level decl
INLINE?	ui	option_toggle_handle	reference/src/ui-options.c	144	true	identifier present in port sources but not a top-level decl
UNMATCHED	ui	use_option_context_menu	reference/src/ui-options.c	228	true	
INLINE?	ui	option_toggle_menu	reference/src/ui-options.c	324	true	identifier present in port sources but not a top-level decl
INLINE?	ui	do_cmd_options_birth	reference/src/ui-options.c	377	false	identifier present in port sources but not a top-level decl
UNMATCHED	ui	do_cmd_options_win	reference/src/ui-options.c	386	true	
INLINE?	ui	keymap_get_trigger	reference/src/ui-options.c	547	true	identifier present in port sources but not a top-level decl
UNMATCHED	ui	ui_keymap_pref_load	reference/src/ui-options.c	576	true	
UNMATCHED	ui	ui_keymap_pref_append	reference/src/ui-options.c	581	true	
INLINE?	ui	ui_keymap_query	reference/src/ui-options.c	586	true	identifier present in port sources but not a top-level decl
INLINE?	ui	ui_keymap_create	reference/src/ui-options.c	618	true	identifier present in port sources but not a top-level decl
INLINE?	ui	ui_keymap_remove	reference/src/ui-options.c	699	true	identifier present in port sources but not a top-level decl
UNMATCHED	ui	keymap_browse_hook	reference/src/ui-options.c	719	true	
INLINE?	ui	do_cmd_keymaps	reference/src/ui-options.c	743	true	identifier present in port sources but not a top-level decl
UNMATCHED	ui	visuals_pref_load	reference/src/ui-options.c	772	true	
UNMATCHED	ui	visuals_dump_monsters	reference/src/ui-options.c	777	true	
UNMATCHED	ui	visuals_dump_objects	reference/src/ui-options.c	782	true	
UNMATCHED	ui	visuals_dump_features	reference/src/ui-options.c	787	true	
UNMATCHED	ui	visuals_dump_flavors	reference/src/ui-options.c	792	true	
UNMATCHED	ui	visuals_reset	reference/src/ui-options.c	797	true	
UNMATCHED	ui	visuals_browse_hook	reference/src/ui-options.c	821	true	
UNMATCHED	ui	do_cmd_visuals	reference/src/ui-options.c	831	true	
UNMATCHED	ui	colors_pref_load	reference/src/ui-options.c	859	true	
UNMATCHED	ui	colors_pref_dump	reference/src/ui-options.c	871	true	
INLINE?	ui	colors_modify	reference/src/ui-options.c	876	true	identifier present in port sources but not a top-level decl
UNMATCHED	ui	colors_browse_hook	reference/src/ui-options.c	981	true	
INLINE?	ui	do_cmd_colors	reference/src/ui-options.c	999	true	identifier present in port sources but not a top-level decl
INLINE?	ui	askfor_aux_numbers	reference/src/ui-options.c	1026	true	identifier present in port sources but not a top-level decl
INLINE?	ui	do_cmd_delay	reference/src/ui-options.c	1057	true	identifier present in port sources but not a top-level decl
INLINE?	ui	do_cmd_sidebar_mode	reference/src/ui-options.c	1085	true	identifier present in port sources but not a top-level decl
INLINE?	ui	do_cmd_hp_warn	reference/src/ui-options.c	1122	true	identifier present in port sources but not a top-level decl
INLINE?	ui	do_cmd_lazymove_delay	reference/src/ui-options.c	1162	true	identifier present in port sources but not a top-level decl
UNMATCHED	ui	do_cmd_pref_file_hack	reference/src/ui-options.c	1202	true	
UNMATCHED	ui	do_dump_options	reference/src/ui-options.c	1249	true	
UNMATCHED	ui	do_dump_autoinsc	reference/src/ui-options.c	1256	true	
UNMATCHED	ui	do_dump_charscreen_opt	reference/src/ui-options.c	1263	true	
UNMATCHED	ui	options_load_pref_file	reference/src/ui-options.c	1270	true	
INLINE?	ui	strip_ego_name	reference/src/ui-options.c	1288	true	identifier present in port sources but not a top-level decl
INLINE?	ui	ego_item_name	reference/src/ui-options.c	1301	false	identifier present in port sources but not a top-level decl
INLINE?	ui	ego_comp_func	reference/src/ui-options.c	1349	true	identifier present in port sources but not a top-level decl
UNMATCHED	ui	ego_display	reference/src/ui-options.c	1361	true	
UNMATCHED	ui	ego_action	reference/src/ui-options.c	1388	true	
INLINE?	ui	ego_menu	reference/src/ui-options.c	1405	true	identifier present in port sources but not a top-level decl
INLINE?	ui	cmp_ignore	reference/src/ui-options.c	1510	true	identifier present in port sources but not a top-level decl
UNMATCHED	ui	quality_validity	reference/src/ui-options.c	1531	true	
INLINE?	ui	quality_display	reference/src/ui-options.c	1539	true	identifier present in port sources but not a top-level decl
UNMATCHED	ui	quality_subdisplay	reference/src/ui-options.c	1571	true	
INLINE?	ui	quality_action	reference/src/ui-options.c	1584	true	identifier present in port sources but not a top-level decl
INLINE?	ui	quality_menu	reference/src/ui-options.c	1630	true	identifier present in port sources but not a top-level decl
MATCH	ui	ignore_tval	reference/src/ui-options.c	1699	false	packages/web/src/ignore-menu.ts:160
INLINE?	ui	ignore_sval_menu_display	reference/src/ui-options.c	1717	true	identifier present in port sources but not a top-level decl
INLINE?	ui	ignore_sval_menu_action	reference/src/ui-options.c	1742	true	identifier present in port sources but not a top-level decl
INLINE?	ui	ignore_collect_kind	reference/src/ui-options.c	1778	true	identifier present in port sources but not a top-level decl
INLINE?	ui	sval_menu	reference/src/ui-options.c	1823	true	identifier present in port sources but not a top-level decl
UNMATCHED	ui	seen_tval	reference/src/ui-options.c	1883	true	
UNMATCHED	ui	tag_options_item	reference/src/ui-options.c	1917	true	
UNMATCHED	ui	valid_options_item	reference/src/ui-options.c	1936	true	
UNMATCHED	ui	display_options_item	reference/src/ui-options.c	1955	true	
UNMATCHED	ui	handle_options_item	reference/src/ui-options.c	1976	true	
INLINE?	ui	do_cmd_options_item	reference/src/ui-options.c	2009	false	identifier present in port sources but not a top-level decl
INLINE?	ui	do_cmd_options	reference/src/ui-options.c	2066	false	identifier present in port sources but not a top-level decl
UNMATCHED	ui	cleanup_options	reference/src/ui-options.c	2086	false	
UNMATCHED	ui	region_calculate	reference/src/ui-output.c	35	false	
UNMATCHED	ui	region_erase_bordered	reference/src/ui-output.c	52	false	
INLINE?	ui	region_erase	reference/src/ui-output.c	66	false	identifier present in port sources but not a top-level decl
UNMATCHED	ui	region_inside	reference/src/ui-output.c	75	false	
UNMATCHED	ui	display_area	reference/src/ui-output.c	102	true	
UNMATCHED	ui	textui_textblock_place	reference/src/ui-output.c	124	false	
UNMATCHED	ui	textui_textblock_show	reference/src/ui-output.c	155	false	
UNMATCHED	ui	text_out_to_screen	reference/src/ui-output.c	252	false	
INLINE?	ui	c_put_str	reference/src/ui-output.c	368	false	identifier present in port sources but not a top-level decl
INLINE?	ui	put_str	reference/src/ui-output.c	377	false	identifier present in port sources but not a top-level decl
INLINE?	ui	c_prt	reference/src/ui-output.c	385	false	identifier present in port sources but not a top-level decl
INLINE?	ui	prt	reference/src/ui-output.c	396	false	identifier present in port sources but not a top-level decl
INLINE?	ui	screen_save	reference/src/ui-output.c	426	false	identifier present in port sources but not a top-level decl
INLINE?	ui	screen_load	reference/src/ui-output.c	438	false	identifier present in port sources but not a top-level decl
UNMATCHED	ui	screen_load_all	reference/src/ui-output.c	449	false	
UNMATCHED	ui	textui_map_is_visible	reference/src/ui-output.c	456	false	
INLINE?	ui	window_make	reference/src/ui-output.c	469	false	identifier present in port sources but not a top-level decl
UNMATCHED	ui	panel_should_modify	reference/src/ui-output.c	497	false	
INLINE?	ui	modify_panel	reference/src/ui-output.c	529	false	identifier present in port sources but not a top-level decl
INLINE?	ui	verify_panel_int	reference/src/ui-output.c	563	true	identifier present in port sources but not a top-level decl
INLINE?	ui	change_panel	reference/src/ui-output.c	623	false	identifier present in port sources but not a top-level decl
MATCH	ui	verify_panel	reference/src/ui-output.c	667	false	packages/web/src/main.ts:4844
INLINE?	ui	center_panel	reference/src/ui-output.c	672	false	identifier present in port sources but not a top-level decl
UNMATCHED	ui	textui_get_panel	reference/src/ui-output.c	677	false	
UNMATCHED	ui	textui_panel_contains	reference/src/ui-output.c	689	false	
UNMATCHED	ui	view_ability_tag	reference/src/ui-player-properties.c	31	true	
INLINE?	ui	view_ability_display	reference/src/ui-player-properties.c	39	true	identifier present in port sources but not a top-level decl
INLINE?	ui	view_ability_menu_browser	reference/src/ui-player-properties.c	84	true	identifier present in port sources but not a top-level decl
INLINE?	ui	textui_view_ability_menu	reference/src/ui-player-properties.c	107	false	identifier present in port sources but not a top-level decl
UNMATCHED	ui	panel_allocate	reference/src/ui-player.c	71	true	
UNMATCHED	ui	panel_free	reference/src/ui-player.c	84	true	
INLINE?	ui	panel_line	reference/src/ui-player.c	93	true	identifier present in port sources but not a top-level decl
INLINE?	ui	panel_space	reference/src/ui-player.c	117	true	identifier present in port sources but not a top-level decl
UNMATCHED	ui	have_valid_char_sheet_config	reference/src/ui-player.c	146	true	
UNMATCHED	ui	release_char_sheet_config	reference/src/ui-player.c	159	true	
UNMATCHED	ui	check_for_two_categories	reference/src/ui-player.c	175	true	
INLINE?	ui	configure_char_sheet	reference/src/ui-player.c	185	true	identifier present in port sources but not a top-level decl
MATCH	ui	likert	reference/src/ui-player.c	274	true	packages/core/src/game/char-sheet.ts:244
INLINE?	ui	display_player_equippy	reference/src/ui-player.c	350	true	identifier present in port sources but not a top-level decl
INLINE?	ui	display_resistance_panel	reference/src/ui-player.c	379	true	identifier present in port sources but not a top-level decl
INLINE?	ui	display_player_flag_info	reference/src/ui-player.c	437	true	identifier present in port sources but not a top-level decl
INLINE?	ui	display_player_stat_info	reference/src/ui-player.c	449	false	identifier present in port sources but not a top-level decl
INLINE?	ui	display_player_sust_info	reference/src/ui-player.c	521	true	identifier present in port sources but not a top-level decl
INLINE?	ui	display_panel	reference/src/ui-player.c	586	true	identifier present in port sources but not a top-level decl
MATCH	ui	show_title	reference/src/ui-player.c	626	true	packages/core/src/game/char-sheet.ts:283
MATCH	ui	show_adv_exp	reference/src/ui-player.c	636	true	packages/core/src/game/char-sheet.ts:293
MATCH	ui	show_depth	reference/src/ui-player.c	650	true	packages/core/src/game/char-sheet.ts:307
MATCH	ui	show_speed	reference/src/ui-player.c	661	true	packages/core/src/game/char-sheet.ts:317
MATCH	ui	max_color	reference/src/ui-player.c	678	true	packages/core/src/game/char-sheet.ts:334
INLINE?	ui	get_panel_topleft	reference/src/ui-player.c	694	true	identifier present in port sources but not a top-level decl
INLINE?	ui	get_panel_midleft	reference/src/ui-player.c	707	true	identifier present in port sources but not a top-level decl
INLINE?	ui	get_panel_combat	reference/src/ui-player.c	728	true	identifier present in port sources but not a top-level decl
INLINE?	ui	get_panel_skills	reference/src/ui-player.c	778	true	identifier present in port sources but not a top-level decl
INLINE?	ui	get_panel_misc	reference/src/ui-player.c	826	true	identifier present in port sources but not a top-level decl
INLINE?	ui	display_player_xtra_info	reference/src/ui-player.c	858	false	identifier present in port sources but not a top-level decl
INLINE?	ui	display_player	reference/src/ui-player.c	890	false	identifier present in port sources but not a top-level decl
INLINE?	ui	write_character_dump	reference/src/ui-player.c	925	false	identifier present in port sources but not a top-level decl
INLINE?	ui	dump_save	reference/src/ui-player.c	1201	false	identifier present in port sources but not a top-level decl
INLINE?	ui	do_cmd_change_name	reference/src/ui-player.c	1219	false	identifier present in port sources but not a top-level decl
UNMATCHED	ui	init_ui_player	reference/src/ui-player.c	1313	true	
UNMATCHED	ui	cleanup_ui_player	reference/src/ui-player.c	1319	true	
UNMATCHED	ui	remove_old_dump	reference/src/ui-prefs.c	75	true	
UNMATCHED	ui	pref_header	reference/src/ui-prefs.c	153	true	
UNMATCHED	ui	pref_footer	reference/src/ui-prefs.c	165	true	
UNMATCHED	ui	dump_monsters	reference/src/ui-prefs.c	178	false	
UNMATCHED	ui	dump_objects	reference/src/ui-prefs.c	197	false	
UNMATCHED	ui	dump_autoinscriptions	reference/src/ui-prefs.c	218	false	
UNMATCHED	ui	dump_features	reference/src/ui-prefs.c	239	false	
UNMATCHED	ui	dump_flavors	reference/src/ui-prefs.c	279	false	
UNMATCHED	ui	dump_colors	reference/src/ui-prefs.c	295	false	
UNMATCHED	ui	dump_ui_entry_renderers	reference/src/ui-prefs.c	323	false	
UNMATCHED	ui	option_dump	reference/src/ui-prefs.c	352	false	
UNMATCHED	ui	prefs_save	reference/src/ui-prefs.c	391	false	
UNMATCHED	ui	parse_prefs_load	reference/src/ui-prefs.c	429	true	
UNMATCHED	ui	process_pref_file_expr	reference/src/ui-prefs.c	453	true	
UNMATCHED	ui	parse_prefs_expr	reference/src/ui-prefs.c	577	true	
INLINE?	ui	parse_prefs_object	reference/src/ui-prefs.c	602	true	identifier present in port sources but not a top-level decl
INLINE?	ui	parse_prefs_monster	reference/src/ui-prefs.c	682	true	identifier present in port sources but not a top-level decl
UNMATCHED	ui	parse_prefs_monster_base	reference/src/ui-prefs.c	702	true	
INLINE?	ui	set_trap_graphic	reference/src/ui-prefs.c	733	true	identifier present in port sources but not a top-level decl
INLINE?	ui	parse_prefs_trap	reference/src/ui-prefs.c	745	true	identifier present in port sources but not a top-level decl
INLINE?	ui	parse_prefs_feat	reference/src/ui-prefs.c	798	true	identifier present in port sources but not a top-level decl
INLINE?	ui	parse_prefs_gf	reference/src/ui-prefs.c	851	true	identifier present in port sources but not a top-level decl
INLINE?	ui	parse_prefs_flavor	reference/src/ui-prefs.c	908	true	identifier present in port sources but not a top-level decl
UNMATCHED	ui	parse_prefs_inscribe	reference/src/ui-prefs.c	930	true	
UNMATCHED	ui	parse_prefs_keymap_action	reference/src/ui-prefs.c	956	true	
UNMATCHED	ui	parse_prefs_keymap_input	reference/src/ui-prefs.c	972	true	
UNMATCHED	ui	parse_prefs_message	reference/src/ui-prefs.c	994	true	
UNMATCHED	ui	parse_prefs_color	reference/src/ui-prefs.c	1025	true	
UNMATCHED	ui	parse_prefs_window	reference/src/ui-prefs.c	1054	true	
UNMATCHED	ui	parse_prefs_entry_renderer	reference/src/ui-prefs.c	1085	true	
UNMATCHED	ui	parse_prefs_dummy	reference/src/ui-prefs.c	1124	false	
INLINE?	ui	init_parse_prefs	reference/src/ui-prefs.c	1129	true	identifier present in port sources but not a top-level decl
UNMATCHED	ui	finish_parse_prefs	reference/src/ui-prefs.c	1162	true	
UNMATCHED	ui	process_pref_file_command	reference/src/ui-prefs.c	1185	false	
UNMATCHED	ui	print_error	reference/src/ui-prefs.c	1195	true	
UNMATCHED	ui	process_pref_file_named	reference/src/ui-prefs.c	1212	true	
UNMATCHED	ui	process_pref_file_layered	reference/src/ui-prefs.c	1264	true	
INLINE?	ui	process_pref_file	reference/src/ui-prefs.c	1308	false	identifier present in port sources but not a top-level decl
UNMATCHED	ui	reset_visuals	reference/src/ui-prefs.c	1352	false	
UNMATCHED	ui	textui_prefs_init	reference/src/ui-prefs.c	1427	false	
UNMATCHED	ui	textui_prefs_free	reference/src/ui-prefs.c	1456	false	
INLINE?	ui	do_cmd_pref	reference/src/ui-prefs.c	1479	false	identifier present in port sources but not a top-level decl
UNMATCHED	ui	find_first_subwindow	reference/src/ui-prefs.c	1504	false	
INLINE?	ui	display_score_page	reference/src/ui-score.c	30	true	identifier present in port sources but not a top-level decl
INLINE?	ui	display_scores_aux	reference/src/ui-score.c	117	true	identifier present in port sources but not a top-level decl
MATCH	ui	predict_score	reference/src/ui-score.c	193	false	packages/core/src/score/score.ts:307
UNMATCHED	ui	show_scores	reference/src/ui-score.c	221	false	
UNMATCHED	ui	install_handler	reference/src/ui-signals.c	43	true	
UNMATCHED	ui	handle_signal_disconnect	reference/src/ui-signals.c	66	true	
UNMATCHED	ui	handle_signal_suspend	reference/src/ui-signals.c	77	true	
UNMATCHED	ui	exit_on_signal	reference/src/ui-signals.c	84	true	
UNMATCHED	ui	handle_signal_simple	reference/src/ui-signals.c	106	true	
UNMATCHED	ui	handle_signal_abort	reference/src/ui-signals.c	219	true	
UNMATCHED	ui	signals_protect	reference/src/ui-signals.c	287	false	
UNMATCHED	ui	signals_init	reference/src/ui-signals.c	343	false	
UNMATCHED	ui	signals_protect	reference/src/ui-signals.c	439	false	
UNMATCHED	ui	signals_init	reference/src/ui-signals.c	448	false	
UNMATCHED	ui	signals_perform_deferred_suspend	reference/src/ui-signals.c	460	false	
UNMATCHED	ui	spell_menu_valid	reference/src/ui-spell.c	53	true	
INLINE?	ui	spell_menu_display	reference/src/ui-spell.c	64	true	identifier present in port sources but not a top-level decl
INLINE?	ui	spell_menu_handler	reference/src/ui-spell.c	127	true	identifier present in port sources but not a top-level decl
INLINE?	ui	spell_menu_browser	reference/src/ui-spell.c	147	true	identifier present in port sources but not a top-level decl
INLINE?	ui	spell_menu_new	reference/src/ui-spell.c	221	true	identifier present in port sources but not a top-level decl
UNMATCHED	ui	spell_menu_destroy	reference/src/ui-spell.c	265	true	
UNMATCHED	ui	spell_menu_select	reference/src/ui-spell.c	276	true	
INLINE?	ui	spell_menu_browse	reference/src/ui-spell.c	299	true	identifier present in port sources but not a top-level decl
INLINE?	ui	textui_book_browse	reference/src/ui-spell.c	317	false	identifier present in port sources but not a top-level decl
INLINE?	ui	textui_spell_browse	reference/src/ui-spell.c	334	false	identifier present in port sources but not a top-level decl
UNMATCHED	ui	textui_get_spell_from_book	reference/src/ui-spell.c	354	false	
UNMATCHED	ui	textui_get_spell	reference/src/ui-spell.c	379	false	
UNMATCHED	ui	spoiler_menu_act	reference/src/ui-spoil.c	27	true	
UNMATCHED	ui	do_cmd_spoilers	reference/src/ui-spoil.c	59	false	
MATCH	ui	random_hint	reference/src/ui-store.c	121	true	packages/web/src/shop.ts:155
MATCH	ui	prt_welcome	reference/src/ui-store.c	139	true	packages/web/src/shop.ts:178
INLINE?	ui	store_display_recalc	reference/src/ui-store.c	208	true	identifier present in port sources but not a top-level decl
INLINE?	ui	store_display_entry	reference/src/ui-store.c	266	true	identifier present in port sources but not a top-level decl
INLINE?	ui	store_display_frame	reference/src/ui-store.c	326	true	identifier present in port sources but not a top-level decl
INLINE?	ui	store_display_help	reference/src/ui-store.c	376	true	identifier present in port sources but not a top-level decl
INLINE?	ui	store_redraw	reference/src/ui-store.c	441	true	identifier present in port sources but not a top-level decl
INLINE?	ui	store_get_check	reference/src/ui-store.c	461	true	identifier present in port sources but not a top-level decl
MATCH	ui	store_sell	reference/src/ui-store.c	484	true	packages/core/src/store/transact.ts:302
INLINE?	ui	store_purchase	reference/src/ui-store.c	595	true	identifier present in port sources but not a top-level decl
INLINE?	ui	store_examine	reference/src/ui-store.c	749	true	identifier present in port sources but not a top-level decl
INLINE?	ui	store_menu_set_selections	reference/src/ui-store.c	785	true	identifier present in port sources but not a top-level decl
UNMATCHED	ui	store_menu_recalc	reference/src/ui-store.c	810	true	
INLINE?	ui	store_process_command_key	reference/src/ui-store.c	823	true	identifier present in port sources but not a top-level decl
INLINE?	ui	store_get_stock	reference/src/ui-store.c	868	true	identifier present in port sources but not a top-level decl
UNMATCHED	ui	context_menu_store	reference/src/ui-store.c	902	true	
UNMATCHED	ui	handle_g_context_store_item	reference/src/ui-store.c	950	true	
INLINE?	ui	context_menu_store_item	reference/src/ui-store.c	964	true	identifier present in port sources but not a top-level decl
INLINE?	ui	store_menu_handle	reference/src/ui-store.c	1032	true	identifier present in port sources but not a top-level decl
UNMATCHED	ui	store_menu_init	reference/src/ui-store.c	1189	true	
INLINE?	ui	textui_store_knowledge	reference/src/ui-store.c	1217	false	identifier present in port sources but not a top-level decl
INLINE?	ui	refresh_stock	reference/src/ui-store.c	1239	true	identifier present in port sources but not a top-level decl
UNMATCHED	ui	enter_store	reference/src/ui-store.c	1255	false	
INLINE?	ui	use_store	reference/src/ui-store.c	1274	false	identifier present in port sources but not a top-level decl
UNMATCHED	ui	leave_store	reference/src/ui-store.c	1314	false	
INLINE?	ui	target_dir	reference/src/ui-target.c	71	false	identifier present in port sources but not a top-level decl
MATCH	ui	target_dir_allow	reference/src/ui-target.c	95	false	packages/core/src/game/target-loop.ts:319
INLINE?	ui	target_display_help	reference/src/ui-target.c	169	true	identifier present in port sources but not a top-level decl
UNMATCHED	ui	is_running_keymap	reference/src/ui-target.c	254	true	
INLINE?	ui	adjust_panel_help	reference/src/ui-target.c	282	true	identifier present in port sources but not a top-level decl
UNMATCHED	ui	target_recall_loop_object	reference/src/ui-target.c	376	true	
INLINE?	ui	aux_reinit	reference/src/ui-target.c	431	true	identifier present in port sources but not a top-level decl
INLINE?	ui	aux_hallucinate	reference/src/ui-target.c	473	true	identifier present in port sources but not a top-level decl
INLINE?	ui	aux_monster	reference/src/ui-target.c	516	true	identifier present in port sources but not a top-level decl
INLINE?	ui	aux_trap	reference/src/ui-target.c	696	true	identifier present in port sources but not a top-level decl
INLINE?	ui	aux_object	reference/src/ui-target.c	763	true	identifier present in port sources but not a top-level decl
INLINE?	ui	aux_terrain	reference/src/ui-target.c	893	true	identifier present in port sources but not a top-level decl
UNMATCHED	ui	aux_wrapup	reference/src/ui-target.c	956	true	
INLINE?	ui	target_set_interactive_aux	reference/src/ui-target.c	981	true	identifier present in port sources but not a top-level decl
INLINE?	ui	textui_target	reference/src/ui-target.c	1023	false	identifier present in port sources but not a top-level decl
UNMATCHED	ui	textui_target_closest	reference/src/ui-target.c	1037	false	
INLINE?	ui	draw_path	reference/src/ui-target.c	1072	true	identifier present in port sources but not a top-level decl
UNMATCHED	ui	load_path	reference/src/ui-target.c	1174	true	
UNMATCHED	ui	pile_is_tracked	reference/src/ui-target.c	1192	true	
UNMATCHED	ui	pile_has_known	reference/src/ui-target.c	1204	true	
INLINE?	ui	target_set_interactive	reference/src/ui-target.c	1264	false	identifier present in port sources but not a top-level decl
UNMATCHED	ui	term_win_nuke	reference/src/ui-term.c	329	true	
UNMATCHED	ui	term_win_init	reference/src/ui-term.c	355	true	
UNMATCHED	ui	term_win_copy	reference/src/ui-term.c	392	true	
UNMATCHED	ui	Term_redraw_all	reference/src/ui-term.c	443	false	
INLINE?	ui	Term_xtra	reference/src/ui-term.c	473	false	identifier present in port sources but not a top-level decl
UNMATCHED	ui	Term_curs_hack	reference/src/ui-term.c	491	true	
UNMATCHED	ui	Term_wipe_hack	reference/src/ui-term.c	503	true	
UNMATCHED	ui	Term_text_hack	reference/src/ui-term.c	515	true	
UNMATCHED	ui	Term_pict_hack	reference/src/ui-term.c	528	true	
UNMATCHED	ui	Term_queue_char	reference/src/ui-term.c	551	false	
UNMATCHED	ui	Term_big_queue_char	reference/src/ui-term.c	640	false	
UNMATCHED	ui	Term_queue_chars	reference/src/ui-term.c	693	false	
UNMATCHED	ui	Term_fresh_row_pict	reference/src/ui-term.c	751	true	
UNMATCHED	ui	Term_fresh_row_pict_dblh	reference/src/ui-term.c	843	true	
UNMATCHED	ui	is_padding_changed	reference/src/ui-term.c	1028	true	
UNMATCHED	ui	Term_fresh_row_both	reference/src/ui-term.c	1064	true	
UNMATCHED	ui	Term_fresh_row_both_dblh	reference/src/ui-term.c	1227	true	
UNMATCHED	ui	Term_fresh_row_text	reference/src/ui-term.c	1473	true	
UNMATCHED	ui	Term_mark	reference/src/ui-term.c	1569	false	
UNMATCHED	ui	Term_fresh	reference/src/ui-term.c	1712	false	
UNMATCHED	ui	Term_set_cursor	reference/src/ui-term.c	1998	false	
INLINE?	ui	Term_gotoxy	reference/src/ui-term.c	2016	false	identifier present in port sources but not a top-level decl
UNMATCHED	ui	Term_draw	reference/src/ui-term.c	2042	false	
UNMATCHED	ui	Term_addch	reference/src/ui-term.c	2078	false	
UNMATCHED	ui	Term_addstr	reference/src/ui-term.c	2124	false	
INLINE?	ui	Term_putch	reference/src/ui-term.c	2175	false	identifier present in port sources but not a top-level decl
UNMATCHED	ui	Term_big_putch	reference/src/ui-term.c	2193	false	
INLINE?	ui	Term_putstr	reference/src/ui-term.c	2237	false	identifier present in port sources but not a top-level decl
UNMATCHED	ui	Term_erase	reference/src/ui-term.c	2259	false	
INLINE?	ui	Term_clear	reference/src/ui-term.c	2331	false	identifier present in port sources but not a top-level decl
INLINE?	ui	Term_redraw	reference/src/ui-term.c	2383	false	identifier present in port sources but not a top-level decl
UNMATCHED	ui	Term_redraw_section	reference/src/ui-term.c	2399	false	
UNMATCHED	ui	Term_get_cursor	reference/src/ui-term.c	2453	false	
UNMATCHED	ui	Term_get_size	reference/src/ui-term.c	2466	false	
UNMATCHED	ui	Term_locate	reference/src/ui-term.c	2477	false	
UNMATCHED	ui	Term_what	reference/src/ui-term.c	2496	false	
UNMATCHED	ui	Term_flush	reference/src/ui-term.c	2524	false	
UNMATCHED	ui	log_keypress	reference/src/ui-term.c	2543	true	
UNMATCHED	ui	Term_keypress	reference/src/ui-term.c	2557	false	
INLINE?	ui	Term_key_push	reference/src/ui-term.c	2639	false	identifier present in port sources but not a top-level decl
UNMATCHED	ui	Term_event_push	reference/src/ui-term.c	2648	false	
UNMATCHED	ui	Term_inkey	reference/src/ui-term.c	2686	false	
UNMATCHED	ui	Term_save	reference/src/ui-term.c	2748	false	
UNMATCHED	ui	Term_load	reference/src/ui-term.c	2782	false	
UNMATCHED	ui	Term_load_all	reference/src/ui-term.c	2837	false	
UNMATCHED	ui	Term_resize	reference/src/ui-term.c	2892	false	
UNMATCHED	ui	Term_activate	reference/src/ui-term.c	3072	false	
UNMATCHED	ui	term_nuke	reference/src/ui-term.c	3107	false	
UNMATCHED	ui	term_init	reference/src/ui-term.c	3170	false	
UNMATCHED	ui	big_pad	reference/src/ui-term.c	3234	false	
UNMATCHED	ui	Term_get_first_tile_row	reference/src/ui-term.c	3248	false	
INLINE?	ui	visuals_color_cycle_new	reference/src/ui-visuals.c	62	true	identifier present in port sources but not a top-level decl
UNMATCHED	ui	visuals_color_cycle_free	reference/src/ui-visuals.c	97	true	
INLINE?	ui	visuals_color_cycle_copy	reference/src/ui-visuals.c	126	true	identifier present in port sources but not a top-level decl
INLINE?	ui	visuals_color_cycle_attr_for_frame	reference/src/ui-visuals.c	169	true	identifier present in port sources but not a top-level decl
UNMATCHED	ui	visuals_cycle_group_new	reference/src/ui-visuals.c	200	true	
UNMATCHED	ui	visuals_cycle_group_free	reference/src/ui-visuals.c	232	true	
UNMATCHED	ui	visuals_cycler_new	reference/src/ui-visuals.c	277	true	
UNMATCHED	ui	visuals_cycler_free	reference/src/ui-visuals.c	307	true	
INLINE?	ui	visuals_cycler_cycle_by_name	reference/src/ui-visuals.c	336	true	identifier present in port sources but not a top-level decl
INLINE?	ui	visuals_cycler_get_attr_for_frame	reference/src/ui-visuals.c	384	false	identifier present in port sources but not a top-level decl
INLINE?	ui	visuals_cycler_set_cycle_for_race	reference/src/ui-visuals.c	420	false	identifier present in port sources but not a top-level decl
INLINE?	ui	visuals_cycler_get_attr_for_race	reference/src/ui-visuals.c	468	false	identifier present in port sources but not a top-level decl
INLINE?	ui	visuals_flicker_new	reference/src/ui-visuals.c	515	true	identifier present in port sources but not a top-level decl
UNMATCHED	ui	visuals_flicker_free	reference/src/ui-visuals.c	550	true	
INLINE?	ui	visuals_flicker_set_color	reference/src/ui-visuals.c	574	true	identifier present in port sources but not a top-level decl
INLINE?	ui	visuals_flicker_get_color	reference/src/ui-visuals.c	603	true	identifier present in port sources but not a top-level decl
INLINE?	ui	visuals_flicker_get_attr_for_frame	reference/src/ui-visuals.c	633	false	identifier present in port sources but not a top-level decl
UNMATCHED	ui	visuals_parse_context_new	reference/src/ui-visuals.c	678	true	
UNMATCHED	ui	visuals_parse_context_free	reference/src/ui-visuals.c	726	true	
INLINE?	ui	visuals_parse_context_convert	reference/src/ui-visuals.c	768	true	identifier present in port sources but not a top-level decl
INLINE?	ui	visuals_parse_flicker	reference/src/ui-visuals.c	828	true	identifier present in port sources but not a top-level decl
INLINE?	ui	visuals_parse_flicker_color	reference/src/ui-visuals.c	863	true	identifier present in port sources but not a top-level decl
INLINE?	ui	visuals_parse_cycle	reference/src/ui-visuals.c	900	true	identifier present in port sources but not a top-level decl
INLINE?	ui	visuals_parse_cycle_color	reference/src/ui-visuals.c	1001	true	identifier present in port sources but not a top-level decl
INLINE?	ui	visuals_file_parser_init	reference/src/ui-visuals.c	1038	true	identifier present in port sources but not a top-level decl
UNMATCHED	ui	visuals_file_parser_run	reference/src/ui-visuals.c	1061	true	
UNMATCHED	ui	visuals_file_parser_finish	reference/src/ui-visuals.c	1072	true	
UNMATCHED	ui	visuals_file_parser_cleanup	reference/src/ui-visuals.c	1084	true	
INLINE?	ui	ui_visuals_module_init	reference/src/ui-visuals.c	1105	true	identifier present in port sources but not a top-level decl
UNMATCHED	ui	ui_visuals_module_cleanup	reference/src/ui-visuals.c	1141	true	
UNMATCHED	ui	proj_display	reference/src/ui-wizard.c	37	true	
UNMATCHED	ui	wiz_proj_demo	reference/src/ui-wizard.c	78	false	
UNMATCHED	ui	wiz_display_keylog	reference/src/ui-wizard.c	99	false	
UNMATCHED	ui	get_art_name	reference/src/ui-wizard.c	154	true	
UNMATCHED	ui	wiz_create_item_subdisplay	reference/src/ui-wizard.c	193	true	
UNMATCHED	ui	wiz_create_item_subaction	reference/src/ui-wizard.c	227	true	
UNMATCHED	ui	wiz_create_item_display	reference/src/ui-wizard.c	268	true	
UNMATCHED	ui	wiz_create_item_action	reference/src/ui-wizard.c	287	true	
UNMATCHED	ui	wiz_create_item	reference/src/ui-wizard.c	377	false	
UNMATCHED	ui	wiz_confirm_quit_no_save	reference/src/ui-wizard.c	432	false	
MATCH	ui	wiz_create_artifact	reference/src/ui-wizard.c	443	false	packages/core/src/game/wizard.ts:481
UNMATCHED	ui	wiz_create_nonartifact	reference/src/ui-wizard.c	452	false	
UNMATCHED	ui	wiz_acquire_good	reference/src/ui-wizard.c	461	false	
UNMATCHED	ui	wiz_acquire_great	reference/src/ui-wizard.c	471	false	
UNMATCHED	ui	wiz_create_all_for_tval	reference/src/ui-wizard.c	482	false	
UNMATCHED	ui	wiz_learn_all_object_kinds	reference/src/ui-wizard.c	492	false	
UNMATCHED	ui	wiz_phase_door	reference/src/ui-wizard.c	502	false	
UNMATCHED	ui	wiz_teleport	reference/src/ui-wizard.c	512	false	
UNMATCHED	frontend	lread	reference/src/win/readdib.c	47	true	
UNMATCHED	frontend	MakeDIBPalette	reference/src/win/readdib.c	70	true	
UNMATCHED	frontend	MakeBitmapAndPalette	reference/src/win/readdib.c	128	true	
UNMATCHED	frontend	ReadDIB	reference/src/win/readdib.c	177	false	
UNMATCHED	frontend	FreeDIB	reference/src/win/readdib.c	332	false	
UNMATCHED	frontend	ReadFileFunc	reference/src/win/readpng.c	40	true	
UNMATCHED	frontend	ReadDIB2_PNG	reference/src/win/readpng.c	54	false	
UNMATCHED	frontend	SaveWindow_PNG	reference/src/win/scrnshot.c	38	false	
UNMATCHED	frontend	default_layout_win	reference/src/win/win-layout.c	41	false	
MATCH	engine	wiz_cheat_death	reference/src/wiz-debug.c	28	false	packages/core/src/game/wizard.ts:1077
UNMATCHED	engine	spoiler_out_n_chars	reference/src/wiz-spoil.c	55	true	
INLINE?	engine	spoiler_blanklines	reference/src/wiz-spoil.c	63	true	identifier present in port sources but not a top-level decl
INLINE?	engine	spoiler_underline	reference/src/wiz-spoil.c	71	true	identifier present in port sources but not a top-level decl
MATCH	engine	kind_info	reference/src/wiz-spoil.c	141	true	packages/cli/src/spoilers.ts:234
MATCH	engine	spoil_obj_desc	reference/src/wiz-spoil.c	205	false	packages/cli/src/spoilers.ts:271
MATCH	engine	spoil_artifact	reference/src/wiz-spoil.c	381	false	packages/cli/src/spoilers.ts:360
MATCH	engine	spoil_mon_desc	reference/src/wiz-spoil.c	494	false	packages/cli/src/spoilers.ts:469
MATCH	engine	spoil_mon_info	reference/src/wiz-spoil.c	642	false	packages/cli/src/spoilers.ts:521
UNMATCHED	engine	init_stat_vals	reference/src/wiz-stats.c	410	true	
UNMATCHED	engine	first_find	reference/src/wiz-stats.c	430	true	
UNMATCHED	engine	add_stats	reference/src/wiz-stats.c	448	true	
UNMATCHED	engine	get_obj_data	reference/src/wiz-stats.c	476	true	
UNMATCHED	engine	monster_death_stats	reference/src/wiz-stats.c	1110	true	
UNMATCHED	engine	stats_monster	reference/src/wiz-stats.c	1153	true	
UNMATCHED	engine	print_heading	reference/src/wiz-stats.c	1211	true	
UNMATCHED	engine	print_stats	reference/src/wiz-stats.c	1258	true	
UNMATCHED	engine	mean_and_stdv	reference/src/wiz-stats.c	1311	true	
UNMATCHED	engine	prob_of_find	reference/src/wiz-stats.c	1335	true	
MATCH	engine	total	reference/src/wiz-stats.c	1375	true	packages/core/src/obj/randname.ts:24
UNMATCHED	engine	post_process_stats	reference/src/wiz-stats.c	1390	true	
UNMATCHED	engine	scan_for_objects	reference/src/wiz-stats.c	1435	true	
UNMATCHED	engine	scan_for_monsters	reference/src/wiz-stats.c	1459	true	
UNMATCHED	engine	stats_collect_level	reference/src/wiz-stats.c	1477	true	
INLINE?	engine	uncreate_all_artifacts	reference/src/wiz-stats.c	1494	true	identifier present in port sources but not a top-level decl
INLINE?	engine	revive_uniques	reference/src/wiz-stats.c	1508	true	identifier present in port sources but not a top-level decl
INLINE?	engine	diving_stats	reference/src/wiz-stats.c	1525	true	identifier present in port sources but not a top-level decl
INLINE?	engine	clearing_stats	reference/src/wiz-stats.c	1561	true	identifier present in port sources but not a top-level decl
UNMATCHED	engine	stats_are_enabled	reference/src/wiz-stats.c	1652	false	
INLINE?	engine	stats_collect	reference/src/wiz-stats.c	1666	false	identifier present in port sources but not a top-level decl
MATCH	engine	calc_cave_distances	reference/src/wiz-stats.c	1745	true	packages/cli/src/wiz-stats.ts:352
MATCH	engine	pit_stats	reference/src/wiz-stats.c	1855	false	packages/cli/src/wiz-stats.ts:228
UNMATCHED	engine	initialize_covar	reference/src/wiz-stats.c	2043	true	
UNMATCHED	engine	cleanup_covar	reference/src/wiz-stats.c	2060	true	
UNMATCHED	engine	add_to_covar	reference/src/wiz-stats.c	2066	true	
UNMATCHED	engine	compute_covar	reference/src/wiz-stats.c	2104	true	
UNMATCHED	engine	dump_covar_averages	reference/src/wiz-stats.c	2120	true	
UNMATCHED	engine	dump_covar_var	reference/src/wiz-stats.c	2131	true	
UNMATCHED	engine	add_to_i_sum_sum2	reference/src/wiz-stats.c	2151	true	
UNMATCHED	engine	stddev_i_sum_sum2	reference/src/wiz-stats.c	2162	true	
UNMATCHED	engine	initialize_d_sum_sum2	reference/src/wiz-stats.c	2177	true	
UNMATCHED	engine	add_to_d_sum_sum2	reference/src/wiz-stats.c	2183	true	
UNMATCHED	engine	stddev_d_sum_sum2	reference/src/wiz-stats.c	2189	true	
UNMATCHED	engine	initialize_tunnel_aggregate	reference/src/wiz-stats.c	2220	true	
UNMATCHED	engine	cleanup_tunnel_aggregate	reference/src/wiz-stats.c	2231	true	
UNMATCHED	engine	add_to_tunnel_aggregate	reference/src/wiz-stats.c	2240	true	
UNMATCHED	engine	initialize_grid_count_aggregate	reference/src/wiz-stats.c	2318	true	
UNMATCHED	engine	add_to_grid_count_aggregate	reference/src/wiz-stats.c	2356	true	
UNMATCHED	engine	cgenstat_handle_new_level	reference/src/wiz-stats.c	2456	true	
UNMATCHED	engine	cgenstat_handle_level_end	reference/src/wiz-stats.c	2476	true	
UNMATCHED	engine	cgenstat_handle_new_room	reference/src/wiz-stats.c	2525	true	
UNMATCHED	engine	cgenstat_handle_room_end	reference/src/wiz-stats.c	2538	true	
UNMATCHED	engine	cgenstat_handle_tunnel	reference/src/wiz-stats.c	2552	true	
UNMATCHED	engine	initialize_generation_stats	reference/src/wiz-stats.c	2578	true	
UNMATCHED	engine	cleanup_generation_stats	reference/src/wiz-stats.c	2642	true	
UNMATCHED	engine	dump_generation_stats	reference/src/wiz-stats.c	2689	true	
MATCH	engine	disconnect_stats	reference/src/wiz-stats.c	2962	false	packages/cli/src/wiz-stats.ts:402
UNMATCHED	engine	stats_are_enabled	reference/src/wiz-stats.c	3162	false	
INLINE?	engine	stats_collect	reference/src/wiz-stats.c	3168	false	identifier present in port sources but not a top-level decl
MATCH	engine	disconnect_stats	reference/src/wiz-stats.c	3172	false	packages/cli/src/wiz-stats.ts:402
MATCH	engine	pit_stats	reference/src/wiz-stats.c	3176	false	packages/cli/src/wiz-stats.ts:228
UNMATCHED	engine	stat_grid_counter	reference/src/wiz-stats.c	3205	false	
UNMATCHED	engine	is_easily_traversed	reference/src/wiz-stats.c	3286	true	
UNMATCHED	engine	is_floor_trap	reference/src/wiz-stats.c	3292	true	
UNMATCHED	engine	is_impassable_rubble	reference/src/wiz-stats.c	3298	true	
UNMATCHED	engine	is_passable_rubble	reference/src/wiz-stats.c	3303	true	
UNMATCHED	engine	is_magma_treasure	reference/src/wiz-stats.c	3308	true	
UNMATCHED	engine	is_quartz_treasure	reference/src/wiz-stats.c	3313	true	
UNMATCHED	engine	stat_grid_counter_simple	reference/src/wiz-stats.c	3334	false	
MATCH	zlib	flag_has	reference/src/z-bitflag.c	28	false	packages/core/src/bitflag.ts:87
UNMATCHED	zlib	flag_has_dbg	reference/src/z-bitflag.c	43	false	
MATCH	zlib	flag_next	reference/src/z-bitflag.c	70	false	packages/core/src/bitflag.ts:100
MATCH	zlib	flag_count	reference/src/z-bitflag.c	91	false	packages/core/src/bitflag.ts:109
MATCH	zlib	flag_is_empty	reference/src/z-bitflag.c	114	false	packages/core/src/bitflag.ts:120
MATCH	zlib	flag_is_full	reference/src/z-bitflag.c	131	false	packages/core/src/bitflag.ts:131
MATCH	zlib	flag_is_inter	reference/src/z-bitflag.c	148	false	packages/core/src/bitflag.ts:139
MATCH	zlib	flag_is_subset	reference/src/z-bitflag.c	166	false	packages/core/src/bitflag.ts:151
MATCH	zlib	flag_is_equal	reference/src/z-bitflag.c	184	false	packages/core/src/bitflag.ts:160
MATCH	zlib	flag_on	reference/src/z-bitflag.c	198	false	packages/core/src/bitflag.ts:172
UNMATCHED	zlib	flag_on_dbg	reference/src/z-bitflag.c	213	false	
MATCH	zlib	flag_off	reference/src/z-bitflag.c	239	false	packages/core/src/bitflag.ts:185
MATCH	zlib	flag_wipe	reference/src/z-bitflag.c	259	false	packages/core/src/bitflag.ts:195
MATCH	zlib	flag_setall	reference/src/z-bitflag.c	270	false	packages/core/src/bitflag.ts:200
MATCH	zlib	flag_negate	reference/src/z-bitflag.c	281	false	packages/core/src/bitflag.ts:205
MATCH	zlib	flag_copy	reference/src/z-bitflag.c	296	false	packages/core/src/bitflag.ts:212
MATCH	zlib	flag_union	reference/src/z-bitflag.c	309	false	packages/core/src/bitflag.ts:221
MATCH	zlib	flag_inter	reference/src/z-bitflag.c	332	false	packages/core/src/bitflag.ts:239
MATCH	zlib	flag_diff	reference/src/z-bitflag.c	356	false	packages/core/src/bitflag.ts:255
MATCH	zlib	flags_test	reference/src/z-bitflag.c	383	false	packages/core/src/bitflag.ts:328
MATCH	zlib	flags_test_all	reference/src/z-bitflag.c	421	false	packages/core/src/bitflag.ts:336
MATCH	zlib	flags_clear	reference/src/z-bitflag.c	460	false	packages/core/src/bitflag.ts:346
MATCH	zlib	flags_set	reference/src/z-bitflag.c	499	false	packages/core/src/bitflag.ts:355
MATCH	zlib	flags_init	reference/src/z-bitflag.c	537	false	packages/core/src/bitflag.ts:364
MATCH	zlib	flags_mask	reference/src/z-bitflag.c	563	false	packages/core/src/bitflag.ts:374
MATCH	zlib	color_char_to_attr	reference/src/z-color.c	165	false	packages/core/src/color.ts:150
MATCH	zlib	color_text_to_attr	reference/src/z-color.c	191	false	packages/core/src/color.ts:160
MATCH	zlib	attr_to_text	reference/src/z-color.c	208	false	packages/core/src/color.ts:231
MATCH	zlib	get_color	reference/src/z-color.c	228	false	packages/core/src/color.ts:254
UNMATCHED	zlib	build_gamma_table	reference/src/z-color.c	320	false	
INLINE?	zlib	dice_input_for_char	reference/src/z-dice.c	86	true	identifier present in port sources but not a top-level decl
INLINE?	zlib	dice_parse_state_transition	reference/src/z-dice.c	128	true	identifier present in port sources but not a top-level decl
INLINE?	zlib	dice_reset	reference/src/z-dice.c	161	true	identifier present in port sources but not a top-level decl
INLINE?	zlib	dice_new	reference/src/z-dice.c	195	false	identifier present in port sources but not a top-level decl
INLINE?	zlib	dice_free	reference/src/z-dice.c	210	false	identifier present in port sources but not a top-level decl
INLINE?	zlib	dice_add_variable	reference/src/z-dice.c	233	true	identifier present in port sources but not a top-level decl
INLINE?	zlib	dice_bind_expression	reference/src/z-dice.c	268	false	identifier present in port sources but not a top-level decl
INLINE?	zlib	dice_parse_string	reference/src/z-dice.c	309	false	identifier present in port sources but not a top-level decl
INLINE?	zlib	dice_random_value	reference/src/z-dice.c	506	false	identifier present in port sources but not a top-level decl
INLINE?	zlib	dice_evaluate	reference/src/z-dice.c	557	false	identifier present in port sources but not a top-level decl
INLINE?	zlib	dice_roll	reference/src/z-dice.c	579	false	identifier present in port sources but not a top-level decl
INLINE?	zlib	dice_test_values	reference/src/z-dice.c	597	false	identifier present in port sources but not a top-level decl
INLINE?	zlib	dice_test_variables	reference/src/z-dice.c	611	false	identifier present in port sources but not a top-level decl
INLINE?	zlib	expression_operator_from_token	reference/src/z-expression.c	87	true	identifier present in port sources but not a top-level decl
INLINE?	zlib	expression_input_for_operator	reference/src/z-expression.c	119	true	identifier present in port sources but not a top-level decl
INLINE?	zlib	expression_new	reference/src/z-expression.c	140	false	identifier present in port sources but not a top-level decl
INLINE?	zlib	expression_free	reference/src/z-expression.c	164	false	identifier present in port sources but not a top-level decl
INLINE?	zlib	expression_copy	reference/src/z-expression.c	180	false	identifier present in port sources but not a top-level decl
INLINE?	zlib	expression_set_base_value	reference/src/z-expression.c	216	false	identifier present in port sources but not a top-level decl
INLINE?	zlib	expression_evaluate	reference/src/z-expression.c	226	false	identifier present in port sources but not a top-level decl
INLINE?	zlib	expression_add_operation	reference/src/z-expression.c	262	true	identifier present in port sources but not a top-level decl
INLINE?	zlib	expression_add_operations_string	reference/src/z-expression.c	287	false	identifier present in port sources but not a top-level decl
MATCH	zlib	expression_test_copy	reference/src/z-expression.c	402	false	packages/core/src/expression.ts:355
UNMATCHED	zlib	safe_setuid_drop	reference/src/z-file.c	77	false	
UNMATCHED	zlib	safe_setuid_grab	reference/src/z-file.c	98	false	
UNMATCHED	zlib	path_parse	reference/src/z-file.c	121	true	
UNMATCHED	zlib	path_process	reference/src/z-file.c	128	true	
UNMATCHED	zlib	path_build	reference/src/z-file.c	176	false	
UNMATCHED	zlib	path_normalize	reference/src/z-file.c	221	false	
UNMATCHED	zlib	path_filename_index	reference/src/z-file.c	781	false	
UNMATCHED	zlib	file_delete	reference/src/z-file.c	837	false	
UNMATCHED	zlib	file_move	reference/src/z-file.c	850	false	
INLINE?	zlib	file_exists	reference/src/z-file.c	869	false	identifier present in port sources but not a top-level decl
INLINE?	zlib	file_exists	reference/src/z-file.c	877	false	identifier present in port sources but not a top-level decl
INLINE?	zlib	file_exists	reference/src/z-file.c	894	false	identifier present in port sources but not a top-level decl
UNMATCHED	zlib	file_get_savefile	reference/src/z-file.c	909	false	
UNMATCHED	zlib	file_get_tempfile	reference/src/z-file.c	937	false	
UNMATCHED	zlib	file_newer	reference/src/z-file.c	952	false	
UNMATCHED	zlib	file_open	reference/src/z-file.c	981	false	
UNMATCHED	zlib	file_close	reference/src/z-file.c	1036	false	
UNMATCHED	zlib	file_lock	reference/src/z-file.c	1054	false	
UNMATCHED	zlib	file_unlock	reference/src/z-file.c	1070	false	
UNMATCHED	zlib	file_skip	reference/src/z-file.c	1089	false	
UNMATCHED	zlib	file_readc	reference/src/z-file.c	1097	false	
UNMATCHED	zlib	file_writec	reference/src/z-file.c	1111	false	
UNMATCHED	zlib	file_read	reference/src/z-file.c	1119	false	
UNMATCHED	zlib	file_write	reference/src/z-file.c	1132	false	
UNMATCHED	zlib	file_getl	reference/src/z-file.c	1149	false	
UNMATCHED	zlib	file_put	reference/src/z-file.c	1208	false	
INLINE?	zlib	file_putf	reference/src/z-file.c	1225	false	identifier present in port sources but not a top-level decl
UNMATCHED	zlib	file_vputf	reference/src/z-file.c	1245	false	
UNMATCHED	zlib	dir_exists	reference/src/z-file.c	1256	false	
UNMATCHED	zlib	dir_create	reference/src/z-file.c	1272	false	
UNMATCHED	zlib	dir_create	reference/src/z-file.c	1315	false	
UNMATCHED	zlib	my_dopen	reference/src/z-file.c	1339	false	
UNMATCHED	zlib	alter_ang_dir_only_files	reference/src/z-file.c	1364	false	
UNMATCHED	zlib	my_dread	reference/src/z-file.c	1372	false	
UNMATCHED	zlib	my_dclose	reference/src/z-file.c	1416	false	
UNMATCHED	zlib	my_dopen	reference/src/z-file.c	1439	false	
UNMATCHED	zlib	alter_ang_dir_only_files	reference/src/z-file.c	1464	false	
UNMATCHED	zlib	my_dread	reference/src/z-file.c	1472	false	
UNMATCHED	zlib	my_dclose	reference/src/z-file.c	1505	false	
UNMATCHED	zlib	vstrnfmt	reference/src/z-form.c	185	false	
UNMATCHED	zlib	strnfcat	reference/src/z-form.c	539	false	
UNMATCHED	zlib	vformat	reference/src/z-form.c	570	false	
UNMATCHED	zlib	vformat_kill	reference/src/z-form.c	604	false	
INLINE?	zlib	strnfmt	reference/src/z-form.c	613	false	identifier present in port sources but not a top-level decl
MATCH	zlib	format	reference/src/z-form.c	639	false	packages/web/src/messages.ts:102
UNMATCHED	zlib	plog_fmt	reference/src/z-form.c	663	false	
UNMATCHED	zlib	quit_fmt	reference/src/z-form.c	686	false	
INLINE?	zlib	quark_add	reference/src/z-quark.c	31	false	identifier present in port sources but not a top-level decl
UNMATCHED	zlib	quark_str	reference/src/z-quark.c	51	false	
UNMATCHED	zlib	quarks_init	reference/src/z-quark.c	56	false	
UNMATCHED	zlib	quarks_free	reference/src/z-quark.c	63	false	
UNMATCHED	zlib	q_new	reference/src/z-queue.c	32	false	
UNMATCHED	zlib	q_resize	reference/src/z-queue.c	46	false	
INLINE?	zlib	q_size	reference/src/z-queue.c	82	false	identifier present in port sources but not a top-level decl
UNMATCHED	zlib	q_len	reference/src/z-queue.c	88	false	
UNMATCHED	zlib	q_push	reference/src/z-queue.c	93	false	
UNMATCHED	zlib	q_pop	reference/src/z-queue.c	99	false	
UNMATCHED	zlib	q_free	reference/src/z-queue.c	106	false	
UNMATCHED	zlib	up_heap	reference/src/z-queue.c	115	true	
UNMATCHED	zlib	down_heap	reference/src/z-queue.c	139	true	
UNMATCHED	zlib	qp_new	reference/src/z-queue.c	194	false	
UNMATCHED	zlib	qp_resize	reference/src/z-queue.c	224	false	
UNMATCHED	zlib	qp_flush	reference/src/z-queue.c	251	false	
UNMATCHED	zlib	qp_free	reference/src/z-queue.c	271	false	
UNMATCHED	zlib	qp_size	reference/src/z-queue.c	291	false	
UNMATCHED	zlib	qp_len	reference/src/z-queue.c	300	false	
UNMATCHED	zlib	qp_push_int	reference/src/z-queue.c	317	false	
UNMATCHED	zlib	qp_push_ptr	reference/src/z-queue.c	337	false	
UNMATCHED	zlib	qp_pop_int	reference/src/z-queue.c	358	false	
UNMATCHED	zlib	qp_pop_ptr	reference/src/z-queue.c	382	false	
UNMATCHED	zlib	qp_pushpop_int	reference/src/z-queue.c	410	false	
UNMATCHED	zlib	qp_pushpop_ptr	reference/src/z-queue.c	449	false	
UNMATCHED	zlib	qp_peek_int	reference/src/z-queue.c	478	false	
UNMATCHED	zlib	qp_peek_ptr	reference/src/z-queue.c	490	false	
UNMATCHED	zlib	qp_isinvalid	reference/src/z-queue.c	500	false	
INLINE?	zlib	WELLRNG1024a	reference/src/z-rand.c	70	true	identifier present in port sources but not a top-level decl
INLINE?	zlib	Rand_state_init	reference/src/z-rand.c	104	false	identifier present in port sources but not a top-level decl
INLINE?	zlib	Rand_init	reference/src/z-rand.c	131	false	identifier present in port sources but not a top-level decl
INLINE?	zlib	Rand_div	reference/src/z-rand.c	168	false	identifier present in port sources but not a top-level decl
INLINE?	zlib	Rand_normal	reference/src/z-rand.c	287	false	identifier present in port sources but not a top-level decl
INLINE?	zlib	Rand_sample	reference/src/z-rand.c	335	false	identifier present in port sources but not a top-level decl
INLINE?	zlib	damroll	reference/src/z-rand.c	356	false	identifier present in port sources but not a top-level decl
INLINE?	zlib	damcalc	reference/src/z-rand.c	373	false	identifier present in port sources but not a top-level decl
INLINE?	zlib	rand_range	reference/src/z-rand.c	394	false	identifier present in port sources but not a top-level decl
INLINE?	zlib	simulate_division	reference/src/z-rand.c	407	true	identifier present in port sources but not a top-level decl
INLINE?	zlib	m_bonus	reference/src/z-rand.c	455	false	identifier present in port sources but not a top-level decl
INLINE?	zlib	m_bonus_calc	reference/src/z-rand.c	484	false	identifier present in port sources but not a top-level decl
INLINE?	zlib	randcalc	reference/src/z-rand.c	502	false	identifier present in port sources but not a top-level decl
INLINE?	zlib	randcalc_valid	reference/src/z-rand.c	520	false	identifier present in port sources but not a top-level decl
INLINE?	zlib	randcalc_varies	reference/src/z-rand.c	533	false	identifier present in port sources but not a top-level decl
INLINE?	zlib	random_chance_check	reference/src/z-rand.c	543	false	identifier present in port sources but not a top-level decl
MATCH	zlib	random_chance_scaled	reference/src/z-rand.c	558	false	packages/core/src/rng.ts:426
INLINE?	zlib	rand_fix	reference/src/z-rand.c	569	false	identifier present in port sources but not a top-level decl
UNMATCHED	zlib	Rand_simple	reference/src/z-rand.c	579	false	
UNMATCHED	zlib	textblock_new	reference/src/z-textblock.c	57	false	
UNMATCHED	zlib	textblock_free	reference/src/z-textblock.c	71	false	
UNMATCHED	zlib	textblock_resize_if_needed	reference/src/z-textblock.c	85	true	
UNMATCHED	zlib	textblock_vappend_c	reference/src/z-textblock.c	97	true	
UNMATCHED	zlib	textblock_append_pict	reference/src/z-textblock.c	139	false	
UNMATCHED	zlib	textblock_append_textblock	reference/src/z-textblock.c	153	false	
INLINE?	zlib	textblock_append	reference/src/z-textblock.c	166	false	identifier present in port sources but not a top-level decl
INLINE?	zlib	textblock_append_c	reference/src/z-textblock.c	179	false	identifier present in port sources but not a top-level decl
UNMATCHED	zlib	textblock_text	reference/src/z-textblock.c	193	false	
UNMATCHED	zlib	textblock_attrs	reference/src/z-textblock.c	201	false	
UNMATCHED	zlib	new_line	reference/src/z-textblock.c	206	true	
UNMATCHED	zlib	textblock_calculate_lines	reference/src/z-textblock.c	238	false	
INLINE?	zlib	textblock_to_file	reference/src/z-textblock.c	321	false	identifier present in port sources but not a top-level decl
UNMATCHED	zlib	text_out_to_file	reference/src/z-textblock.c	409	false	
INLINE?	zlib	text_out	reference/src/z-textblock.c	518	false	identifier present in port sources but not a top-level decl
INLINE?	zlib	text_out_c	reference/src/z-textblock.c	541	false	identifier present in port sources but not a top-level decl
UNMATCHED	zlib	next_section	reference/src/z-textblock.c	575	true	
UNMATCHED	zlib	text_out_e	reference/src/z-textblock.c	649	false	
UNMATCHED	zlib	text_lines_to_file	reference/src/z-textblock.c	703	false	
MATCH	zlib	loc	reference/src/z-type.c	23	false	packages/core/src/loc.ts:19 | packages/core/src/loc.ts:13
MATCH	zlib	loc_eq	reference/src/z-type.c	33	false	packages/core/src/loc.ts:24
MATCH	zlib	loc_is_zero	reference/src/z-type.c	41	false	packages/core/src/loc.ts:29
MATCH	zlib	loc_sum	reference/src/z-type.c	49	false	packages/core/src/loc.ts:34
MATCH	zlib	loc_diff	reference/src/z-type.c	57	false	packages/core/src/loc.ts:39
MATCH	zlib	rand_loc	reference/src/z-type.c	65	false	packages/core/src/loc.ts:49
MATCH	zlib	loc_offset	reference/src/z-type.c	70	false	packages/core/src/loc.ts:44
UNMATCHED	zlib	point_set_new	reference/src/z-type.c	78	false	
UNMATCHED	zlib	point_set_dispose	reference/src/z-type.c	87	false	
UNMATCHED	zlib	add_to_point_set	reference/src/z-type.c	97	false	
UNMATCHED	zlib	point_set_size	reference/src/z-type.c	107	false	
UNMATCHED	zlib	point_set_contains	reference/src/z-type.c	112	false	
UNMATCHED	zlib	utf8_strlen	reference/src/z-util.c	66	false	
INLINE?	zlib	utf8_clipto	reference/src/z-util.c	80	false	identifier present in port sources but not a top-level decl
UNMATCHED	zlib	utf8_fskip	reference/src/z-util.c	115	false	
UNMATCHED	zlib	utf8_rskip	reference/src/z-util.c	149	false	
UNMATCHED	zlib	utf32_to_utf8	reference/src/z-util.c	182	false	
UNMATCHED	zlib	utf32_isprint	reference/src/z-util.c	268	false	
INLINE?	zlib	my_stricmp	reference/src/z-util.c	386	false	identifier present in port sources but not a top-level decl
UNMATCHED	zlib	my_strnicmp	reference/src/z-util.c	418	false	
UNMATCHED	zlib	my_stristr	reference/src/z-util.c	441	false	
INLINE?	zlib	my_strcpy	reference/src/z-util.c	480	false	identifier present in port sources but not a top-level decl
UNMATCHED	zlib	my_strcat	reference/src/z-util.c	512	false	
MATCH	zlib	my_strcap	reference/src/z-util.c	529	false	packages/core/src/obj/randart.ts:193
INLINE?	zlib	streq	reference/src/z-util.c	540	false	identifier present in port sources but not a top-level decl
INLINE?	zlib	suffix	reference/src/z-util.c	549	false	identifier present in port sources but not a top-level decl
UNMATCHED	zlib	suffix_i	reference/src/z-util.c	565	false	
INLINE?	zlib	prefix	reference/src/z-util.c	581	false	identifier present in port sources but not a top-level decl
UNMATCHED	zlib	prefix_i	reference/src/z-util.c	598	false	
UNMATCHED	zlib	strskip	reference/src/z-util.c	620	false	
UNMATCHED	zlib	strescape	reference/src/z-util.c	652	false	
UNMATCHED	zlib	hex_char_to_int	reference/src/z-util.c	673	true	
UNMATCHED	zlib	hex_str_to_int	reference/src/z-util.c	688	false	
UNMATCHED	zlib	strunescape	reference/src/z-util.c	706	false	
MATCH	zlib	contains_only_spaces	reference/src/z-util.c	801	false	packages/core/src/effects/effect.ts:124 | packages/content/src/parser.ts:194
MATCH	zlib	is_a_vowel	reference/src/z-util.c	811	false	packages/core/src/game/target-loop.ts:86 | packages/core/src/mon/desc.ts:64 | packages/core/src/obj/desc.ts:103 | packages/core/src/obj/object-info.ts:260 | packages/core/src/obj/randname.ts:39
UNMATCHED	zlib	text_mbstowcs	reference/src/z-util.c	831	false	
UNMATCHED	zlib	text_wctomb	reference/src/z-util.c	848	false	
UNMATCHED	zlib	text_wcsz	reference/src/z-util.c	857	false	
UNMATCHED	zlib	text_iswprint	reference/src/z-util.c	865	false	
UNMATCHED	zlib	text_wcschr	reference/src/z-util.c	875	false	
UNMATCHED	zlib	text_wcslen	reference/src/z-util.c	884	false	
UNMATCHED	zlib	plog	reference/src/z-util.c	898	false	
INLINE?	zlib	quit	reference/src/z-util.c	919	false	identifier present in port sources but not a top-level decl
MATCH	zlib	add_guardi	reference/src/z-util.c	937	false	packages/core/src/guard.ts:25
MATCH	zlib	sub_guardi	reference/src/z-util.c	949	false	packages/core/src/guard.ts:33
MATCH	zlib	add_guardi16	reference/src/z-util.c	960	false	packages/core/src/guard.ts:41
MATCH	zlib	sub_guardi16	reference/src/z-util.c	972	false	packages/core/src/guard.ts:49
UNMATCHED	zlib	ini_u16n	reference/src/z-util.c	992	true	
UNMATCHED	zlib	zer_u16n	reference/src/z-util.c	1012	true	
UNMATCHED	zlib	ext_u16n	reference/src/z-util.c	1029	true	
UNMATCHED	zlib	msb_u16n	reference/src/z-util.c	1059	true	
UNMATCHED	zlib	cmp_u16n	reference/src/z-util.c	1102	true	
UNMATCHED	zlib	addip_u16n	reference/src/z-util.c	1149	true	
UNMATCHED	zlib	subip_u16n	reference/src/z-util.c	1188	true	
UNMATCHED	zlib	mul_u16n	reference/src/z-util.c	1245	true	
UNMATCHED	zlib	div_u16n	reference/src/z-util.c	1309	true	
MATCH	zlib	mean	reference/src/z-util.c	1389	false	packages/core/src/obj/randart-data.ts:236
MATCH	zlib	variance	reference/src/z-util.c	1516	false	packages/core/src/obj/randart-data.ts:248
MATCH	zlib	gcd	reference/src/z-util.c	1679	false	packages/core/src/obj/object-info.ts:685
UNMATCHED	zlib	my_rational_construct	reference/src/z-util.c	1694	false	
UNMATCHED	zlib	my_rational_to_uint	reference/src/z-util.c	1722	false	
UNMATCHED	zlib	my_rational_product	reference/src/z-util.c	1823	false	
UNMATCHED	zlib	my_rational_sum	reference/src/z-util.c	1923	false	
INLINE?	zlib	sort	reference/src/z-util.c	2037	false	identifier present in port sources but not a top-level decl
MATCH	zlib	djb2_hash	reference/src/z-util.c	2043	false	packages/core/src/sound/engine.ts:27
UNMATCHED	zlib	mem_alloc	reference/src/z-virt.c	30	false	
INLINE?	zlib	mem_zalloc	reference/src/z-virt.c	44	false	identifier present in port sources but not a top-level decl
UNMATCHED	zlib	mem_free	reference/src/z-virt.c	52	false	
UNMATCHED	zlib	mem_realloc	reference/src/z-virt.c	57	false	
UNMATCHED	zlib	string_make	reference/src/z-virt.c	73	false	
UNMATCHED	zlib	string_free	reference/src/z-virt.c	91	false	
INLINE?	zlib	string_append	reference/src/z-virt.c	96	false	identifier present in port sources but not a top-level decl
